[2026-06-05 18:48:10] === INICIO DE PETICIÓN ===
[2026-06-05 18:48:10] POST data: Array
(
    [action] => get_alumnos
    [curso_id] => 16
)

[2026-06-05 18:48:10] Sesión activa - DNI: 98989898
[2026-06-05 18:48:10] Rol: Admin
[2026-06-05 18:48:10] Conexión a BD exitosa
[2026-06-05 18:48:10] Action: get_alumnos
[2026-06-05 18:48:10] === PROCESANDO get_alumnos ===
[2026-06-05 18:48:10] Curso ID: 16
[2026-06-05 18:48:10] Query alumnos: SELECT u.DNI_U, u.Nombre, u.Apellido
              FROM usuario u
              WHERE u.id_curso = '16'
              AND u.ID_rol = 3
              AND u.ID_Estado = 1
              ORDER BY u.Apellido, u.Nombre
[2026-06-05 18:48:10] Alumnos encontrados: 22
[2026-06-05 18:58:49] === INICIO DE PETICIÓN ===
[2026-06-05 18:58:49] POST data: Array
(
    [action] => get_alumnos
    [curso_id] => 16
)

[2026-06-05 18:58:49] Sesión activa - DNI: 98989898
[2026-06-05 18:58:49] Rol: Admin
[2026-06-05 18:58:49] Conexión a BD exitosa
[2026-06-05 18:58:49] Action: get_alumnos
[2026-06-05 18:58:49] === PROCESANDO get_alumnos ===
[2026-06-05 18:58:49] Curso ID: 16
[2026-06-05 18:58:49] Query alumnos: SELECT u.DNI_U, u.Nombre, u.Apellido
              FROM usuario u
              WHERE u.id_curso = '16'
              AND u.ID_rol = 3
              AND u.ID_Estado = 1
              ORDER BY u.Apellido, u.Nombre
[2026-06-05 18:58:49] Alumnos encontrados: 22
[2026-06-05 18:58:53] === INICIO DE PETICIÓN ===
[2026-06-05 18:58:53] POST data: Array
(
    [action] => get_materias_y_talleres_por_anio
    [anio] => 1
)

[2026-06-05 18:58:53] Sesión activa - DNI: 98989898
[2026-06-05 18:58:53] Rol: Admin
[2026-06-05 18:58:53] Conexión a BD exitosa
[2026-06-05 18:58:53] Action: get_materias_y_talleres_por_anio
[2026-06-05 18:58:53] === PROCESANDO get_materias_y_talleres_por_anio ===
[2026-06-05 18:58:53] Año: 1
[2026-06-05 18:58:53] Query materias: SELECT DISTINCT m.ID_materia, m.Nom_materia
                       FROM materia m
                       INNER JOIN curso c ON m.id_curso = c.ID_curso
                       WHERE c.curso = '1'
                       AND c.division = 'A'
                       AND m.Nom_materia NOT LIKE '%Taller%'
                       AND m.Nom_materia NOT LIKE '%Tutorias%'
                       AND m.Nom_materia NOT LIKE '%Tutoría%'
                       ORDER BY m.Nom_materia
[2026-06-05 18:58:53] Materias encontradas: 10
[2026-06-05 18:58:53] Query talleres: SELECT ID_taller, nombre 
                           FROM talleres 
                           WHERE anio_taller = 'I' 
                           AND activo = 1
                           ORDER BY nombre
[2026-06-05 18:58:53] Talleres encontrados: 6
[2026-06-05 18:58:53] Total items a enviar: 16
[2026-06-05 18:58:57] === INICIO DE PETICIÓN ===
[2026-06-05 18:58:57] POST data: Array
(
    [action] => guardar_previa
    [alumno_id] => 49391150
    [tipo_item] => taller
    [tipo_previa] => 2
    [id_taller] => 10
)

[2026-06-05 18:58:57] Sesión activa - DNI: 98989898
[2026-06-05 18:58:57] Rol: Admin
[2026-06-05 18:58:57] Conexión a BD exitosa
[2026-06-05 18:58:57] Action: guardar_previa
[2026-06-05 18:58:57] === PROCESANDO guardar_previa ===
[2026-06-05 18:58:57] alumno_id: 49391150
[2026-06-05 18:58:57] id_materia: NULL
[2026-06-05 18:58:57] id_taller: 10
[2026-06-05 18:58:57] tipo_item: taller
[2026-06-05 18:58:57] tipo_previa: 2
[2026-06-05 18:58:57] Query check: SELECT ID_previas FROM previas WHERE DNI_U = '49391150' AND ID_taller = '10' AND ID_materia IS NULL
[2026-06-05 18:58:57] Query insert: INSERT INTO previas (DNI_U, ID_materia, ID_taller, Aprobado, ID_tp) 
                  VALUES ('49391150', NULL, '10', 0, '2')
[2026-06-05 19:02:12] === INICIO DE PETICIÓN ===
[2026-06-05 19:02:12] POST data: Array
(
    [action] => get_alumnos
    [curso_id] => 16
)

[2026-06-05 19:02:12] Sesión activa - DNI: 98989898
[2026-06-05 19:02:12] Rol: Admin
[2026-06-05 19:02:12] Conexión a BD exitosa
[2026-06-05 19:02:12] Action: get_alumnos
[2026-06-05 19:02:12] === PROCESANDO get_alumnos ===
[2026-06-05 19:02:12] Curso ID: 16
[2026-06-05 19:02:12] Query alumnos: SELECT u.DNI_U, u.Nombre, u.Apellido
              FROM usuario u
              WHERE u.id_curso = '16'
              AND u.ID_rol = 3
              AND u.ID_Estado = 1
              ORDER BY u.Apellido, u.Nombre
[2026-06-05 19:02:12] Alumnos encontrados: 22
[2026-06-05 19:02:14] === INICIO DE PETICIÓN ===
[2026-06-05 19:02:14] POST data: Array
(
    [action] => get_materias_y_talleres_por_anio
    [anio] => 1
)

[2026-06-05 19:02:14] Sesión activa - DNI: 98989898
[2026-06-05 19:02:14] Rol: Admin
[2026-06-05 19:02:14] Conexión a BD exitosa
[2026-06-05 19:02:14] Action: get_materias_y_talleres_por_anio
[2026-06-05 19:02:14] === PROCESANDO get_materias_y_talleres_por_anio ===
[2026-06-05 19:02:14] Año: 1
[2026-06-05 19:02:14] Query materias: SELECT DISTINCT m.ID_materia, m.Nom_materia
                       FROM materia m
                       INNER JOIN curso c ON m.id_curso = c.ID_curso
                       WHERE c.curso = '1'
                       AND c.division = 'A'
                       AND m.Nom_materia NOT LIKE '%Taller%'
                       AND m.Nom_materia NOT LIKE '%Tutorias%'
                       AND m.Nom_materia NOT LIKE '%Tutoría%'
                       ORDER BY m.Nom_materia
[2026-06-05 19:02:14] Materias encontradas: 10
[2026-06-05 19:02:14] Query talleres: SELECT ID_taller, nombre 
                           FROM talleres 
                           WHERE anio_taller = 'I' 
                           AND activo = 1
                           ORDER BY nombre
[2026-06-05 19:02:14] Talleres encontrados: 6
[2026-06-05 19:02:14] Total items a enviar: 16
[2026-06-05 19:02:20] === INICIO DE PETICIÓN ===
[2026-06-05 19:02:20] POST data: Array
(
    [action] => guardar_previa
    [alumno_id] => 49391150
    [tipo_item] => taller
    [tipo_previa] => 2
    [id_taller] => 10
)

[2026-06-05 19:02:20] Sesión activa - DNI: 98989898
[2026-06-05 19:02:20] Rol: Admin
[2026-06-05 19:02:20] Conexión a BD exitosa
[2026-06-05 19:02:20] Action: guardar_previa
[2026-06-05 19:02:20] === PROCESANDO guardar_previa ===
[2026-06-05 19:02:20] alumno_id: 49391150
[2026-06-05 19:02:20] id_materia: NULL
[2026-06-05 19:02:20] id_taller: 10
[2026-06-05 19:02:20] tipo_item: taller
[2026-06-05 19:02:20] tipo_previa: 2
[2026-06-05 19:02:20] Query check: SELECT ID_previas FROM previas WHERE DNI_U = '49391150' AND ID_taller = '10' AND ID_materia IS NULL
[2026-06-05 19:02:20] Query insert: INSERT INTO previas (DNI_U, ID_materia, ID_taller, Aprobado, ID_tp) 
                  VALUES ('49391150', NULL, '10', 0, '2')
[2026-06-05 19:02:20] Previa guardada correctamente - filas afectadas: 1
[2026-06-05 19:03:09] === INICIO DE PETICIÓN ===
[2026-06-05 19:03:09] POST data: Array
(
    [action] => get_alumnos
    [curso_id] => 16
)

[2026-06-05 19:03:09] Sesión activa - DNI: 98989898
[2026-06-05 19:03:09] Rol: Admin
[2026-06-05 19:03:09] Conexión a BD exitosa
[2026-06-05 19:03:09] Action: get_alumnos
[2026-06-05 19:03:09] === PROCESANDO get_alumnos ===
[2026-06-05 19:03:09] Curso ID: 16
[2026-06-05 19:03:09] Query alumnos: SELECT u.DNI_U, u.Nombre, u.Apellido
              FROM usuario u
              WHERE u.id_curso = '16'
              AND u.ID_rol = 3
              AND u.ID_Estado = 1
              ORDER BY u.Apellido, u.Nombre
[2026-06-05 19:03:09] Alumnos encontrados: 22
[2026-06-05 19:03:13] === INICIO DE PETICIÓN ===
[2026-06-05 19:03:13] POST data: Array
(
    [action] => get_materias_y_talleres_por_anio
    [anio] => 1
)

[2026-06-05 19:03:13] Sesión activa - DNI: 98989898
[2026-06-05 19:03:13] Rol: Admin
[2026-06-05 19:03:13] Conexión a BD exitosa
[2026-06-05 19:03:13] Action: get_materias_y_talleres_por_anio
[2026-06-05 19:03:13] === PROCESANDO get_materias_y_talleres_por_anio ===
[2026-06-05 19:03:13] Año: 1
[2026-06-05 19:03:13] Query materias: SELECT DISTINCT m.ID_materia, m.Nom_materia
                       FROM materia m
                       INNER JOIN curso c ON m.id_curso = c.ID_curso
                       WHERE c.curso = '1'
                       AND c.division = 'A'
                       AND m.Nom_materia NOT LIKE '%Taller%'
                       AND m.Nom_materia NOT LIKE '%Tutorias%'
                       AND m.Nom_materia NOT LIKE '%Tutoría%'
                       ORDER BY m.Nom_materia
[2026-06-05 19:03:13] Materias encontradas: 10
[2026-06-05 19:03:13] Query talleres: SELECT ID_taller, nombre 
                           FROM talleres 
                           WHERE anio_taller = 'I' 
                           AND activo = 1
                           ORDER BY nombre
[2026-06-05 19:03:13] Talleres encontrados: 6
[2026-06-05 19:03:13] Total items a enviar: 16
[2026-06-05 19:03:17] === INICIO DE PETICIÓN ===
[2026-06-05 19:03:17] POST data: Array
(
    [action] => guardar_previa
    [alumno_id] => 49391150
    [tipo_item] => materia
    [tipo_previa] => 2
    [id_materia] => 23
)

[2026-06-05 19:03:17] Sesión activa - DNI: 98989898
[2026-06-05 19:03:17] Rol: Admin
[2026-06-05 19:03:17] Conexión a BD exitosa
[2026-06-05 19:03:17] Action: guardar_previa
[2026-06-05 19:03:17] === PROCESANDO guardar_previa ===
[2026-06-05 19:03:17] alumno_id: 49391150
[2026-06-05 19:03:17] id_materia: 23
[2026-06-05 19:03:17] id_taller: NULL
[2026-06-05 19:03:17] tipo_item: materia
[2026-06-05 19:03:17] tipo_previa: 2
[2026-06-05 19:03:17] Query check: SELECT ID_previas FROM previas WHERE DNI_U = '49391150' AND ID_materia = '23' AND ID_taller IS NULL
[2026-06-05 19:03:17] Query insert: INSERT INTO previas (DNI_U, ID_materia, ID_taller, Aprobado, ID_tp) 
                  VALUES ('49391150', '23', NULL, 0, '2')
[2026-06-05 19:03:17] Previa guardada correctamente - filas afectadas: 1
[2026-06-05 19:03:19] === INICIO DE PETICIÓN ===
[2026-06-05 19:03:19] POST data: Array
(
    [action] => get_alumnos
    [curso_id] => 16
)

[2026-06-05 19:03:19] Sesión activa - DNI: 98989898
[2026-06-05 19:03:19] Rol: Admin
[2026-06-05 19:03:19] Conexión a BD exitosa
[2026-06-05 19:03:19] Action: get_alumnos
[2026-06-05 19:03:19] === PROCESANDO get_alumnos ===
[2026-06-05 19:03:19] Curso ID: 16
[2026-06-05 19:03:19] Query alumnos: SELECT u.DNI_U, u.Nombre, u.Apellido
              FROM usuario u
              WHERE u.id_curso = '16'
              AND u.ID_rol = 3
              AND u.ID_Estado = 1
              ORDER BY u.Apellido, u.Nombre
[2026-06-05 19:03:19] Alumnos encontrados: 22
[2026-06-05 19:03:23] === INICIO DE PETICIÓN ===
[2026-06-05 19:03:23] POST data: Array
(
    [action] => get_materias_y_talleres_por_anio
    [anio] => 2
)

[2026-06-05 19:03:23] Sesión activa - DNI: 98989898
[2026-06-05 19:03:23] Rol: Admin
[2026-06-05 19:03:23] Conexión a BD exitosa
[2026-06-05 19:03:23] Action: get_materias_y_talleres_por_anio
[2026-06-05 19:03:23] === PROCESANDO get_materias_y_talleres_por_anio ===
[2026-06-05 19:03:23] Año: 2
[2026-06-05 19:03:23] Query materias: SELECT DISTINCT m.ID_materia, m.Nom_materia
                       FROM materia m
                       INNER JOIN curso c ON m.id_curso = c.ID_curso
                       WHERE c.curso = '2'
                       AND c.division = 'A'
                       AND m.Nom_materia NOT LIKE '%Taller%'
                       AND m.Nom_materia NOT LIKE '%Tutorias%'
                       AND m.Nom_materia NOT LIKE '%Tutoría%'
                       ORDER BY m.Nom_materia
[2026-06-05 19:03:23] Materias encontradas: 11
[2026-06-05 19:03:23] Query talleres: SELECT ID_taller, nombre 
                           FROM talleres 
                           WHERE anio_taller = 'II' 
                           AND activo = 1
                           ORDER BY nombre
[2026-06-05 19:03:23] Talleres encontrados: 6
[2026-06-05 19:03:23] Total items a enviar: 17
[2026-06-05 19:03:27] === INICIO DE PETICIÓN ===
[2026-06-05 19:03:27] POST data: Array
(
    [action] => guardar_previa
    [alumno_id] => 49391150
    [tipo_item] => materia
    [tipo_previa] => 2
    [id_materia] => 82
)

[2026-06-05 19:03:27] Sesión activa - DNI: 98989898
[2026-06-05 19:03:27] Rol: Admin
[2026-06-05 19:03:27] Conexión a BD exitosa
[2026-06-05 19:03:27] Action: guardar_previa
[2026-06-05 19:03:27] === PROCESANDO guardar_previa ===
[2026-06-05 19:03:27] alumno_id: 49391150
[2026-06-05 19:03:27] id_materia: 82
[2026-06-05 19:03:27] id_taller: NULL
[2026-06-05 19:03:27] tipo_item: materia
[2026-06-05 19:03:27] tipo_previa: 2
[2026-06-05 19:03:27] Query check: SELECT ID_previas FROM previas WHERE DNI_U = '49391150' AND ID_materia = '82' AND ID_taller IS NULL
[2026-06-05 19:03:27] Query insert: INSERT INTO previas (DNI_U, ID_materia, ID_taller, Aprobado, ID_tp) 
                  VALUES ('49391150', '82', NULL, 0, '2')
[2026-06-05 19:03:27] Previa guardada correctamente - filas afectadas: 1
[2026-06-05 19:03:35] === INICIO DE PETICIÓN ===
[2026-06-05 19:03:35] POST data: Array
(
    [action] => get_alumnos
    [curso_id] => 16
)

[2026-06-05 19:03:35] Sesión activa - DNI: 98989898
[2026-06-05 19:03:35] Rol: Admin
[2026-06-05 19:03:35] Conexión a BD exitosa
[2026-06-05 19:03:35] Action: get_alumnos
[2026-06-05 19:03:35] === PROCESANDO get_alumnos ===
[2026-06-05 19:03:35] Curso ID: 16
[2026-06-05 19:03:35] Query alumnos: SELECT u.DNI_U, u.Nombre, u.Apellido
              FROM usuario u
              WHERE u.id_curso = '16'
              AND u.ID_rol = 3
              AND u.ID_Estado = 1
              ORDER BY u.Apellido, u.Nombre
[2026-06-05 19:03:35] Alumnos encontrados: 22
[2026-06-05 19:03:41] === INICIO DE PETICIÓN ===
[2026-06-05 19:03:41] POST data: Array
(
    [action] => get_materias_y_talleres_por_anio
    [anio] => 3
)

[2026-06-05 19:03:41] Sesión activa - DNI: 98989898
[2026-06-05 19:03:41] Rol: Admin
[2026-06-05 19:03:41] Conexión a BD exitosa
[2026-06-05 19:03:41] Action: get_materias_y_talleres_por_anio
[2026-06-05 19:03:41] === PROCESANDO get_materias_y_talleres_por_anio ===
[2026-06-05 19:03:41] Año: 3
[2026-06-05 19:03:41] Query materias: SELECT DISTINCT m.ID_materia, m.Nom_materia
                       FROM materia m
                       INNER JOIN curso c ON m.id_curso = c.ID_curso
                       WHERE c.curso = '3'
                       AND c.division = 'A'
                       AND m.Nom_materia NOT LIKE '%Taller%'
                       AND m.Nom_materia NOT LIKE '%Tutorias%'
                       AND m.Nom_materia NOT LIKE '%Tutoría%'
                       ORDER BY m.Nom_materia
[2026-06-05 19:03:41] Materias encontradas: 14
[2026-06-05 19:03:41] Total items a enviar: 14
[2026-06-05 19:03:49] === INICIO DE PETICIÓN ===
[2026-06-05 19:03:49] POST data: Array
(
    [action] => guardar_previa
    [alumno_id] => 48950297
    [tipo_item] => materia
    [tipo_previa] => 2
    [id_materia] => 142
)

[2026-06-05 19:03:49] Sesión activa - DNI: 98989898
[2026-06-05 19:03:49] Rol: Admin
[2026-06-05 19:03:49] Conexión a BD exitosa
[2026-06-05 19:03:49] Action: guardar_previa
[2026-06-05 19:03:49] === PROCESANDO guardar_previa ===
[2026-06-05 19:03:49] alumno_id: 48950297
[2026-06-05 19:03:49] id_materia: 142
[2026-06-05 19:03:49] id_taller: NULL
[2026-06-05 19:03:49] tipo_item: materia
[2026-06-05 19:03:49] tipo_previa: 2
[2026-06-05 19:03:49] Query check: SELECT ID_previas FROM previas WHERE DNI_U = '48950297' AND ID_materia = '142' AND ID_taller IS NULL
[2026-06-05 19:03:49] Query insert: INSERT INTO previas (DNI_U, ID_materia, ID_taller, Aprobado, ID_tp) 
                  VALUES ('48950297', '142', NULL, 0, '2')
[2026-06-05 19:03:49] Previa guardada correctamente - filas afectadas: 1
[2026-06-05 19:03:51] === INICIO DE PETICIÓN ===
[2026-06-05 19:03:51] POST data: Array
(
    [action] => get_alumnos
    [curso_id] => 16
)

[2026-06-05 19:03:51] Sesión activa - DNI: 98989898
[2026-06-05 19:03:51] Rol: Admin
[2026-06-05 19:03:51] Conexión a BD exitosa
[2026-06-05 19:03:51] Action: get_alumnos
[2026-06-05 19:03:51] === PROCESANDO get_alumnos ===
[2026-06-05 19:03:51] Curso ID: 16
[2026-06-05 19:03:51] Query alumnos: SELECT u.DNI_U, u.Nombre, u.Apellido
              FROM usuario u
              WHERE u.id_curso = '16'
              AND u.ID_rol = 3
              AND u.ID_Estado = 1
              ORDER BY u.Apellido, u.Nombre
[2026-06-05 19:03:51] Alumnos encontrados: 22
[2026-06-05 19:03:56] === INICIO DE PETICIÓN ===
[2026-06-05 19:03:56] POST data: Array
(
    [action] => get_materias_y_talleres_por_anio
    [anio] => 4
)

[2026-06-05 19:03:56] Sesión activa - DNI: 98989898
[2026-06-05 19:03:56] Rol: Admin
[2026-06-05 19:03:56] Conexión a BD exitosa
[2026-06-05 19:03:56] Action: get_materias_y_talleres_por_anio
[2026-06-05 19:03:56] === PROCESANDO get_materias_y_talleres_por_anio ===
[2026-06-05 19:03:56] Año: 4
[2026-06-05 19:03:56] Query materias: SELECT DISTINCT m.ID_materia, m.Nom_materia
                       FROM materia m
                       INNER JOIN curso c ON m.id_curso = c.ID_curso
                       WHERE c.curso = '4'
                       AND c.division = 'A'
                       AND m.Nom_materia NOT LIKE '%Taller%'
                       AND m.Nom_materia NOT LIKE '%Tutorias%'
                       AND m.Nom_materia NOT LIKE '%Tutoría%'
                       ORDER BY m.Nom_materia
[2026-06-05 19:03:56] Materias encontradas: 14
[2026-06-05 19:03:56] Total items a enviar: 14
[2026-06-05 19:04:00] === INICIO DE PETICIÓN ===
[2026-06-05 19:04:00] POST data: Array
(
    [action] => guardar_previa
    [alumno_id] => 48950297
    [tipo_item] => materia
    [tipo_previa] => 2
    [id_materia] => 179
)

[2026-06-05 19:04:00] Sesión activa - DNI: 98989898
[2026-06-05 19:04:00] Rol: Admin
[2026-06-05 19:04:00] Conexión a BD exitosa
[2026-06-05 19:04:00] Action: guardar_previa
[2026-06-05 19:04:00] === PROCESANDO guardar_previa ===
[2026-06-05 19:04:00] alumno_id: 48950297
[2026-06-05 19:04:00] id_materia: 179
[2026-06-05 19:04:00] id_taller: NULL
[2026-06-05 19:04:00] tipo_item: materia
[2026-06-05 19:04:00] tipo_previa: 2
[2026-06-05 19:04:00] Query check: SELECT ID_previas FROM previas WHERE DNI_U = '48950297' AND ID_materia = '179' AND ID_taller IS NULL
[2026-06-05 19:04:00] Query insert: INSERT INTO previas (DNI_U, ID_materia, ID_taller, Aprobado, ID_tp) 
                  VALUES ('48950297', '179', NULL, 0, '2')
[2026-06-05 19:04:00] Previa guardada correctamente - filas afectadas: 1
[2026-06-05 19:06:10] === INICIO DE PETICIÓN ===
[2026-06-05 19:06:10] POST data: Array
(
    [action] => get_alumnos
    [curso_id] => 15
)

[2026-06-05 19:06:10] Sesión activa - DNI: 98989898
[2026-06-05 19:06:10] Rol: Admin
[2026-06-05 19:06:10] Conexión a BD exitosa
[2026-06-05 19:06:10] Action: get_alumnos
[2026-06-05 19:06:10] === PROCESANDO get_alumnos ===
[2026-06-05 19:06:10] Curso ID: 15
[2026-06-05 19:06:10] Query alumnos: SELECT u.DNI_U, u.Nombre, u.Apellido
              FROM usuario u
              WHERE u.id_curso = '15'
              AND u.ID_rol = 3
              AND u.ID_Estado = 1
              ORDER BY u.Apellido, u.Nombre
[2026-06-05 19:06:10] Alumnos encontrados: 24
[2026-06-05 19:06:20] === INICIO DE PETICIÓN ===
[2026-06-05 19:06:20] POST data: Array
(
    [action] => get_materias_y_talleres_por_anio
    [anio] => 3
)

[2026-06-05 19:06:20] Sesión activa - DNI: 98989898
[2026-06-05 19:06:20] Rol: Admin
[2026-06-05 19:06:20] Conexión a BD exitosa
[2026-06-05 19:06:20] Action: get_materias_y_talleres_por_anio
[2026-06-05 19:06:20] === PROCESANDO get_materias_y_talleres_por_anio ===
[2026-06-05 19:06:20] Año: 3
[2026-06-05 19:06:20] Query materias: SELECT DISTINCT m.ID_materia, m.Nom_materia
                       FROM materia m
                       INNER JOIN curso c ON m.id_curso = c.ID_curso
                       WHERE c.curso = '3'
                       AND c.division = 'A'
                       AND m.Nom_materia NOT LIKE '%Taller%'
                       AND m.Nom_materia NOT LIKE '%Tutorias%'
                       AND m.Nom_materia NOT LIKE '%Tutoría%'
                       ORDER BY m.Nom_materia
[2026-06-05 19:06:20] Materias encontradas: 14
[2026-06-05 19:06:20] Total items a enviar: 14
[2026-06-05 19:06:26] === INICIO DE PETICIÓN ===
[2026-06-05 19:06:26] POST data: Array
(
    [action] => guardar_previa
    [alumno_id] => 49153026
    [tipo_item] => materia
    [tipo_previa] => 2
    [id_materia] => 142
)

[2026-06-05 19:06:26] Sesión activa - DNI: 98989898
[2026-06-05 19:06:26] Rol: Admin
[2026-06-05 19:06:26] Conexión a BD exitosa
[2026-06-05 19:06:26] Action: guardar_previa
[2026-06-05 19:06:26] === PROCESANDO guardar_previa ===
[2026-06-05 19:06:26] alumno_id: 49153026
[2026-06-05 19:06:26] id_materia: 142
[2026-06-05 19:06:26] id_taller: NULL
[2026-06-05 19:06:26] tipo_item: materia
[2026-06-05 19:06:26] tipo_previa: 2
[2026-06-05 19:06:26] Query check: SELECT ID_previas FROM previas WHERE DNI_U = '49153026' AND ID_materia = '142' AND ID_taller IS NULL
[2026-06-05 19:06:26] Query insert: INSERT INTO previas (DNI_U, ID_materia, ID_taller, Aprobado, ID_tp) 
                  VALUES ('49153026', '142', NULL, 0, '2')
[2026-06-05 19:06:26] Previa guardada correctamente - filas afectadas: 1
[2026-06-05 19:06:32] === INICIO DE PETICIÓN ===
[2026-06-05 19:06:32] POST data: Array
(
    [action] => get_alumnos
    [curso_id] => 15
)

[2026-06-05 19:06:32] Sesión activa - DNI: 98989898
[2026-06-05 19:06:32] Rol: Admin
[2026-06-05 19:06:32] Conexión a BD exitosa
[2026-06-05 19:06:32] Action: get_alumnos
[2026-06-05 19:06:32] === PROCESANDO get_alumnos ===
[2026-06-05 19:06:32] Curso ID: 15
[2026-06-05 19:06:32] Query alumnos: SELECT u.DNI_U, u.Nombre, u.Apellido
              FROM usuario u
              WHERE u.id_curso = '15'
              AND u.ID_rol = 3
              AND u.ID_Estado = 1
              ORDER BY u.Apellido, u.Nombre
[2026-06-05 19:06:32] Alumnos encontrados: 24
[2026-06-05 19:06:40] === INICIO DE PETICIÓN ===
[2026-06-05 19:06:40] POST data: Array
(
    [action] => get_materias_y_talleres_por_anio
    [anio] => 2
)

[2026-06-05 19:06:40] Sesión activa - DNI: 98989898
[2026-06-05 19:06:40] Rol: Admin
[2026-06-05 19:06:40] Conexión a BD exitosa
[2026-06-05 19:06:40] Action: get_materias_y_talleres_por_anio
[2026-06-05 19:06:40] === PROCESANDO get_materias_y_talleres_por_anio ===
[2026-06-05 19:06:40] Año: 2
[2026-06-05 19:06:40] Query materias: SELECT DISTINCT m.ID_materia, m.Nom_materia
                       FROM materia m
                       INNER JOIN curso c ON m.id_curso = c.ID_curso
                       WHERE c.curso = '2'
                       AND c.division = 'A'
                       AND m.Nom_materia NOT LIKE '%Taller%'
                       AND m.Nom_materia NOT LIKE '%Tutorias%'
                       AND m.Nom_materia NOT LIKE '%Tutoría%'
                       ORDER BY m.Nom_materia
[2026-06-05 19:06:40] Materias encontradas: 11
[2026-06-05 19:06:40] Query talleres: SELECT ID_taller, nombre 
                           FROM talleres 
                           WHERE anio_taller = 'II' 
                           AND activo = 1
                           ORDER BY nombre
[2026-06-05 19:06:40] Talleres encontrados: 6
[2026-06-05 19:06:40] Total items a enviar: 17
[2026-06-05 19:06:44] === INICIO DE PETICIÓN ===
[2026-06-05 19:06:44] POST data: Array
(
    [action] => guardar_previa
    [alumno_id] => 49098245
    [tipo_item] => materia
    [tipo_previa] => 2
    [id_materia] => 87
)

[2026-06-05 19:06:44] Sesión activa - DNI: 98989898
[2026-06-05 19:06:44] Rol: Admin
[2026-06-05 19:06:44] Conexión a BD exitosa
[2026-06-05 19:06:44] Action: guardar_previa
[2026-06-05 19:06:44] === PROCESANDO guardar_previa ===
[2026-06-05 19:06:44] alumno_id: 49098245
[2026-06-05 19:06:44] id_materia: 87
[2026-06-05 19:06:44] id_taller: NULL
[2026-06-05 19:06:44] tipo_item: materia
[2026-06-05 19:06:44] tipo_previa: 2
[2026-06-05 19:06:44] Query check: SELECT ID_previas FROM previas WHERE DNI_U = '49098245' AND ID_materia = '87' AND ID_taller IS NULL
[2026-06-05 19:06:44] Query insert: INSERT INTO previas (DNI_U, ID_materia, ID_taller, Aprobado, ID_tp) 
                  VALUES ('49098245', '87', NULL, 0, '2')
[2026-06-05 19:06:44] Previa guardada correctamente - filas afectadas: 1
[2026-06-05 19:06:51] === INICIO DE PETICIÓN ===
[2026-06-05 19:06:51] POST data: Array
(
    [action] => get_alumnos
    [curso_id] => 15
)

[2026-06-05 19:06:51] Sesión activa - DNI: 98989898
[2026-06-05 19:06:51] Rol: Admin
[2026-06-05 19:06:51] Conexión a BD exitosa
[2026-06-05 19:06:51] Action: get_alumnos
[2026-06-05 19:06:51] === PROCESANDO get_alumnos ===
[2026-06-05 19:06:51] Curso ID: 15
[2026-06-05 19:06:51] Query alumnos: SELECT u.DNI_U, u.Nombre, u.Apellido
              FROM usuario u
              WHERE u.id_curso = '15'
              AND u.ID_rol = 3
              AND u.ID_Estado = 1
              ORDER BY u.Apellido, u.Nombre
[2026-06-05 19:06:51] Alumnos encontrados: 24
[2026-06-05 19:06:55] === INICIO DE PETICIÓN ===
[2026-06-05 19:06:55] POST data: Array
(
    [action] => get_materias_y_talleres_por_anio
    [anio] => 2
)

[2026-06-05 19:06:55] Sesión activa - DNI: 98989898
[2026-06-05 19:06:55] Rol: Admin
[2026-06-05 19:06:55] Conexión a BD exitosa
[2026-06-05 19:06:55] Action: get_materias_y_talleres_por_anio
[2026-06-05 19:06:55] === PROCESANDO get_materias_y_talleres_por_anio ===
[2026-06-05 19:06:55] Año: 2
[2026-06-05 19:06:55] Query materias: SELECT DISTINCT m.ID_materia, m.Nom_materia
                       FROM materia m
                       INNER JOIN curso c ON m.id_curso = c.ID_curso
                       WHERE c.curso = '2'
                       AND c.division = 'A'
                       AND m.Nom_materia NOT LIKE '%Taller%'
                       AND m.Nom_materia NOT LIKE '%Tutorias%'
                       AND m.Nom_materia NOT LIKE '%Tutoría%'
                       ORDER BY m.Nom_materia
[2026-06-05 19:06:55] Materias encontradas: 11
[2026-06-05 19:06:55] Query talleres: SELECT ID_taller, nombre 
                           FROM talleres 
                           WHERE anio_taller = 'II' 
                           AND activo = 1
                           ORDER BY nombre
[2026-06-05 19:06:55] Talleres encontrados: 6
[2026-06-05 19:06:55] Total items a enviar: 17
[2026-06-05 19:06:59] === INICIO DE PETICIÓN ===
[2026-06-05 19:06:59] POST data: Array
(
    [action] => guardar_previa
    [alumno_id] => 49388275
    [tipo_item] => materia
    [tipo_previa] => 2
    [id_materia] => 87
)

[2026-06-05 19:06:59] Sesión activa - DNI: 98989898
[2026-06-05 19:06:59] Rol: Admin
[2026-06-05 19:06:59] Conexión a BD exitosa
[2026-06-05 19:06:59] Action: guardar_previa
[2026-06-05 19:06:59] === PROCESANDO guardar_previa ===
[2026-06-05 19:06:59] alumno_id: 49388275
[2026-06-05 19:06:59] id_materia: 87
[2026-06-05 19:06:59] id_taller: NULL
[2026-06-05 19:06:59] tipo_item: materia
[2026-06-05 19:06:59] tipo_previa: 2
[2026-06-05 19:06:59] Query check: SELECT ID_previas FROM previas WHERE DNI_U = '49388275' AND ID_materia = '87' AND ID_taller IS NULL
[2026-06-05 19:06:59] Query insert: INSERT INTO previas (DNI_U, ID_materia, ID_taller, Aprobado, ID_tp) 
                  VALUES ('49388275', '87', NULL, 0, '2')
[2026-06-05 19:06:59] Previa guardada correctamente - filas afectadas: 1
[2026-06-05 19:07:06] === INICIO DE PETICIÓN ===
[2026-06-05 19:07:06] POST data: Array
(
    [action] => get_alumnos
    [curso_id] => 15
)

[2026-06-05 19:07:06] Sesión activa - DNI: 98989898
[2026-06-05 19:07:06] Rol: Admin
[2026-06-05 19:07:06] Conexión a BD exitosa
[2026-06-05 19:07:06] Action: get_alumnos
[2026-06-05 19:07:06] === PROCESANDO get_alumnos ===
[2026-06-05 19:07:06] Curso ID: 15
[2026-06-05 19:07:06] Query alumnos: SELECT u.DNI_U, u.Nombre, u.Apellido
              FROM usuario u
              WHERE u.id_curso = '15'
              AND u.ID_rol = 3
              AND u.ID_Estado = 1
              ORDER BY u.Apellido, u.Nombre
[2026-06-05 19:07:06] Alumnos encontrados: 24
[2026-06-05 19:07:18] === INICIO DE PETICIÓN ===
[2026-06-05 19:07:18] POST data: Array
(
    [action] => get_materias_y_talleres_por_anio
    [anio] => 2
)

[2026-06-05 19:07:18] Sesión activa - DNI: 98989898
[2026-06-05 19:07:18] Rol: Admin
[2026-06-05 19:07:18] Conexión a BD exitosa
[2026-06-05 19:07:18] Action: get_materias_y_talleres_por_anio
[2026-06-05 19:07:18] === PROCESANDO get_materias_y_talleres_por_anio ===
[2026-06-05 19:07:18] Año: 2
[2026-06-05 19:07:18] Query materias: SELECT DISTINCT m.ID_materia, m.Nom_materia
                       FROM materia m
                       INNER JOIN curso c ON m.id_curso = c.ID_curso
                       WHERE c.curso = '2'
                       AND c.division = 'A'
                       AND m.Nom_materia NOT LIKE '%Taller%'
                       AND m.Nom_materia NOT LIKE '%Tutorias%'
                       AND m.Nom_materia NOT LIKE '%Tutoría%'
                       ORDER BY m.Nom_materia
[2026-06-05 19:07:18] Materias encontradas: 11
[2026-06-05 19:07:18] Query talleres: SELECT ID_taller, nombre 
                           FROM talleres 
                           WHERE anio_taller = 'II' 
                           AND activo = 1
                           ORDER BY nombre
[2026-06-05 19:07:18] Talleres encontrados: 6
[2026-06-05 19:07:18] Total items a enviar: 17
[2026-06-05 19:07:22] === INICIO DE PETICIÓN ===
[2026-06-05 19:07:22] POST data: Array
(
    [action] => guardar_previa
    [alumno_id] => 49336614
    [tipo_item] => materia
    [tipo_previa] => 2
    [id_materia] => 87
)

[2026-06-05 19:07:22] Sesión activa - DNI: 98989898
[2026-06-05 19:07:22] Rol: Admin
[2026-06-05 19:07:22] Conexión a BD exitosa
[2026-06-05 19:07:22] Action: guardar_previa
[2026-06-05 19:07:22] === PROCESANDO guardar_previa ===
[2026-06-05 19:07:22] alumno_id: 49336614
[2026-06-05 19:07:22] id_materia: 87
[2026-06-05 19:07:22] id_taller: NULL
[2026-06-05 19:07:22] tipo_item: materia
[2026-06-05 19:07:22] tipo_previa: 2
[2026-06-05 19:07:22] Query check: SELECT ID_previas FROM previas WHERE DNI_U = '49336614' AND ID_materia = '87' AND ID_taller IS NULL
[2026-06-05 19:07:22] Query insert: INSERT INTO previas (DNI_U, ID_materia, ID_taller, Aprobado, ID_tp) 
                  VALUES ('49336614', '87', NULL, 0, '2')
[2026-06-05 19:07:22] Previa guardada correctamente - filas afectadas: 1
[2026-06-05 19:07:25] === INICIO DE PETICIÓN ===
[2026-06-05 19:07:25] POST data: Array
(
    [action] => get_alumnos
    [curso_id] => 15
)

[2026-06-05 19:07:25] Sesión activa - DNI: 98989898
[2026-06-05 19:07:25] Rol: Admin
[2026-06-05 19:07:26] Conexión a BD exitosa
[2026-06-05 19:07:26] Action: get_alumnos
[2026-06-05 19:07:26] === PROCESANDO get_alumnos ===
[2026-06-05 19:07:26] Curso ID: 15
[2026-06-05 19:07:26] Query alumnos: SELECT u.DNI_U, u.Nombre, u.Apellido
              FROM usuario u
              WHERE u.id_curso = '15'
              AND u.ID_rol = 3
              AND u.ID_Estado = 1
              ORDER BY u.Apellido, u.Nombre
[2026-06-05 19:07:26] Alumnos encontrados: 24
[2026-06-05 19:07:30] === INICIO DE PETICIÓN ===
[2026-06-05 19:07:30] POST data: Array
(
    [action] => get_materias_y_talleres_por_anio
    [anio] => 2
)

[2026-06-05 19:07:30] Sesión activa - DNI: 98989898
[2026-06-05 19:07:30] Rol: Admin
[2026-06-05 19:07:30] Conexión a BD exitosa
[2026-06-05 19:07:30] Action: get_materias_y_talleres_por_anio
[2026-06-05 19:07:30] === PROCESANDO get_materias_y_talleres_por_anio ===
[2026-06-05 19:07:30] Año: 2
[2026-06-05 19:07:30] Query materias: SELECT DISTINCT m.ID_materia, m.Nom_materia
                       FROM materia m
                       INNER JOIN curso c ON m.id_curso = c.ID_curso
                       WHERE c.curso = '2'
                       AND c.division = 'A'
                       AND m.Nom_materia NOT LIKE '%Taller%'
                       AND m.Nom_materia NOT LIKE '%Tutorias%'
                       AND m.Nom_materia NOT LIKE '%Tutoría%'
                       ORDER BY m.Nom_materia
[2026-06-05 19:07:30] Materias encontradas: 11
[2026-06-05 19:07:30] Query talleres: SELECT ID_taller, nombre 
                           FROM talleres 
                           WHERE anio_taller = 'II' 
                           AND activo = 1
                           ORDER BY nombre
[2026-06-05 19:07:30] Talleres encontrados: 6
[2026-06-05 19:07:30] Total items a enviar: 17
[2026-06-05 19:07:34] === INICIO DE PETICIÓN ===
[2026-06-05 19:07:34] POST data: Array
(
    [action] => guardar_previa
    [alumno_id] => 49336614
    [tipo_item] => materia
    [tipo_previa] => 2
    [id_materia] => 82
)

[2026-06-05 19:07:34] Sesión activa - DNI: 98989898
[2026-06-05 19:07:34] Rol: Admin
[2026-06-05 19:07:34] Conexión a BD exitosa
[2026-06-05 19:07:34] Action: guardar_previa
[2026-06-05 19:07:34] === PROCESANDO guardar_previa ===
[2026-06-05 19:07:34] alumno_id: 49336614
[2026-06-05 19:07:34] id_materia: 82
[2026-06-05 19:07:34] id_taller: NULL
[2026-06-05 19:07:34] tipo_item: materia
[2026-06-05 19:07:34] tipo_previa: 2
[2026-06-05 19:07:34] Query check: SELECT ID_previas FROM previas WHERE DNI_U = '49336614' AND ID_materia = '82' AND ID_taller IS NULL
[2026-06-05 19:07:34] Query insert: INSERT INTO previas (DNI_U, ID_materia, ID_taller, Aprobado, ID_tp) 
                  VALUES ('49336614', '82', NULL, 0, '2')
[2026-06-05 19:07:34] Previa guardada correctamente - filas afectadas: 1
[2026-06-05 19:07:36] === INICIO DE PETICIÓN ===
[2026-06-05 19:07:36] POST data: Array
(
    [action] => get_alumnos
    [curso_id] => 15
)

[2026-06-05 19:07:36] Sesión activa - DNI: 98989898
[2026-06-05 19:07:36] Rol: Admin
[2026-06-05 19:07:36] Conexión a BD exitosa
[2026-06-05 19:07:36] Action: get_alumnos
[2026-06-05 19:07:36] === PROCESANDO get_alumnos ===
[2026-06-05 19:07:36] Curso ID: 15
[2026-06-05 19:07:36] Query alumnos: SELECT u.DNI_U, u.Nombre, u.Apellido
              FROM usuario u
              WHERE u.id_curso = '15'
              AND u.ID_rol = 3
              AND u.ID_Estado = 1
              ORDER BY u.Apellido, u.Nombre
[2026-06-05 19:07:36] Alumnos encontrados: 24
[2026-06-05 19:07:42] === INICIO DE PETICIÓN ===
[2026-06-05 19:07:42] POST data: Array
(
    [action] => get_materias_y_talleres_por_anio
    [anio] => 4
)

[2026-06-05 19:07:42] Sesión activa - DNI: 98989898
[2026-06-05 19:07:42] Rol: Admin
[2026-06-05 19:07:42] Conexión a BD exitosa
[2026-06-05 19:07:42] Action: get_materias_y_talleres_por_anio
[2026-06-05 19:07:42] === PROCESANDO get_materias_y_talleres_por_anio ===
[2026-06-05 19:07:42] Año: 4
[2026-06-05 19:07:42] Query materias: SELECT DISTINCT m.ID_materia, m.Nom_materia
                       FROM materia m
                       INNER JOIN curso c ON m.id_curso = c.ID_curso
                       WHERE c.curso = '4'
                       AND c.division = 'A'
                       AND m.Nom_materia NOT LIKE '%Taller%'
                       AND m.Nom_materia NOT LIKE '%Tutorias%'
                       AND m.Nom_materia NOT LIKE '%Tutoría%'
                       ORDER BY m.Nom_materia
[2026-06-05 19:07:42] Materias encontradas: 14
[2026-06-05 19:07:42] Total items a enviar: 14
[2026-06-05 19:07:47] === INICIO DE PETICIÓN ===
[2026-06-05 19:07:47] POST data: Array
(
    [action] => guardar_previa
    [alumno_id] => 49336614
    [tipo_item] => materia
    [tipo_previa] => 2
    [id_materia] => 183
)

[2026-06-05 19:07:47] Sesión activa - DNI: 98989898
[2026-06-05 19:07:47] Rol: Admin
[2026-06-05 19:07:47] Conexión a BD exitosa
[2026-06-05 19:07:47] Action: guardar_previa
[2026-06-05 19:07:47] === PROCESANDO guardar_previa ===
[2026-06-05 19:07:47] alumno_id: 49336614
[2026-06-05 19:07:47] id_materia: 183
[2026-06-05 19:07:47] id_taller: NULL
[2026-06-05 19:07:47] tipo_item: materia
[2026-06-05 19:07:47] tipo_previa: 2
[2026-06-05 19:07:47] Query check: SELECT ID_previas FROM previas WHERE DNI_U = '49336614' AND ID_materia = '183' AND ID_taller IS NULL
[2026-06-05 19:07:47] Query insert: INSERT INTO previas (DNI_U, ID_materia, ID_taller, Aprobado, ID_tp) 
                  VALUES ('49336614', '183', NULL, 0, '2')
[2026-06-05 19:07:47] Previa guardada correctamente - filas afectadas: 1
[2026-06-05 19:07:55] === INICIO DE PETICIÓN ===
[2026-06-05 19:07:55] POST data: Array
(
    [action] => get_alumnos
    [curso_id] => 15
)

[2026-06-05 19:07:55] Sesión activa - DNI: 98989898
[2026-06-05 19:07:55] Rol: Admin
[2026-06-05 19:07:55] Conexión a BD exitosa
[2026-06-05 19:07:55] Action: get_alumnos
[2026-06-05 19:07:55] === PROCESANDO get_alumnos ===
[2026-06-05 19:07:55] Curso ID: 15
[2026-06-05 19:07:55] Query alumnos: SELECT u.DNI_U, u.Nombre, u.Apellido
              FROM usuario u
              WHERE u.id_curso = '15'
              AND u.ID_rol = 3
              AND u.ID_Estado = 1
              ORDER BY u.Apellido, u.Nombre
[2026-06-05 19:07:55] Alumnos encontrados: 24
[2026-06-05 19:08:10] === INICIO DE PETICIÓN ===
[2026-06-05 19:08:10] POST data: Array
(
    [action] => get_materias_y_talleres_por_anio
    [anio] => 4
)

[2026-06-05 19:08:10] Sesión activa - DNI: 98989898
[2026-06-05 19:08:10] Rol: Admin
[2026-06-05 19:08:10] Conexión a BD exitosa
[2026-06-05 19:08:10] Action: get_materias_y_talleres_por_anio
[2026-06-05 19:08:10] === PROCESANDO get_materias_y_talleres_por_anio ===
[2026-06-05 19:08:10] Año: 4
[2026-06-05 19:08:10] Query materias: SELECT DISTINCT m.ID_materia, m.Nom_materia
                       FROM materia m
                       INNER JOIN curso c ON m.id_curso = c.ID_curso
                       WHERE c.curso = '4'
                       AND c.division = 'A'
                       AND m.Nom_materia NOT LIKE '%Taller%'
                       AND m.Nom_materia NOT LIKE '%Tutorias%'
                       AND m.Nom_materia NOT LIKE '%Tutoría%'
                       ORDER BY m.Nom_materia
[2026-06-05 19:08:10] Materias encontradas: 14
[2026-06-05 19:08:10] Total items a enviar: 14
[2026-06-05 19:08:15] === INICIO DE PETICIÓN ===
[2026-06-05 19:08:15] POST data: Array
(
    [action] => guardar_previa
    [alumno_id] => 48825794
    [tipo_item] => materia
    [tipo_previa] => 2
    [id_materia] => 186
)

[2026-06-05 19:08:15] Sesión activa - DNI: 98989898
[2026-06-05 19:08:15] Rol: Admin
[2026-06-05 19:08:16] Conexión a BD exitosa
[2026-06-05 19:08:16] Action: guardar_previa
[2026-06-05 19:08:16] === PROCESANDO guardar_previa ===
[2026-06-05 19:08:16] alumno_id: 48825794
[2026-06-05 19:08:16] id_materia: 186
[2026-06-05 19:08:16] id_taller: NULL
[2026-06-05 19:08:16] tipo_item: materia
[2026-06-05 19:08:16] tipo_previa: 2
[2026-06-05 19:08:16] Query check: SELECT ID_previas FROM previas WHERE DNI_U = '48825794' AND ID_materia = '186' AND ID_taller IS NULL
[2026-06-05 19:08:16] Query insert: INSERT INTO previas (DNI_U, ID_materia, ID_taller, Aprobado, ID_tp) 
                  VALUES ('48825794', '186', NULL, 0, '2')
[2026-06-05 19:08:16] Previa guardada correctamente - filas afectadas: 1
[2026-06-05 19:08:17] === INICIO DE PETICIÓN ===
[2026-06-05 19:08:17] POST data: Array
(
    [action] => get_alumnos
    [curso_id] => 15
)

[2026-06-05 19:08:17] Sesión activa - DNI: 98989898
[2026-06-05 19:08:17] Rol: Admin
[2026-06-05 19:08:17] Conexión a BD exitosa
[2026-06-05 19:08:17] Action: get_alumnos
[2026-06-05 19:08:17] === PROCESANDO get_alumnos ===
[2026-06-05 19:08:17] Curso ID: 15
[2026-06-05 19:08:17] Query alumnos: SELECT u.DNI_U, u.Nombre, u.Apellido
              FROM usuario u
              WHERE u.id_curso = '15'
              AND u.ID_rol = 3
              AND u.ID_Estado = 1
              ORDER BY u.Apellido, u.Nombre
[2026-06-05 19:08:17] Alumnos encontrados: 24
[2026-06-05 19:08:23] === INICIO DE PETICIÓN ===
[2026-06-05 19:08:23] POST data: Array
(
    [action] => get_materias_y_talleres_por_anio
    [anio] => 4
)

[2026-06-05 19:08:23] Sesión activa - DNI: 98989898
[2026-06-05 19:08:23] Rol: Admin
[2026-06-05 19:08:23] Conexión a BD exitosa
[2026-06-05 19:08:23] Action: get_materias_y_talleres_por_anio
[2026-06-05 19:08:23] === PROCESANDO get_materias_y_talleres_por_anio ===
[2026-06-05 19:08:23] Año: 4
[2026-06-05 19:08:23] Query materias: SELECT DISTINCT m.ID_materia, m.Nom_materia
                       FROM materia m
                       INNER JOIN curso c ON m.id_curso = c.ID_curso
                       WHERE c.curso = '4'
                       AND c.division = 'A'
                       AND m.Nom_materia NOT LIKE '%Taller%'
                       AND m.Nom_materia NOT LIKE '%Tutorias%'
                       AND m.Nom_materia NOT LIKE '%Tutoría%'
                       ORDER BY m.Nom_materia
[2026-06-05 19:08:23] Materias encontradas: 14
[2026-06-05 19:08:23] Total items a enviar: 14
[2026-06-05 19:08:29] === INICIO DE PETICIÓN ===
[2026-06-05 19:08:29] POST data: Array
(
    [action] => guardar_previa
    [alumno_id] => 48825794
    [tipo_item] => materia
    [tipo_previa] => 2
    [id_materia] => 189
)

[2026-06-05 19:08:29] Sesión activa - DNI: 98989898
[2026-06-05 19:08:29] Rol: Admin
[2026-06-05 19:08:29] Conexión a BD exitosa
[2026-06-05 19:08:29] Action: guardar_previa
[2026-06-05 19:08:29] === PROCESANDO guardar_previa ===
[2026-06-05 19:08:29] alumno_id: 48825794
[2026-06-05 19:08:29] id_materia: 189
[2026-06-05 19:08:29] id_taller: NULL
[2026-06-05 19:08:29] tipo_item: materia
[2026-06-05 19:08:29] tipo_previa: 2
[2026-06-05 19:08:29] Query check: SELECT ID_previas FROM previas WHERE DNI_U = '48825794' AND ID_materia = '189' AND ID_taller IS NULL
[2026-06-05 19:08:29] Query insert: INSERT INTO previas (DNI_U, ID_materia, ID_taller, Aprobado, ID_tp) 
                  VALUES ('48825794', '189', NULL, 0, '2')
[2026-06-05 19:08:29] Previa guardada correctamente - filas afectadas: 1
[2026-06-05 19:08:36] === INICIO DE PETICIÓN ===
[2026-06-05 19:08:36] POST data: Array
(
    [action] => get_alumnos
    [curso_id] => 15
)

[2026-06-05 19:08:36] Sesión activa - DNI: 98989898
[2026-06-05 19:08:36] Rol: Admin
[2026-06-05 19:08:36] Conexión a BD exitosa
[2026-06-05 19:08:36] Action: get_alumnos
[2026-06-05 19:08:36] === PROCESANDO get_alumnos ===
[2026-06-05 19:08:36] Curso ID: 15
[2026-06-05 19:08:36] Query alumnos: SELECT u.DNI_U, u.Nombre, u.Apellido
              FROM usuario u
              WHERE u.id_curso = '15'
              AND u.ID_rol = 3
              AND u.ID_Estado = 1
              ORDER BY u.Apellido, u.Nombre
[2026-06-05 19:08:36] Alumnos encontrados: 24
[2026-06-05 19:08:42] === INICIO DE PETICIÓN ===
[2026-06-05 19:08:42] POST data: Array
(
    [action] => get_materias_y_talleres_por_anio
    [anio] => 2
)

[2026-06-05 19:08:42] Sesión activa - DNI: 98989898
[2026-06-05 19:08:42] Rol: Admin
[2026-06-05 19:08:42] Conexión a BD exitosa
[2026-06-05 19:08:42] Action: get_materias_y_talleres_por_anio
[2026-06-05 19:08:42] === PROCESANDO get_materias_y_talleres_por_anio ===
[2026-06-05 19:08:42] Año: 2
[2026-06-05 19:08:42] Query materias: SELECT DISTINCT m.ID_materia, m.Nom_materia
                       FROM materia m
                       INNER JOIN curso c ON m.id_curso = c.ID_curso
                       WHERE c.curso = '2'
                       AND c.division = 'A'
                       AND m.Nom_materia NOT LIKE '%Taller%'
                       AND m.Nom_materia NOT LIKE '%Tutorias%'
                       AND m.Nom_materia NOT LIKE '%Tutoría%'
                       ORDER BY m.Nom_materia
[2026-06-05 19:08:42] Materias encontradas: 11
[2026-06-05 19:08:42] Query talleres: SELECT ID_taller, nombre 
                           FROM talleres 
                           WHERE anio_taller = 'II' 
                           AND activo = 1
                           ORDER BY nombre
[2026-06-05 19:08:42] Talleres encontrados: 6
[2026-06-05 19:08:42] Total items a enviar: 17
[2026-06-05 19:08:46] === INICIO DE PETICIÓN ===
[2026-06-05 19:08:46] POST data: Array
(
    [action] => guardar_previa
    [alumno_id] => 49098266
    [tipo_item] => materia
    [tipo_previa] => 2
    [id_materia] => 87
)

[2026-06-05 19:08:46] Sesión activa - DNI: 98989898
[2026-06-05 19:08:46] Rol: Admin
[2026-06-05 19:08:46] Conexión a BD exitosa
[2026-06-05 19:08:46] Action: guardar_previa
[2026-06-05 19:08:46] === PROCESANDO guardar_previa ===
[2026-06-05 19:08:46] alumno_id: 49098266
[2026-06-05 19:08:46] id_materia: 87
[2026-06-05 19:08:46] id_taller: NULL
[2026-06-05 19:08:46] tipo_item: materia
[2026-06-05 19:08:46] tipo_previa: 2
[2026-06-05 19:08:46] Query check: SELECT ID_previas FROM previas WHERE DNI_U = '49098266' AND ID_materia = '87' AND ID_taller IS NULL
[2026-06-05 19:08:46] Query insert: INSERT INTO previas (DNI_U, ID_materia, ID_taller, Aprobado, ID_tp) 
                  VALUES ('49098266', '87', NULL, 0, '2')
[2026-06-05 19:08:46] Previa guardada correctamente - filas afectadas: 1
[2026-06-05 19:08:48] === INICIO DE PETICIÓN ===
[2026-06-05 19:08:48] POST data: Array
(
    [action] => get_alumnos
    [curso_id] => 15
)

[2026-06-05 19:08:48] Sesión activa - DNI: 98989898
[2026-06-05 19:08:48] Rol: Admin
[2026-06-05 19:08:48] Conexión a BD exitosa
[2026-06-05 19:08:48] Action: get_alumnos
[2026-06-05 19:08:48] === PROCESANDO get_alumnos ===
[2026-06-05 19:08:48] Curso ID: 15
[2026-06-05 19:08:48] Query alumnos: SELECT u.DNI_U, u.Nombre, u.Apellido
              FROM usuario u
              WHERE u.id_curso = '15'
              AND u.ID_rol = 3
              AND u.ID_Estado = 1
              ORDER BY u.Apellido, u.Nombre
[2026-06-05 19:08:48] Alumnos encontrados: 24
[2026-06-05 19:09:15] === INICIO DE PETICIÓN ===
[2026-06-05 19:09:15] POST data: Array
(
    [action] => get_materias_y_talleres_por_anio
    [anio] => 4
)

[2026-06-05 19:09:15] Sesión activa - DNI: 98989898
[2026-06-05 19:09:15] Rol: Admin
[2026-06-05 19:09:15] Conexión a BD exitosa
[2026-06-05 19:09:15] Action: get_materias_y_talleres_por_anio
[2026-06-05 19:09:15] === PROCESANDO get_materias_y_talleres_por_anio ===
[2026-06-05 19:09:15] Año: 4
[2026-06-05 19:09:15] Query materias: SELECT DISTINCT m.ID_materia, m.Nom_materia
                       FROM materia m
                       INNER JOIN curso c ON m.id_curso = c.ID_curso
                       WHERE c.curso = '4'
                       AND c.division = 'A'
                       AND m.Nom_materia NOT LIKE '%Taller%'
                       AND m.Nom_materia NOT LIKE '%Tutorias%'
                       AND m.Nom_materia NOT LIKE '%Tutoría%'
                       ORDER BY m.Nom_materia
[2026-06-05 19:09:15] Materias encontradas: 14
[2026-06-05 19:09:15] Total items a enviar: 14
[2026-06-05 19:09:21] === INICIO DE PETICIÓN ===
[2026-06-05 19:09:21] POST data: Array
(
    [action] => guardar_previa
    [alumno_id] => 49098266
    [tipo_item] => materia
    [tipo_previa] => 2
    [id_materia] => 183
)

[2026-06-05 19:09:21] Sesión activa - DNI: 98989898
[2026-06-05 19:09:21] Rol: Admin
[2026-06-05 19:09:21] Conexión a BD exitosa
[2026-06-05 19:09:21] Action: guardar_previa
[2026-06-05 19:09:21] === PROCESANDO guardar_previa ===
[2026-06-05 19:09:21] alumno_id: 49098266
[2026-06-05 19:09:21] id_materia: 183
[2026-06-05 19:09:21] id_taller: NULL
[2026-06-05 19:09:21] tipo_item: materia
[2026-06-05 19:09:21] tipo_previa: 2
[2026-06-05 19:09:21] Query check: SELECT ID_previas FROM previas WHERE DNI_U = '49098266' AND ID_materia = '183' AND ID_taller IS NULL
[2026-06-05 19:09:21] Query insert: INSERT INTO previas (DNI_U, ID_materia, ID_taller, Aprobado, ID_tp) 
                  VALUES ('49098266', '183', NULL, 0, '2')
[2026-06-05 19:09:21] Previa guardada correctamente - filas afectadas: 1
[2026-06-05 19:09:23] === INICIO DE PETICIÓN ===
[2026-06-05 19:09:23] POST data: Array
(
    [action] => get_alumnos
    [curso_id] => 15
)

[2026-06-05 19:09:23] Sesión activa - DNI: 98989898
[2026-06-05 19:09:23] Rol: Admin
[2026-06-05 19:09:23] Conexión a BD exitosa
[2026-06-05 19:09:23] Action: get_alumnos
[2026-06-05 19:09:23] === PROCESANDO get_alumnos ===
[2026-06-05 19:09:23] Curso ID: 15
[2026-06-05 19:09:23] Query alumnos: SELECT u.DNI_U, u.Nombre, u.Apellido
              FROM usuario u
              WHERE u.id_curso = '15'
              AND u.ID_rol = 3
              AND u.ID_Estado = 1
              ORDER BY u.Apellido, u.Nombre
[2026-06-05 19:09:23] Alumnos encontrados: 24
[2026-06-05 19:09:27] === INICIO DE PETICIÓN ===
[2026-06-05 19:09:27] POST data: Array
(
    [action] => get_materias_y_talleres_por_anio
    [anio] => 5
)

[2026-06-05 19:09:27] Sesión activa - DNI: 98989898
[2026-06-05 19:09:27] Rol: Admin
[2026-06-05 19:09:27] Conexión a BD exitosa
[2026-06-05 19:09:27] Action: get_materias_y_talleres_por_anio
[2026-06-05 19:09:27] === PROCESANDO get_materias_y_talleres_por_anio ===
[2026-06-05 19:09:27] Año: 5
[2026-06-05 19:09:27] Query materias: SELECT DISTINCT m.ID_materia, m.Nom_materia
                       FROM materia m
                       INNER JOIN curso c ON m.id_curso = c.ID_curso
                       WHERE c.curso = '5'
                       AND c.division = 'A'
                       AND m.Nom_materia NOT LIKE '%Taller%'
                       AND m.Nom_materia NOT LIKE '%Tutorias%'
                       AND m.Nom_materia NOT LIKE '%Tutoría%'
                       ORDER BY m.Nom_materia
[2026-06-05 19:09:27] Materias encontradas: 15
[2026-06-05 19:09:27] Total items a enviar: 15
[2026-06-05 19:09:28] === INICIO DE PETICIÓN ===
[2026-06-05 19:09:28] POST data: Array
(
    [action] => get_materias_y_talleres_por_anio
    [anio] => 4
)

[2026-06-05 19:09:28] Sesión activa - DNI: 98989898
[2026-06-05 19:09:28] Rol: Admin
[2026-06-05 19:09:28] Conexión a BD exitosa
[2026-06-05 19:09:28] Action: get_materias_y_talleres_por_anio
[2026-06-05 19:09:28] === PROCESANDO get_materias_y_talleres_por_anio ===
[2026-06-05 19:09:28] Año: 4
[2026-06-05 19:09:28] Query materias: SELECT DISTINCT m.ID_materia, m.Nom_materia
                       FROM materia m
                       INNER JOIN curso c ON m.id_curso = c.ID_curso
                       WHERE c.curso = '4'
                       AND c.division = 'A'
                       AND m.Nom_materia NOT LIKE '%Taller%'
                       AND m.Nom_materia NOT LIKE '%Tutorias%'
                       AND m.Nom_materia NOT LIKE '%Tutoría%'
                       ORDER BY m.Nom_materia
[2026-06-05 19:09:28] Materias encontradas: 14
[2026-06-05 19:09:28] Total items a enviar: 14
[2026-06-05 19:09:35] === INICIO DE PETICIÓN ===
[2026-06-05 19:09:35] POST data: Array
(
    [action] => guardar_previa
    [alumno_id] => 49098266
    [tipo_item] => materia
    [tipo_previa] => 2
    [id_materia] => 186
)

[2026-06-05 19:09:35] Sesión activa - DNI: 98989898
[2026-06-05 19:09:35] Rol: Admin
[2026-06-05 19:09:35] Conexión a BD exitosa
[2026-06-05 19:09:35] Action: guardar_previa
[2026-06-05 19:09:35] === PROCESANDO guardar_previa ===
[2026-06-05 19:09:35] alumno_id: 49098266
[2026-06-05 19:09:35] id_materia: 186
[2026-06-05 19:09:35] id_taller: NULL
[2026-06-05 19:09:35] tipo_item: materia
[2026-06-05 19:09:35] tipo_previa: 2
[2026-06-05 19:09:35] Query check: SELECT ID_previas FROM previas WHERE DNI_U = '49098266' AND ID_materia = '186' AND ID_taller IS NULL
[2026-06-05 19:09:35] Query insert: INSERT INTO previas (DNI_U, ID_materia, ID_taller, Aprobado, ID_tp) 
                  VALUES ('49098266', '186', NULL, 0, '2')
[2026-06-05 19:09:35] Previa guardada correctamente - filas afectadas: 1
[2026-06-05 19:09:37] === INICIO DE PETICIÓN ===
[2026-06-05 19:09:37] POST data: Array
(
    [action] => get_alumnos
    [curso_id] => 15
)

[2026-06-05 19:09:37] Sesión activa - DNI: 98989898
[2026-06-05 19:09:37] Rol: Admin
[2026-06-05 19:09:37] Conexión a BD exitosa
[2026-06-05 19:09:37] Action: get_alumnos
[2026-06-05 19:09:37] === PROCESANDO get_alumnos ===
[2026-06-05 19:09:37] Curso ID: 15
[2026-06-05 19:09:37] Query alumnos: SELECT u.DNI_U, u.Nombre, u.Apellido
              FROM usuario u
              WHERE u.id_curso = '15'
              AND u.ID_rol = 3
              AND u.ID_Estado = 1
              ORDER BY u.Apellido, u.Nombre
[2026-06-05 19:09:37] Alumnos encontrados: 24
[2026-06-05 19:09:43] === INICIO DE PETICIÓN ===
[2026-06-05 19:09:43] POST data: Array
(
    [action] => get_materias_y_talleres_por_anio
    [anio] => 4
)

[2026-06-05 19:09:43] Sesión activa - DNI: 98989898
[2026-06-05 19:09:43] Rol: Admin
[2026-06-05 19:09:43] Conexión a BD exitosa
[2026-06-05 19:09:43] Action: get_materias_y_talleres_por_anio
[2026-06-05 19:09:43] === PROCESANDO get_materias_y_talleres_por_anio ===
[2026-06-05 19:09:43] Año: 4
[2026-06-05 19:09:43] Query materias: SELECT DISTINCT m.ID_materia, m.Nom_materia
                       FROM materia m
                       INNER JOIN curso c ON m.id_curso = c.ID_curso
                       WHERE c.curso = '4'
                       AND c.division = 'A'
                       AND m.Nom_materia NOT LIKE '%Taller%'
                       AND m.Nom_materia NOT LIKE '%Tutorias%'
                       AND m.Nom_materia NOT LIKE '%Tutoría%'
                       ORDER BY m.Nom_materia
[2026-06-05 19:09:43] Materias encontradas: 14
[2026-06-05 19:09:43] Total items a enviar: 14
[2026-06-05 19:09:49] === INICIO DE PETICIÓN ===
[2026-06-05 19:09:49] POST data: Array
(
    [action] => guardar_previa
    [alumno_id] => 49098266
    [tipo_item] => materia
    [tipo_previa] => 2
    [id_materia] => 189
)

[2026-06-05 19:09:49] Sesión activa - DNI: 98989898
[2026-06-05 19:09:49] Rol: Admin
[2026-06-05 19:09:49] Conexión a BD exitosa
[2026-06-05 19:09:49] Action: guardar_previa
[2026-06-05 19:09:49] === PROCESANDO guardar_previa ===
[2026-06-05 19:09:49] alumno_id: 49098266
[2026-06-05 19:09:49] id_materia: 189
[2026-06-05 19:09:49] id_taller: NULL
[2026-06-05 19:09:49] tipo_item: materia
[2026-06-05 19:09:49] tipo_previa: 2
[2026-06-05 19:09:49] Query check: SELECT ID_previas FROM previas WHERE DNI_U = '49098266' AND ID_materia = '189' AND ID_taller IS NULL
[2026-06-05 19:09:49] Query insert: INSERT INTO previas (DNI_U, ID_materia, ID_taller, Aprobado, ID_tp) 
                  VALUES ('49098266', '189', NULL, 0, '2')
[2026-06-05 19:09:49] Previa guardada correctamente - filas afectadas: 1
[2026-06-05 19:09:59] === INICIO DE PETICIÓN ===
[2026-06-05 19:09:59] POST data: Array
(
    [action] => get_alumnos
    [curso_id] => 15
)

[2026-06-05 19:09:59] Sesión activa - DNI: 98989898
[2026-06-05 19:09:59] Rol: Admin
[2026-06-05 19:09:59] Conexión a BD exitosa
[2026-06-05 19:09:59] Action: get_alumnos
[2026-06-05 19:09:59] === PROCESANDO get_alumnos ===
[2026-06-05 19:09:59] Curso ID: 15
[2026-06-05 19:09:59] Query alumnos: SELECT u.DNI_U, u.Nombre, u.Apellido
              FROM usuario u
              WHERE u.id_curso = '15'
              AND u.ID_rol = 3
              AND u.ID_Estado = 1
              ORDER BY u.Apellido, u.Nombre
[2026-06-05 19:09:59] Alumnos encontrados: 24
[2026-06-05 19:10:08] === INICIO DE PETICIÓN ===
[2026-06-05 19:10:08] POST data: Array
(
    [action] => get_materias_y_talleres_por_anio
    [anio] => 2
)

[2026-06-05 19:10:08] Sesión activa - DNI: 98989898
[2026-06-05 19:10:08] Rol: Admin
[2026-06-05 19:10:08] Conexión a BD exitosa
[2026-06-05 19:10:08] Action: get_materias_y_talleres_por_anio
[2026-06-05 19:10:08] === PROCESANDO get_materias_y_talleres_por_anio ===
[2026-06-05 19:10:08] Año: 2
[2026-06-05 19:10:08] Query materias: SELECT DISTINCT m.ID_materia, m.Nom_materia
                       FROM materia m
                       INNER JOIN curso c ON m.id_curso = c.ID_curso
                       WHERE c.curso = '2'
                       AND c.division = 'A'
                       AND m.Nom_materia NOT LIKE '%Taller%'
                       AND m.Nom_materia NOT LIKE '%Tutorias%'
                       AND m.Nom_materia NOT LIKE '%Tutoría%'
                       ORDER BY m.Nom_materia
[2026-06-05 19:10:08] Materias encontradas: 11
[2026-06-05 19:10:08] Query talleres: SELECT ID_taller, nombre 
                           FROM talleres 
                           WHERE anio_taller = 'II' 
                           AND activo = 1
                           ORDER BY nombre
[2026-06-05 19:10:08] Talleres encontrados: 6
[2026-06-05 19:10:08] Total items a enviar: 17
[2026-06-05 19:10:15] === INICIO DE PETICIÓN ===
[2026-06-05 19:10:15] POST data: Array
(
    [action] => guardar_previa
    [alumno_id] => 49570601
    [tipo_item] => materia
    [tipo_previa] => 2
    [id_materia] => 82
)

[2026-06-05 19:10:15] Sesión activa - DNI: 98989898
[2026-06-05 19:10:15] Rol: Admin
[2026-06-05 19:10:15] Conexión a BD exitosa
[2026-06-05 19:10:15] Action: guardar_previa
[2026-06-05 19:10:15] === PROCESANDO guardar_previa ===
[2026-06-05 19:10:15] alumno_id: 49570601
[2026-06-05 19:10:15] id_materia: 82
[2026-06-05 19:10:15] id_taller: NULL
[2026-06-05 19:10:15] tipo_item: materia
[2026-06-05 19:10:15] tipo_previa: 2
[2026-06-05 19:10:15] Query check: SELECT ID_previas FROM previas WHERE DNI_U = '49570601' AND ID_materia = '82' AND ID_taller IS NULL
[2026-06-05 19:10:15] Query insert: INSERT INTO previas (DNI_U, ID_materia, ID_taller, Aprobado, ID_tp) 
                  VALUES ('49570601', '82', NULL, 0, '2')
[2026-06-05 19:10:15] Previa guardada correctamente - filas afectadas: 1
[2026-06-05 19:10:18] === INICIO DE PETICIÓN ===
[2026-06-05 19:10:18] POST data: Array
(
    [action] => get_alumnos
    [curso_id] => 15
)

[2026-06-05 19:10:18] Sesión activa - DNI: 98989898
[2026-06-05 19:10:18] Rol: Admin
[2026-06-05 19:10:18] Conexión a BD exitosa
[2026-06-05 19:10:18] Action: get_alumnos
[2026-06-05 19:10:18] === PROCESANDO get_alumnos ===
[2026-06-05 19:10:18] Curso ID: 15
[2026-06-05 19:10:18] Query alumnos: SELECT u.DNI_U, u.Nombre, u.Apellido
              FROM usuario u
              WHERE u.id_curso = '15'
              AND u.ID_rol = 3
              AND u.ID_Estado = 1
              ORDER BY u.Apellido, u.Nombre
[2026-06-05 19:10:18] Alumnos encontrados: 24
[2026-06-05 19:10:26] === INICIO DE PETICIÓN ===
[2026-06-05 19:10:26] POST data: Array
(
    [action] => get_materias_y_talleres_por_anio
    [anio] => 4
)

[2026-06-05 19:10:26] Sesión activa - DNI: 98989898
[2026-06-05 19:10:26] Rol: Admin
[2026-06-05 19:10:26] Conexión a BD exitosa
[2026-06-05 19:10:26] Action: get_materias_y_talleres_por_anio
[2026-06-05 19:10:26] === PROCESANDO get_materias_y_talleres_por_anio ===
[2026-06-05 19:10:26] Año: 4
[2026-06-05 19:10:26] Query materias: SELECT DISTINCT m.ID_materia, m.Nom_materia
                       FROM materia m
                       INNER JOIN curso c ON m.id_curso = c.ID_curso
                       WHERE c.curso = '4'
                       AND c.division = 'A'
                       AND m.Nom_materia NOT LIKE '%Taller%'
                       AND m.Nom_materia NOT LIKE '%Tutorias%'
                       AND m.Nom_materia NOT LIKE '%Tutoría%'
                       ORDER BY m.Nom_materia
[2026-06-05 19:10:26] Materias encontradas: 14
[2026-06-05 19:10:26] Total items a enviar: 14
[2026-06-05 19:10:30] === INICIO DE PETICIÓN ===
[2026-06-05 19:10:30] POST data: Array
(
    [action] => guardar_previa
    [alumno_id] => 49570601
    [tipo_item] => materia
    [tipo_previa] => 2
    [id_materia] => 186
)

[2026-06-05 19:10:30] Sesión activa - DNI: 98989898
[2026-06-05 19:10:30] Rol: Admin
[2026-06-05 19:10:30] Conexión a BD exitosa
[2026-06-05 19:10:30] Action: guardar_previa
[2026-06-05 19:10:30] === PROCESANDO guardar_previa ===
[2026-06-05 19:10:30] alumno_id: 49570601
[2026-06-05 19:10:30] id_materia: 186
[2026-06-05 19:10:30] id_taller: NULL
[2026-06-05 19:10:30] tipo_item: materia
[2026-06-05 19:10:30] tipo_previa: 2
[2026-06-05 19:10:30] Query check: SELECT ID_previas FROM previas WHERE DNI_U = '49570601' AND ID_materia = '186' AND ID_taller IS NULL
[2026-06-05 19:10:30] Query insert: INSERT INTO previas (DNI_U, ID_materia, ID_taller, Aprobado, ID_tp) 
                  VALUES ('49570601', '186', NULL, 0, '2')
[2026-06-05 19:10:30] Previa guardada correctamente - filas afectadas: 1
[2026-06-05 19:10:32] === INICIO DE PETICIÓN ===
[2026-06-05 19:10:32] POST data: Array
(
    [action] => get_alumnos
    [curso_id] => 15
)

[2026-06-05 19:10:32] Sesión activa - DNI: 98989898
[2026-06-05 19:10:32] Rol: Admin
[2026-06-05 19:10:32] Conexión a BD exitosa
[2026-06-05 19:10:32] Action: get_alumnos
[2026-06-05 19:10:32] === PROCESANDO get_alumnos ===
[2026-06-05 19:10:32] Curso ID: 15
[2026-06-05 19:10:32] Query alumnos: SELECT u.DNI_U, u.Nombre, u.Apellido
              FROM usuario u
              WHERE u.id_curso = '15'
              AND u.ID_rol = 3
              AND u.ID_Estado = 1
              ORDER BY u.Apellido, u.Nombre
[2026-06-05 19:10:32] Alumnos encontrados: 24
[2026-06-05 19:10:37] === INICIO DE PETICIÓN ===
[2026-06-05 19:10:37] POST data: Array
(
    [action] => get_materias_y_talleres_por_anio
    [anio] => 4
)

[2026-06-05 19:10:37] Sesión activa - DNI: 98989898
[2026-06-05 19:10:37] Rol: Admin
[2026-06-05 19:10:37] Conexión a BD exitosa
[2026-06-05 19:10:37] Action: get_materias_y_talleres_por_anio
[2026-06-05 19:10:37] === PROCESANDO get_materias_y_talleres_por_anio ===
[2026-06-05 19:10:37] Año: 4
[2026-06-05 19:10:37] Query materias: SELECT DISTINCT m.ID_materia, m.Nom_materia
                       FROM materia m
                       INNER JOIN curso c ON m.id_curso = c.ID_curso
                       WHERE c.curso = '4'
                       AND c.division = 'A'
                       AND m.Nom_materia NOT LIKE '%Taller%'
                       AND m.Nom_materia NOT LIKE '%Tutorias%'
                       AND m.Nom_materia NOT LIKE '%Tutoría%'
                       ORDER BY m.Nom_materia
[2026-06-05 19:10:37] Materias encontradas: 14
[2026-06-05 19:10:37] Total items a enviar: 14
[2026-06-05 19:10:42] === INICIO DE PETICIÓN ===
[2026-06-05 19:10:42] POST data: Array
(
    [action] => guardar_previa
    [alumno_id] => 49570601
    [tipo_item] => materia
    [tipo_previa] => 2
    [id_materia] => 189
)

[2026-06-05 19:10:42] Sesión activa - DNI: 98989898
[2026-06-05 19:10:42] Rol: Admin
[2026-06-05 19:10:42] Conexión a BD exitosa
[2026-06-05 19:10:42] Action: guardar_previa
[2026-06-05 19:10:42] === PROCESANDO guardar_previa ===
[2026-06-05 19:10:42] alumno_id: 49570601
[2026-06-05 19:10:42] id_materia: 189
[2026-06-05 19:10:42] id_taller: NULL
[2026-06-05 19:10:42] tipo_item: materia
[2026-06-05 19:10:42] tipo_previa: 2
[2026-06-05 19:10:42] Query check: SELECT ID_previas FROM previas WHERE DNI_U = '49570601' AND ID_materia = '189' AND ID_taller IS NULL
[2026-06-05 19:10:42] Query insert: INSERT INTO previas (DNI_U, ID_materia, ID_taller, Aprobado, ID_tp) 
                  VALUES ('49570601', '189', NULL, 0, '2')
[2026-06-05 19:10:42] Previa guardada correctamente - filas afectadas: 1
[2026-06-05 19:10:55] === INICIO DE PETICIÓN ===
[2026-06-05 19:10:55] POST data: Array
(
    [action] => get_alumnos
    [curso_id] => 15
)

[2026-06-05 19:10:55] Sesión activa - DNI: 98989898
[2026-06-05 19:10:55] Rol: Admin
[2026-06-05 19:10:55] Conexión a BD exitosa
[2026-06-05 19:10:55] Action: get_alumnos
[2026-06-05 19:10:55] === PROCESANDO get_alumnos ===
[2026-06-05 19:10:55] Curso ID: 15
[2026-06-05 19:10:55] Query alumnos: SELECT u.DNI_U, u.Nombre, u.Apellido
              FROM usuario u
              WHERE u.id_curso = '15'
              AND u.ID_rol = 3
              AND u.ID_Estado = 1
              ORDER BY u.Apellido, u.Nombre
[2026-06-05 19:10:55] Alumnos encontrados: 24
[2026-06-05 19:11:01] === INICIO DE PETICIÓN ===
[2026-06-05 19:11:01] POST data: Array
(
    [action] => get_materias_y_talleres_por_anio
    [anio] => 1
)

[2026-06-05 19:11:01] Sesión activa - DNI: 98989898
[2026-06-05 19:11:01] Rol: Admin
[2026-06-05 19:11:01] Conexión a BD exitosa
[2026-06-05 19:11:01] Action: get_materias_y_talleres_por_anio
[2026-06-05 19:11:01] === PROCESANDO get_materias_y_talleres_por_anio ===
[2026-06-05 19:11:01] Año: 1
[2026-06-05 19:11:01] Query materias: SELECT DISTINCT m.ID_materia, m.Nom_materia
                       FROM materia m
                       INNER JOIN curso c ON m.id_curso = c.ID_curso
                       WHERE c.curso = '1'
                       AND c.division = 'A'
                       AND m.Nom_materia NOT LIKE '%Taller%'
                       AND m.Nom_materia NOT LIKE '%Tutorias%'
                       AND m.Nom_materia NOT LIKE '%Tutoría%'
                       ORDER BY m.Nom_materia
[2026-06-05 19:11:01] Materias encontradas: 10
[2026-06-05 19:11:01] Query talleres: SELECT ID_taller, nombre 
                           FROM talleres 
                           WHERE anio_taller = 'I' 
                           AND activo = 1
                           ORDER BY nombre
[2026-06-05 19:11:01] Talleres encontrados: 6
[2026-06-05 19:11:01] Total items a enviar: 16
[2026-06-05 19:11:08] === INICIO DE PETICIÓN ===
[2026-06-05 19:11:08] POST data: Array
(
    [action] => guardar_previa
    [alumno_id] => 49097703
    [tipo_item] => taller
    [tipo_previa] => 1
    [id_taller] => 1
)

[2026-06-05 19:11:08] Sesión activa - DNI: 98989898
[2026-06-05 19:11:08] Rol: Admin
[2026-06-05 19:11:08] Conexión a BD exitosa
[2026-06-05 19:11:08] Action: guardar_previa
[2026-06-05 19:11:08] === PROCESANDO guardar_previa ===
[2026-06-05 19:11:08] alumno_id: 49097703
[2026-06-05 19:11:08] id_materia: NULL
[2026-06-05 19:11:08] id_taller: 1
[2026-06-05 19:11:08] tipo_item: taller
[2026-06-05 19:11:08] tipo_previa: 1
[2026-06-05 19:11:08] Query check: SELECT ID_previas FROM previas WHERE DNI_U = '49097703' AND ID_taller = '1' AND ID_materia IS NULL
[2026-06-05 19:11:08] Query insert: INSERT INTO previas (DNI_U, ID_materia, ID_taller, Aprobado, ID_tp) 
                  VALUES ('49097703', NULL, '1', 0, '1')
[2026-06-05 19:11:08] Previa guardada correctamente - filas afectadas: 1
[2026-06-05 19:11:12] === INICIO DE PETICIÓN ===
[2026-06-05 19:11:12] POST data: Array
(
    [action] => get_alumnos
    [curso_id] => 15
)

[2026-06-05 19:11:12] Sesión activa - DNI: 98989898
[2026-06-05 19:11:12] Rol: Admin
[2026-06-05 19:11:12] Conexión a BD exitosa
[2026-06-05 19:11:12] Action: get_alumnos
[2026-06-05 19:11:12] === PROCESANDO get_alumnos ===
[2026-06-05 19:11:12] Curso ID: 15
[2026-06-05 19:11:12] Query alumnos: SELECT u.DNI_U, u.Nombre, u.Apellido
              FROM usuario u
              WHERE u.id_curso = '15'
              AND u.ID_rol = 3
              AND u.ID_Estado = 1
              ORDER BY u.Apellido, u.Nombre
[2026-06-05 19:11:12] Alumnos encontrados: 24
[2026-06-05 19:11:15] === INICIO DE PETICIÓN ===
[2026-06-05 19:11:15] POST data: Array
(
    [action] => get_materias_y_talleres_por_anio
    [anio] => 5
)

[2026-06-05 19:11:15] Sesión activa - DNI: 98989898
[2026-06-05 19:11:15] Rol: Admin
[2026-06-05 19:11:15] Conexión a BD exitosa
[2026-06-05 19:11:15] Action: get_materias_y_talleres_por_anio
[2026-06-05 19:11:15] === PROCESANDO get_materias_y_talleres_por_anio ===
[2026-06-05 19:11:15] Año: 5
[2026-06-05 19:11:15] Query materias: SELECT DISTINCT m.ID_materia, m.Nom_materia
                       FROM materia m
                       INNER JOIN curso c ON m.id_curso = c.ID_curso
                       WHERE c.curso = '5'
                       AND c.division = 'A'
                       AND m.Nom_materia NOT LIKE '%Taller%'
                       AND m.Nom_materia NOT LIKE '%Tutorias%'
                       AND m.Nom_materia NOT LIKE '%Tutoría%'
                       ORDER BY m.Nom_materia
[2026-06-05 19:11:15] Materias encontradas: 15
[2026-06-05 19:11:15] Total items a enviar: 15
[2026-06-05 19:11:20] === INICIO DE PETICIÓN ===
[2026-06-05 19:11:20] POST data: Array
(
    [action] => get_materias_y_talleres_por_anio
    [anio] => 1
)

[2026-06-05 19:11:20] Sesión activa - DNI: 98989898
[2026-06-05 19:11:20] Rol: Admin
[2026-06-05 19:11:20] Conexión a BD exitosa
[2026-06-05 19:11:20] Action: get_materias_y_talleres_por_anio
[2026-06-05 19:11:20] === PROCESANDO get_materias_y_talleres_por_anio ===
[2026-06-05 19:11:20] Año: 1
[2026-06-05 19:11:20] Query materias: SELECT DISTINCT m.ID_materia, m.Nom_materia
                       FROM materia m
                       INNER JOIN curso c ON m.id_curso = c.ID_curso
                       WHERE c.curso = '1'
                       AND c.division = 'A'
                       AND m.Nom_materia NOT LIKE '%Taller%'
                       AND m.Nom_materia NOT LIKE '%Tutorias%'
                       AND m.Nom_materia NOT LIKE '%Tutoría%'
                       ORDER BY m.Nom_materia
[2026-06-05 19:11:20] Materias encontradas: 10
[2026-06-05 19:11:20] Query talleres: SELECT ID_taller, nombre 
                           FROM talleres 
                           WHERE anio_taller = 'I' 
                           AND activo = 1
                           ORDER BY nombre
[2026-06-05 19:11:20] Talleres encontrados: 6
[2026-06-05 19:11:20] Total items a enviar: 16
[2026-06-05 19:11:25] === INICIO DE PETICIÓN ===
[2026-06-05 19:11:25] POST data: Array
(
    [action] => guardar_previa
    [alumno_id] => 49097703
    [tipo_item] => taller
    [tipo_previa] => 1
    [id_taller] => 8
)

[2026-06-05 19:11:25] Sesión activa - DNI: 98989898
[2026-06-05 19:11:25] Rol: Admin
[2026-06-05 19:11:25] Conexión a BD exitosa
[2026-06-05 19:11:25] Action: guardar_previa
[2026-06-05 19:11:25] === PROCESANDO guardar_previa ===
[2026-06-05 19:11:25] alumno_id: 49097703
[2026-06-05 19:11:25] id_materia: NULL
[2026-06-05 19:11:25] id_taller: 8
[2026-06-05 19:11:25] tipo_item: taller
[2026-06-05 19:11:25] tipo_previa: 1
[2026-06-05 19:11:25] Query check: SELECT ID_previas FROM previas WHERE DNI_U = '49097703' AND ID_taller = '8' AND ID_materia IS NULL
[2026-06-05 19:11:25] Query insert: INSERT INTO previas (DNI_U, ID_materia, ID_taller, Aprobado, ID_tp) 
                  VALUES ('49097703', NULL, '8', 0, '1')
[2026-06-05 19:11:25] Previa guardada correctamente - filas afectadas: 1
[2026-06-05 19:11:27] === INICIO DE PETICIÓN ===
[2026-06-05 19:11:27] POST data: Array
(
    [action] => get_alumnos
    [curso_id] => 15
)

[2026-06-05 19:11:27] Sesión activa - DNI: 98989898
[2026-06-05 19:11:27] Rol: Admin
[2026-06-05 19:11:27] Conexión a BD exitosa
[2026-06-05 19:11:27] Action: get_alumnos
[2026-06-05 19:11:27] === PROCESANDO get_alumnos ===
[2026-06-05 19:11:27] Curso ID: 15
[2026-06-05 19:11:27] Query alumnos: SELECT u.DNI_U, u.Nombre, u.Apellido
              FROM usuario u
              WHERE u.id_curso = '15'
              AND u.ID_rol = 3
              AND u.ID_Estado = 1
              ORDER BY u.Apellido, u.Nombre
[2026-06-05 19:11:27] Alumnos encontrados: 24
[2026-06-05 19:11:30] === INICIO DE PETICIÓN ===
[2026-06-05 19:11:30] POST data: Array
(
    [action] => get_materias_y_talleres_por_anio
    [anio] => 1
)

[2026-06-05 19:11:30] Sesión activa - DNI: 98989898
[2026-06-05 19:11:30] Rol: Admin
[2026-06-05 19:11:30] Conexión a BD exitosa
[2026-06-05 19:11:30] Action: get_materias_y_talleres_por_anio
[2026-06-05 19:11:30] === PROCESANDO get_materias_y_talleres_por_anio ===
[2026-06-05 19:11:30] Año: 1
[2026-06-05 19:11:30] Query materias: SELECT DISTINCT m.ID_materia, m.Nom_materia
                       FROM materia m
                       INNER JOIN curso c ON m.id_curso = c.ID_curso
                       WHERE c.curso = '1'
                       AND c.division = 'A'
                       AND m.Nom_materia NOT LIKE '%Taller%'
                       AND m.Nom_materia NOT LIKE '%Tutorias%'
                       AND m.Nom_materia NOT LIKE '%Tutoría%'
                       ORDER BY m.Nom_materia
[2026-06-05 19:11:30] Materias encontradas: 10
[2026-06-05 19:11:30] Query talleres: SELECT ID_taller, nombre 
                           FROM talleres 
                           WHERE anio_taller = 'I' 
                           AND activo = 1
                           ORDER BY nombre
[2026-06-05 19:11:30] Talleres encontrados: 6
[2026-06-05 19:11:30] Total items a enviar: 16
[2026-06-05 19:11:36] === INICIO DE PETICIÓN ===
[2026-06-05 19:11:36] POST data: Array
(
    [action] => guardar_previa
    [alumno_id] => 49097703
    [tipo_item] => taller
    [tipo_previa] => 1
    [id_taller] => 11
)

[2026-06-05 19:11:36] Sesión activa - DNI: 98989898
[2026-06-05 19:11:36] Rol: Admin
[2026-06-05 19:11:36] Conexión a BD exitosa
[2026-06-05 19:11:36] Action: guardar_previa
[2026-06-05 19:11:36] === PROCESANDO guardar_previa ===
[2026-06-05 19:11:36] alumno_id: 49097703
[2026-06-05 19:11:36] id_materia: NULL
[2026-06-05 19:11:36] id_taller: 11
[2026-06-05 19:11:36] tipo_item: taller
[2026-06-05 19:11:36] tipo_previa: 1
[2026-06-05 19:11:36] Query check: SELECT ID_previas FROM previas WHERE DNI_U = '49097703' AND ID_taller = '11' AND ID_materia IS NULL
[2026-06-05 19:11:36] Query insert: INSERT INTO previas (DNI_U, ID_materia, ID_taller, Aprobado, ID_tp) 
                  VALUES ('49097703', NULL, '11', 0, '1')
[2026-06-05 19:11:36] Previa guardada correctamente - filas afectadas: 1
[2026-06-05 19:11:39] === INICIO DE PETICIÓN ===
[2026-06-05 19:11:39] POST data: Array
(
    [action] => get_alumnos
    [curso_id] => 15
)

[2026-06-05 19:11:39] Sesión activa - DNI: 98989898
[2026-06-05 19:11:39] Rol: Admin
[2026-06-05 19:11:39] Conexión a BD exitosa
[2026-06-05 19:11:39] Action: get_alumnos
[2026-06-05 19:11:39] === PROCESANDO get_alumnos ===
[2026-06-05 19:11:39] Curso ID: 15
[2026-06-05 19:11:39] Query alumnos: SELECT u.DNI_U, u.Nombre, u.Apellido
              FROM usuario u
              WHERE u.id_curso = '15'
              AND u.ID_rol = 3
              AND u.ID_Estado = 1
              ORDER BY u.Apellido, u.Nombre
[2026-06-05 19:11:39] Alumnos encontrados: 24
[2026-06-05 19:11:46] === INICIO DE PETICIÓN ===
[2026-06-05 19:11:46] POST data: Array
(
    [action] => get_materias_y_talleres_por_anio
    [anio] => 4
)

[2026-06-05 19:11:46] Sesión activa - DNI: 98989898
[2026-06-05 19:11:46] Rol: Admin
[2026-06-05 19:11:46] Conexión a BD exitosa
[2026-06-05 19:11:46] Action: get_materias_y_talleres_por_anio
[2026-06-05 19:11:46] === PROCESANDO get_materias_y_talleres_por_anio ===
[2026-06-05 19:11:46] Año: 4
[2026-06-05 19:11:46] Query materias: SELECT DISTINCT m.ID_materia, m.Nom_materia
                       FROM materia m
                       INNER JOIN curso c ON m.id_curso = c.ID_curso
                       WHERE c.curso = '4'
                       AND c.division = 'A'
                       AND m.Nom_materia NOT LIKE '%Taller%'
                       AND m.Nom_materia NOT LIKE '%Tutorias%'
                       AND m.Nom_materia NOT LIKE '%Tutoría%'
                       ORDER BY m.Nom_materia
[2026-06-05 19:11:46] Materias encontradas: 14
[2026-06-05 19:11:46] Total items a enviar: 14
[2026-06-05 19:11:52] === INICIO DE PETICIÓN ===
[2026-06-05 19:11:52] POST data: Array
(
    [action] => guardar_previa
    [alumno_id] => 49097703
    [tipo_item] => materia
    [tipo_previa] => 2
    [id_materia] => 186
)

[2026-06-05 19:11:52] Sesión activa - DNI: 98989898
[2026-06-05 19:11:52] Rol: Admin
[2026-06-05 19:11:52] Conexión a BD exitosa
[2026-06-05 19:11:52] Action: guardar_previa
[2026-06-05 19:11:52] === PROCESANDO guardar_previa ===
[2026-06-05 19:11:52] alumno_id: 49097703
[2026-06-05 19:11:52] id_materia: 186
[2026-06-05 19:11:52] id_taller: NULL
[2026-06-05 19:11:52] tipo_item: materia
[2026-06-05 19:11:52] tipo_previa: 2
[2026-06-05 19:11:52] Query check: SELECT ID_previas FROM previas WHERE DNI_U = '49097703' AND ID_materia = '186' AND ID_taller IS NULL
[2026-06-05 19:11:52] Query insert: INSERT INTO previas (DNI_U, ID_materia, ID_taller, Aprobado, ID_tp) 
                  VALUES ('49097703', '186', NULL, 0, '2')
[2026-06-05 19:11:52] Previa guardada correctamente - filas afectadas: 1
[2026-06-05 19:11:54] === INICIO DE PETICIÓN ===
[2026-06-05 19:11:54] POST data: Array
(
    [action] => get_alumnos
    [curso_id] => 15
)

[2026-06-05 19:11:54] Sesión activa - DNI: 98989898
[2026-06-05 19:11:54] Rol: Admin
[2026-06-05 19:11:55] Conexión a BD exitosa
[2026-06-05 19:11:55] Action: get_alumnos
[2026-06-05 19:11:55] === PROCESANDO get_alumnos ===
[2026-06-05 19:11:55] Curso ID: 15
[2026-06-05 19:11:55] Query alumnos: SELECT u.DNI_U, u.Nombre, u.Apellido
              FROM usuario u
              WHERE u.id_curso = '15'
              AND u.ID_rol = 3
              AND u.ID_Estado = 1
              ORDER BY u.Apellido, u.Nombre
[2026-06-05 19:11:55] Alumnos encontrados: 24
[2026-06-05 19:11:59] === INICIO DE PETICIÓN ===
[2026-06-05 19:11:59] POST data: Array
(
    [action] => get_materias_y_talleres_por_anio
    [anio] => 4
)

[2026-06-05 19:11:59] Sesión activa - DNI: 98989898
[2026-06-05 19:11:59] Rol: Admin
[2026-06-05 19:11:59] Conexión a BD exitosa
[2026-06-05 19:11:59] Action: get_materias_y_talleres_por_anio
[2026-06-05 19:11:59] === PROCESANDO get_materias_y_talleres_por_anio ===
[2026-06-05 19:11:59] Año: 4
[2026-06-05 19:11:59] Query materias: SELECT DISTINCT m.ID_materia, m.Nom_materia
                       FROM materia m
                       INNER JOIN curso c ON m.id_curso = c.ID_curso
                       WHERE c.curso = '4'
                       AND c.division = 'A'
                       AND m.Nom_materia NOT LIKE '%Taller%'
                       AND m.Nom_materia NOT LIKE '%Tutorias%'
                       AND m.Nom_materia NOT LIKE '%Tutoría%'
                       ORDER BY m.Nom_materia
[2026-06-05 19:11:59] Materias encontradas: 14
[2026-06-05 19:11:59] Total items a enviar: 14
[2026-06-05 19:12:04] === INICIO DE PETICIÓN ===
[2026-06-05 19:12:04] POST data: Array
(
    [action] => guardar_previa
    [alumno_id] => 49097703
    [tipo_item] => materia
    [tipo_previa] => 2
    [id_materia] => 185
)

[2026-06-05 19:12:04] Sesión activa - DNI: 98989898
[2026-06-05 19:12:04] Rol: Admin
[2026-06-05 19:12:04] Conexión a BD exitosa
[2026-06-05 19:12:04] Action: guardar_previa
[2026-06-05 19:12:04] === PROCESANDO guardar_previa ===
[2026-06-05 19:12:04] alumno_id: 49097703
[2026-06-05 19:12:04] id_materia: 185
[2026-06-05 19:12:04] id_taller: NULL
[2026-06-05 19:12:04] tipo_item: materia
[2026-06-05 19:12:04] tipo_previa: 2
[2026-06-05 19:12:04] Query check: SELECT ID_previas FROM previas WHERE DNI_U = '49097703' AND ID_materia = '185' AND ID_taller IS NULL
[2026-06-05 19:12:04] Query insert: INSERT INTO previas (DNI_U, ID_materia, ID_taller, Aprobado, ID_tp) 
                  VALUES ('49097703', '185', NULL, 0, '2')
[2026-06-05 19:12:04] Previa guardada correctamente - filas afectadas: 1
[2026-06-05 19:12:06] === INICIO DE PETICIÓN ===
[2026-06-05 19:12:06] POST data: Array
(
    [action] => get_alumnos
    [curso_id] => 15
)

[2026-06-05 19:12:06] Sesión activa - DNI: 98989898
[2026-06-05 19:12:06] Rol: Admin
[2026-06-05 19:12:06] Conexión a BD exitosa
[2026-06-05 19:12:06] Action: get_alumnos
[2026-06-05 19:12:06] === PROCESANDO get_alumnos ===
[2026-06-05 19:12:06] Curso ID: 15
[2026-06-05 19:12:06] Query alumnos: SELECT u.DNI_U, u.Nombre, u.Apellido
              FROM usuario u
              WHERE u.id_curso = '15'
              AND u.ID_rol = 3
              AND u.ID_Estado = 1
              ORDER BY u.Apellido, u.Nombre
[2026-06-05 19:12:06] Alumnos encontrados: 24
[2026-06-05 19:12:11] === INICIO DE PETICIÓN ===
[2026-06-05 19:12:11] POST data: Array
(
    [action] => get_materias_y_talleres_por_anio
    [anio] => 4
)

[2026-06-05 19:12:11] Sesión activa - DNI: 98989898
[2026-06-05 19:12:11] Rol: Admin
[2026-06-05 19:12:11] Conexión a BD exitosa
[2026-06-05 19:12:11] Action: get_materias_y_talleres_por_anio
[2026-06-05 19:12:11] === PROCESANDO get_materias_y_talleres_por_anio ===
[2026-06-05 19:12:11] Año: 4
[2026-06-05 19:12:11] Query materias: SELECT DISTINCT m.ID_materia, m.Nom_materia
                       FROM materia m
                       INNER JOIN curso c ON m.id_curso = c.ID_curso
                       WHERE c.curso = '4'
                       AND c.division = 'A'
                       AND m.Nom_materia NOT LIKE '%Taller%'
                       AND m.Nom_materia NOT LIKE '%Tutorias%'
                       AND m.Nom_materia NOT LIKE '%Tutoría%'
                       ORDER BY m.Nom_materia
[2026-06-05 19:12:11] Materias encontradas: 14
[2026-06-05 19:12:11] Total items a enviar: 14
[2026-06-05 19:12:14] === INICIO DE PETICIÓN ===
[2026-06-05 19:12:14] POST data: Array
(
    [action] => guardar_previa
    [alumno_id] => 49097703
    [tipo_item] => materia
    [tipo_previa] => 2
    [id_materia] => 188
)

[2026-06-05 19:12:14] Sesión activa - DNI: 98989898
[2026-06-05 19:12:14] Rol: Admin
[2026-06-05 19:12:14] Conexión a BD exitosa
[2026-06-05 19:12:14] Action: guardar_previa
[2026-06-05 19:12:14] === PROCESANDO guardar_previa ===
[2026-06-05 19:12:14] alumno_id: 49097703
[2026-06-05 19:12:14] id_materia: 188
[2026-06-05 19:12:14] id_taller: NULL
[2026-06-05 19:12:14] tipo_item: materia
[2026-06-05 19:12:14] tipo_previa: 2
[2026-06-05 19:12:14] Query check: SELECT ID_previas FROM previas WHERE DNI_U = '49097703' AND ID_materia = '188' AND ID_taller IS NULL
[2026-06-05 19:12:14] Query insert: INSERT INTO previas (DNI_U, ID_materia, ID_taller, Aprobado, ID_tp) 
                  VALUES ('49097703', '188', NULL, 0, '2')
[2026-06-05 19:12:14] Previa guardada correctamente - filas afectadas: 1
[2026-06-05 19:12:17] === INICIO DE PETICIÓN ===
[2026-06-05 19:12:17] POST data: Array
(
    [action] => get_alumnos
    [curso_id] => 15
)

[2026-06-05 19:12:17] Sesión activa - DNI: 98989898
[2026-06-05 19:12:17] Rol: Admin
[2026-06-05 19:12:17] Conexión a BD exitosa
[2026-06-05 19:12:17] Action: get_alumnos
[2026-06-05 19:12:17] === PROCESANDO get_alumnos ===
[2026-06-05 19:12:17] Curso ID: 15
[2026-06-05 19:12:17] Query alumnos: SELECT u.DNI_U, u.Nombre, u.Apellido
              FROM usuario u
              WHERE u.id_curso = '15'
              AND u.ID_rol = 3
              AND u.ID_Estado = 1
              ORDER BY u.Apellido, u.Nombre
[2026-06-05 19:12:17] Alumnos encontrados: 24
[2026-06-05 19:12:35] === INICIO DE PETICIÓN ===
[2026-06-05 19:12:35] POST data: Array
(
    [action] => get_materias_y_talleres_por_anio
    [anio] => 4
)

[2026-06-05 19:12:35] Sesión activa - DNI: 98989898
[2026-06-05 19:12:35] Rol: Admin
[2026-06-05 19:12:35] Conexión a BD exitosa
[2026-06-05 19:12:35] Action: get_materias_y_talleres_por_anio
[2026-06-05 19:12:35] === PROCESANDO get_materias_y_talleres_por_anio ===
[2026-06-05 19:12:35] Año: 4
[2026-06-05 19:12:35] Query materias: SELECT DISTINCT m.ID_materia, m.Nom_materia
                       FROM materia m
                       INNER JOIN curso c ON m.id_curso = c.ID_curso
                       WHERE c.curso = '4'
                       AND c.division = 'A'
                       AND m.Nom_materia NOT LIKE '%Taller%'
                       AND m.Nom_materia NOT LIKE '%Tutorias%'
                       AND m.Nom_materia NOT LIKE '%Tutoría%'
                       ORDER BY m.Nom_materia
[2026-06-05 19:12:35] Materias encontradas: 14
[2026-06-05 19:12:35] Total items a enviar: 14
[2026-06-05 19:12:39] === INICIO DE PETICIÓN ===
[2026-06-05 19:12:39] POST data: Array
(
    [action] => guardar_previa
    [alumno_id] => 49097703
    [tipo_item] => materia
    [tipo_previa] => 2
    [id_materia] => 189
)

[2026-06-05 19:12:39] Sesión activa - DNI: 98989898
[2026-06-05 19:12:39] Rol: Admin
[2026-06-05 19:12:39] Conexión a BD exitosa
[2026-06-05 19:12:39] Action: guardar_previa
[2026-06-05 19:12:39] === PROCESANDO guardar_previa ===
[2026-06-05 19:12:39] alumno_id: 49097703
[2026-06-05 19:12:39] id_materia: 189
[2026-06-05 19:12:39] id_taller: NULL
[2026-06-05 19:12:39] tipo_item: materia
[2026-06-05 19:12:39] tipo_previa: 2
[2026-06-05 19:12:39] Query check: SELECT ID_previas FROM previas WHERE DNI_U = '49097703' AND ID_materia = '189' AND ID_taller IS NULL
[2026-06-05 19:12:39] Query insert: INSERT INTO previas (DNI_U, ID_materia, ID_taller, Aprobado, ID_tp) 
                  VALUES ('49097703', '189', NULL, 0, '2')
[2026-06-05 19:12:39] Previa guardada correctamente - filas afectadas: 1
[2026-06-05 19:19:23] === INICIO DE PETICIÓN ===
[2026-06-05 19:19:23] POST data: Array
(
    [action] => get_alumnos
    [curso_id] => 13
)

[2026-06-05 19:19:23] Sesión activa - DNI: 98989898
[2026-06-05 19:19:23] Rol: Admin
[2026-06-05 19:19:23] Conexión a BD exitosa
[2026-06-05 19:19:23] Action: get_alumnos
[2026-06-05 19:19:23] === PROCESANDO get_alumnos ===
[2026-06-05 19:19:23] Curso ID: 13
[2026-06-05 19:19:23] Query alumnos: SELECT u.DNI_U, u.Nombre, u.Apellido
              FROM usuario u
              WHERE u.id_curso = '13'
              AND u.ID_rol = 3
              AND u.ID_Estado = 1
              ORDER BY u.Apellido, u.Nombre
[2026-06-05 19:19:23] Alumnos encontrados: 32
[2026-06-05 19:19:27] === INICIO DE PETICIÓN ===
[2026-06-05 19:19:27] POST data: Array
(
    [action] => get_materias_y_talleres_por_anio
    [anio] => 3
)

[2026-06-05 19:19:27] Sesión activa - DNI: 98989898
[2026-06-05 19:19:27] Rol: Admin
[2026-06-05 19:19:27] Conexión a BD exitosa
[2026-06-05 19:19:27] Action: get_materias_y_talleres_por_anio
[2026-06-05 19:19:27] === PROCESANDO get_materias_y_talleres_por_anio ===
[2026-06-05 19:19:27] Año: 3
[2026-06-05 19:19:27] Query materias: SELECT DISTINCT m.ID_materia, m.Nom_materia
                       FROM materia m
                       INNER JOIN curso c ON m.id_curso = c.ID_curso
                       WHERE c.curso = '3'
                       AND c.division = 'A'
                       AND m.Nom_materia NOT LIKE '%Taller%'
                       AND m.Nom_materia NOT LIKE '%Tutorias%'
                       AND m.Nom_materia NOT LIKE '%Tutoría%'
                       ORDER BY m.Nom_materia
[2026-06-05 19:19:27] Materias encontradas: 14
[2026-06-05 19:19:27] Total items a enviar: 14
[2026-06-05 19:19:43] === INICIO DE PETICIÓN ===
[2026-06-05 19:19:43] POST data: Array
(
    [action] => guardar_previa
    [alumno_id] => 49871675
    [tipo_item] => materia
    [tipo_previa] => 2
    [id_materia] => 146
)

[2026-06-05 19:19:43] Sesión activa - DNI: 98989898
[2026-06-05 19:19:43] Rol: Admin
[2026-06-05 19:19:43] Conexión a BD exitosa
[2026-06-05 19:19:43] Action: guardar_previa
[2026-06-05 19:19:43] === PROCESANDO guardar_previa ===
[2026-06-05 19:19:43] alumno_id: 49871675
[2026-06-05 19:19:43] id_materia: 146
[2026-06-05 19:19:43] id_taller: NULL
[2026-06-05 19:19:43] tipo_item: materia
[2026-06-05 19:19:43] tipo_previa: 2
[2026-06-05 19:19:43] Query check: SELECT ID_previas FROM previas WHERE DNI_U = '49871675' AND ID_materia = '146' AND ID_taller IS NULL
[2026-06-05 19:19:43] Query insert: INSERT INTO previas (DNI_U, ID_materia, ID_taller, Aprobado, ID_tp) 
                  VALUES ('49871675', '146', NULL, 0, '2')
[2026-06-05 19:19:43] Previa guardada correctamente - filas afectadas: 1
[2026-06-05 19:19:51] === INICIO DE PETICIÓN ===
[2026-06-05 19:19:51] POST data: Array
(
    [action] => get_alumnos
    [curso_id] => 13
)

[2026-06-05 19:19:51] Sesión activa - DNI: 98989898
[2026-06-05 19:19:51] Rol: Admin
[2026-06-05 19:19:51] Conexión a BD exitosa
[2026-06-05 19:19:51] Action: get_alumnos
[2026-06-05 19:19:51] === PROCESANDO get_alumnos ===
[2026-06-05 19:19:51] Curso ID: 13
[2026-06-05 19:19:51] Query alumnos: SELECT u.DNI_U, u.Nombre, u.Apellido
              FROM usuario u
              WHERE u.id_curso = '13'
              AND u.ID_rol = 3
              AND u.ID_Estado = 1
              ORDER BY u.Apellido, u.Nombre
[2026-06-05 19:19:51] Alumnos encontrados: 32
[2026-06-05 19:20:03] === INICIO DE PETICIÓN ===
[2026-06-05 19:20:03] POST data: Array
(
    [action] => get_materias_y_talleres_por_anio
    [anio] => 2
)

[2026-06-05 19:20:03] Sesión activa - DNI: 98989898
[2026-06-05 19:20:03] Rol: Admin
[2026-06-05 19:20:03] Conexión a BD exitosa
[2026-06-05 19:20:03] Action: get_materias_y_talleres_por_anio
[2026-06-05 19:20:03] === PROCESANDO get_materias_y_talleres_por_anio ===
[2026-06-05 19:20:03] Año: 2
[2026-06-05 19:20:03] Query materias: SELECT DISTINCT m.ID_materia, m.Nom_materia
                       FROM materia m
                       INNER JOIN curso c ON m.id_curso = c.ID_curso
                       WHERE c.curso = '2'
                       AND c.division = 'A'
                       AND m.Nom_materia NOT LIKE '%Taller%'
                       AND m.Nom_materia NOT LIKE '%Tutorias%'
                       AND m.Nom_materia NOT LIKE '%Tutoría%'
                       ORDER BY m.Nom_materia
[2026-06-05 19:20:03] Materias encontradas: 11
[2026-06-05 19:20:03] Query talleres: SELECT ID_taller, nombre 
                           FROM talleres 
                           WHERE anio_taller = 'II' 
                           AND activo = 1
                           ORDER BY nombre
[2026-06-05 19:20:03] Talleres encontrados: 6
[2026-06-05 19:20:03] Total items a enviar: 17
[2026-06-05 19:20:08] === INICIO DE PETICIÓN ===
[2026-06-05 19:20:08] POST data: Array
(
    [action] => guardar_previa
    [alumno_id] => 49872256
    [tipo_item] => materia
    [tipo_previa] => 2
    [id_materia] => 86
)

[2026-06-05 19:20:08] Sesión activa - DNI: 98989898
[2026-06-05 19:20:08] Rol: Admin
[2026-06-05 19:20:08] Conexión a BD exitosa
[2026-06-05 19:20:08] Action: guardar_previa
[2026-06-05 19:20:08] === PROCESANDO guardar_previa ===
[2026-06-05 19:20:08] alumno_id: 49872256
[2026-06-05 19:20:08] id_materia: 86
[2026-06-05 19:20:08] id_taller: NULL
[2026-06-05 19:20:08] tipo_item: materia
[2026-06-05 19:20:08] tipo_previa: 2
[2026-06-05 19:20:08] Query check: SELECT ID_previas FROM previas WHERE DNI_U = '49872256' AND ID_materia = '86' AND ID_taller IS NULL
[2026-06-05 19:20:08] Query insert: INSERT INTO previas (DNI_U, ID_materia, ID_taller, Aprobado, ID_tp) 
                  VALUES ('49872256', '86', NULL, 0, '2')
[2026-06-05 19:20:08] Previa guardada correctamente - filas afectadas: 1
[2026-06-05 19:20:11] === INICIO DE PETICIÓN ===
[2026-06-05 19:20:11] POST data: Array
(
    [action] => get_alumnos
    [curso_id] => 14
)

[2026-06-05 19:20:11] Sesión activa - DNI: 98989898
[2026-06-05 19:20:11] Rol: Admin
[2026-06-05 19:20:11] Conexión a BD exitosa
[2026-06-05 19:20:11] Action: get_alumnos
[2026-06-05 19:20:11] === PROCESANDO get_alumnos ===
[2026-06-05 19:20:11] Curso ID: 14
[2026-06-05 19:20:11] Query alumnos: SELECT u.DNI_U, u.Nombre, u.Apellido
              FROM usuario u
              WHERE u.id_curso = '14'
              AND u.ID_rol = 3
              AND u.ID_Estado = 1
              ORDER BY u.Apellido, u.Nombre
[2026-06-05 19:20:11] Alumnos encontrados: 29
[2026-06-05 19:20:13] === INICIO DE PETICIÓN ===
[2026-06-05 19:20:13] POST data: Array
(
    [action] => get_alumnos
    [curso_id] => 13
)

[2026-06-05 19:20:13] Sesión activa - DNI: 98989898
[2026-06-05 19:20:13] Rol: Admin
[2026-06-05 19:20:13] Conexión a BD exitosa
[2026-06-05 19:20:13] Action: get_alumnos
[2026-06-05 19:20:13] === PROCESANDO get_alumnos ===
[2026-06-05 19:20:13] Curso ID: 13
[2026-06-05 19:20:13] Query alumnos: SELECT u.DNI_U, u.Nombre, u.Apellido
              FROM usuario u
              WHERE u.id_curso = '13'
              AND u.ID_rol = 3
              AND u.ID_Estado = 1
              ORDER BY u.Apellido, u.Nombre
[2026-06-05 19:20:13] Alumnos encontrados: 32
[2026-06-05 19:20:38] === INICIO DE PETICIÓN ===
[2026-06-05 19:20:38] POST data: Array
(
    [action] => get_alumnos
    [curso_id] => 13
)

[2026-06-05 19:20:38] Sesión activa - DNI: 98989898
[2026-06-05 19:20:38] Rol: Admin
[2026-06-05 19:20:38] Conexión a BD exitosa
[2026-06-05 19:20:38] Action: get_alumnos
[2026-06-05 19:20:38] === PROCESANDO get_alumnos ===
[2026-06-05 19:20:38] Curso ID: 13
[2026-06-05 19:20:38] Query alumnos: SELECT u.DNI_U, u.Nombre, u.Apellido
              FROM usuario u
              WHERE u.id_curso = '13'
              AND u.ID_rol = 3
              AND u.ID_Estado = 1
              ORDER BY u.Apellido, u.Nombre
[2026-06-05 19:20:38] Alumnos encontrados: 32
[2026-06-05 19:20:44] === INICIO DE PETICIÓN ===
[2026-06-05 19:20:44] POST data: Array
(
    [action] => get_materias_y_talleres_por_anio
    [anio] => 2
)

[2026-06-05 19:20:44] Sesión activa - DNI: 98989898
[2026-06-05 19:20:44] Rol: Admin
[2026-06-05 19:20:44] Conexión a BD exitosa
[2026-06-05 19:20:44] Action: get_materias_y_talleres_por_anio
[2026-06-05 19:20:44] === PROCESANDO get_materias_y_talleres_por_anio ===
[2026-06-05 19:20:44] Año: 2
[2026-06-05 19:20:44] Query materias: SELECT DISTINCT m.ID_materia, m.Nom_materia
                       FROM materia m
                       INNER JOIN curso c ON m.id_curso = c.ID_curso
                       WHERE c.curso = '2'
                       AND c.division = 'A'
                       AND m.Nom_materia NOT LIKE '%Taller%'
                       AND m.Nom_materia NOT LIKE '%Tutorias%'
                       AND m.Nom_materia NOT LIKE '%Tutoría%'
                       ORDER BY m.Nom_materia
[2026-06-05 19:20:44] Materias encontradas: 11
[2026-06-05 19:20:44] Query talleres: SELECT ID_taller, nombre 
                           FROM talleres 
                           WHERE anio_taller = 'II' 
                           AND activo = 1
                           ORDER BY nombre
[2026-06-05 19:20:44] Talleres encontrados: 6
[2026-06-05 19:20:44] Total items a enviar: 17
[2026-06-05 19:20:48] === INICIO DE PETICIÓN ===
[2026-06-05 19:20:48] POST data: Array
(
    [action] => guardar_previa
    [alumno_id] => 49872256
    [tipo_item] => materia
    [tipo_previa] => 2
    [id_materia] => 82
)

[2026-06-05 19:20:48] Sesión activa - DNI: 98989898
[2026-06-05 19:20:48] Rol: Admin
[2026-06-05 19:20:48] Conexión a BD exitosa
[2026-06-05 19:20:48] Action: guardar_previa
[2026-06-05 19:20:48] === PROCESANDO guardar_previa ===
[2026-06-05 19:20:48] alumno_id: 49872256
[2026-06-05 19:20:48] id_materia: 82
[2026-06-05 19:20:48] id_taller: NULL
[2026-06-05 19:20:48] tipo_item: materia
[2026-06-05 19:20:48] tipo_previa: 2
[2026-06-05 19:20:48] Query check: SELECT ID_previas FROM previas WHERE DNI_U = '49872256' AND ID_materia = '82' AND ID_taller IS NULL
[2026-06-05 19:20:48] Query insert: INSERT INTO previas (DNI_U, ID_materia, ID_taller, Aprobado, ID_tp) 
                  VALUES ('49872256', '82', NULL, 0, '2')
[2026-06-05 19:20:48] Previa guardada correctamente - filas afectadas: 1
[2026-06-05 19:21:05] === INICIO DE PETICIÓN ===
[2026-06-05 19:21:05] POST data: Array
(
    [action] => get_alumnos
    [curso_id] => 13
)

[2026-06-05 19:21:05] Sesión activa - DNI: 98989898
[2026-06-05 19:21:05] Rol: Admin
[2026-06-05 19:21:05] Conexión a BD exitosa
[2026-06-05 19:21:05] Action: get_alumnos
[2026-06-05 19:21:05] === PROCESANDO get_alumnos ===
[2026-06-05 19:21:05] Curso ID: 13
[2026-06-05 19:21:05] Query alumnos: SELECT u.DNI_U, u.Nombre, u.Apellido
              FROM usuario u
              WHERE u.id_curso = '13'
              AND u.ID_rol = 3
              AND u.ID_Estado = 1
              ORDER BY u.Apellido, u.Nombre
[2026-06-05 19:21:05] Alumnos encontrados: 32
[2026-06-05 19:21:16] === INICIO DE PETICIÓN ===
[2026-06-05 19:21:16] POST data: Array
(
    [action] => get_materias_y_talleres_por_anio
    [anio] => 2
)

[2026-06-05 19:21:16] Sesión activa - DNI: 98989898
[2026-06-05 19:21:16] Rol: Admin
[2026-06-05 19:21:16] Conexión a BD exitosa
[2026-06-05 19:21:16] Action: get_materias_y_talleres_por_anio
[2026-06-05 19:21:16] === PROCESANDO get_materias_y_talleres_por_anio ===
[2026-06-05 19:21:16] Año: 2
[2026-06-05 19:21:16] Query materias: SELECT DISTINCT m.ID_materia, m.Nom_materia
                       FROM materia m
                       INNER JOIN curso c ON m.id_curso = c.ID_curso
                       WHERE c.curso = '2'
                       AND c.division = 'A'
                       AND m.Nom_materia NOT LIKE '%Taller%'
                       AND m.Nom_materia NOT LIKE '%Tutorias%'
                       AND m.Nom_materia NOT LIKE '%Tutoría%'
                       ORDER BY m.Nom_materia
[2026-06-05 19:21:16] Materias encontradas: 11
[2026-06-05 19:21:16] Query talleres: SELECT ID_taller, nombre 
                           FROM talleres 
                           WHERE anio_taller = 'II' 
                           AND activo = 1
                           ORDER BY nombre
[2026-06-05 19:21:16] Talleres encontrados: 6
[2026-06-05 19:21:16] Total items a enviar: 17
[2026-06-05 19:21:25] === INICIO DE PETICIÓN ===
[2026-06-05 19:21:25] POST data: Array
(
    [action] => guardar_previa
    [alumno_id] => 50115504
    [tipo_item] => materia
    [tipo_previa] => 2
    [id_materia] => 82
)

[2026-06-05 19:21:25] Sesión activa - DNI: 98989898
[2026-06-05 19:21:25] Rol: Admin
[2026-06-05 19:21:25] Conexión a BD exitosa
[2026-06-05 19:21:25] Action: guardar_previa
[2026-06-05 19:21:25] === PROCESANDO guardar_previa ===
[2026-06-05 19:21:25] alumno_id: 50115504
[2026-06-05 19:21:25] id_materia: 82
[2026-06-05 19:21:25] id_taller: NULL
[2026-06-05 19:21:25] tipo_item: materia
[2026-06-05 19:21:25] tipo_previa: 2
[2026-06-05 19:21:25] Query check: SELECT ID_previas FROM previas WHERE DNI_U = '50115504' AND ID_materia = '82' AND ID_taller IS NULL
[2026-06-05 19:21:25] Query insert: INSERT INTO previas (DNI_U, ID_materia, ID_taller, Aprobado, ID_tp) 
                  VALUES ('50115504', '82', NULL, 0, '2')
[2026-06-05 19:21:25] Previa guardada correctamente - filas afectadas: 1
[2026-06-05 19:21:34] === INICIO DE PETICIÓN ===
[2026-06-05 19:21:34] POST data: Array
(
    [action] => editar_previa
    [previa_id] => 533
    [tipo_previa] => 2
    [aprobado] => 1
)

[2026-06-05 19:21:34] Sesión activa - DNI: 98989898
[2026-06-05 19:21:34] Rol: Admin
[2026-06-05 19:21:34] Conexión a BD exitosa
[2026-06-05 19:21:34] Action: editar_previa
[2026-06-05 19:21:34] Acción no válida: editar_previa
[2026-06-05 19:22:21] === INICIO DE PETICIÓN ===
[2026-06-05 19:22:21] POST data: Array
(
    [action] => editar_previa
    [previa_id] => 533
    [tipo_previa] => 2
    [aprobado] => 1
)

[2026-06-05 19:22:21] Sesión activa - DNI: 98989898
[2026-06-05 19:22:21] Rol: Admin
[2026-06-05 19:22:21] Conexión a BD exitosa
[2026-06-05 19:22:21] Action: editar_previa
[2026-06-05 19:22:21] Acción no válida: editar_previa
[2026-06-05 19:24:54] === INICIO DE PETICIÓN ===
[2026-06-05 19:24:54] POST data: Array
(
    [action] => editar_previa
    [previa_id] => 533
    [tipo_previa] => 2
    [aprobado] => 1
)

[2026-06-05 19:24:54] Sesión activa - DNI: 98989898
[2026-06-05 19:24:54] Rol: Admin
[2026-06-05 19:24:54] Conexión a BD exitosa
[2026-06-05 19:24:54] Action: editar_previa
[2026-06-05 19:24:54] === editar_previa ===
[2026-06-05 19:24:54] previa_id: 533, tipo_previa: 2, aprobado: 1
[2026-06-05 19:24:54] Query: UPDATE previas SET ID_tp = '2', Aprobado = '1' WHERE ID_previas = '533'
[2026-06-05 19:29:35] === INICIO DE PETICIÓN ===
[2026-06-05 19:29:35] POST data: Array
(
    [action] => get_alumnos
    [curso_id] => 13
)

[2026-06-05 19:29:35] Sesión activa - DNI: 98989898
[2026-06-05 19:29:35] Rol: Admin
[2026-06-05 19:29:35] Conexión a BD exitosa
[2026-06-05 19:29:35] Action: get_alumnos
[2026-06-05 19:29:35] === PROCESANDO get_alumnos ===
[2026-06-05 19:29:35] Curso ID: 13
[2026-06-05 19:29:35] Query alumnos: SELECT u.DNI_U, u.Nombre, u.Apellido
              FROM usuario u
              WHERE u.id_curso = '13'
              AND u.ID_rol = 3
              AND u.ID_Estado = 1
              ORDER BY u.Apellido, u.Nombre
[2026-06-05 19:29:35] Alumnos encontrados: 32
[2026-06-05 19:29:43] === INICIO DE PETICIÓN ===
[2026-06-05 19:29:43] POST data: Array
(
    [action] => get_materias_y_talleres_por_anio
    [anio] => 3
)

[2026-06-05 19:29:43] Sesión activa - DNI: 98989898
[2026-06-05 19:29:43] Rol: Admin
[2026-06-05 19:29:43] Conexión a BD exitosa
[2026-06-05 19:29:43] Action: get_materias_y_talleres_por_anio
[2026-06-05 19:29:43] === PROCESANDO get_materias_y_talleres_por_anio ===
[2026-06-05 19:29:43] Año: 3
[2026-06-05 19:29:43] Query materias: SELECT DISTINCT m.ID_materia, m.Nom_materia
                       FROM materia m
                       INNER JOIN curso c ON m.id_curso = c.ID_curso
                       WHERE c.curso = '3'
                       AND c.division = 'A'
                       AND m.Nom_materia NOT LIKE '%Taller%'
                       AND m.Nom_materia NOT LIKE '%Tutorias%'
                       AND m.Nom_materia NOT LIKE '%Tutoría%'
                       ORDER BY m.Nom_materia
[2026-06-05 19:29:43] Materias encontradas: 14
[2026-06-05 19:29:43] Total items a enviar: 14
[2026-06-05 19:29:47] === INICIO DE PETICIÓN ===
[2026-06-05 19:29:47] POST data: Array
(
    [action] => guardar_previa
    [alumno_id] => 50115504
    [tipo_item] => materia
    [tipo_previa] => 2
    [id_materia] => 146
)

[2026-06-05 19:29:47] Sesión activa - DNI: 98989898
[2026-06-05 19:29:47] Rol: Admin
[2026-06-05 19:29:47] Conexión a BD exitosa
[2026-06-05 19:29:47] Action: guardar_previa
[2026-06-05 19:29:47] === PROCESANDO guardar_previa ===
[2026-06-05 19:29:47] alumno_id: 50115504
[2026-06-05 19:29:47] id_materia: 146
[2026-06-05 19:29:47] id_taller: NULL
[2026-06-05 19:29:47] tipo_item: materia
[2026-06-05 19:29:47] tipo_previa: 2
[2026-06-05 19:29:47] Query check: SELECT ID_previas FROM previas WHERE DNI_U = '50115504' AND ID_materia = '146' AND ID_taller IS NULL
[2026-06-05 19:29:47] Query insert: INSERT INTO previas (DNI_U, ID_materia, ID_taller, Aprobado, ID_tp) 
                  VALUES ('50115504', '146', NULL, 0, '2')
[2026-06-05 19:29:47] Previa guardada correctamente - filas afectadas: 1
[2026-06-05 19:38:30] === INICIO DE PETICIÓN ===
[2026-06-05 19:38:30] POST data: Array
(
    [action] => get_alumnos
    [curso_id] => 13
)

[2026-06-05 19:38:30] Sesión activa - DNI: 98989898
[2026-06-05 19:38:30] Rol: Admin
[2026-06-05 19:38:30] Conexión a BD exitosa
[2026-06-05 19:38:30] Action: get_alumnos
[2026-06-05 19:38:30] === PROCESANDO get_alumnos ===
[2026-06-05 19:38:30] Curso ID: 13
[2026-06-05 19:38:30] Query alumnos: SELECT u.DNI_U, u.Nombre, u.Apellido
              FROM usuario u
              WHERE u.id_curso = '13'
              AND u.ID_rol = 3
              AND u.ID_Estado = 1
              ORDER BY u.Apellido, u.Nombre
[2026-06-05 19:38:30] Alumnos encontrados: 32
[2026-06-05 19:38:35] === INICIO DE PETICIÓN ===
[2026-06-05 19:38:35] POST data: Array
(
    [action] => get_materias_y_talleres_por_anio
    [anio] => 2
)

[2026-06-05 19:38:35] Sesión activa - DNI: 98989898
[2026-06-05 19:38:35] Rol: Admin
[2026-06-05 19:38:35] Conexión a BD exitosa
[2026-06-05 19:38:35] Action: get_materias_y_talleres_por_anio
[2026-06-05 19:38:35] === PROCESANDO get_materias_y_talleres_por_anio ===
[2026-06-05 19:38:35] Año: 2
[2026-06-05 19:38:35] Query materias: SELECT DISTINCT m.ID_materia, m.Nom_materia
                       FROM materia m
                       INNER JOIN curso c ON m.id_curso = c.ID_curso
                       WHERE c.curso = '2'
                       AND c.division = 'A'
                       AND m.Nom_materia NOT LIKE '%Taller%'
                       AND m.Nom_materia NOT LIKE '%Tutorias%'
                       AND m.Nom_materia NOT LIKE '%Tutoría%'
                       ORDER BY m.Nom_materia
[2026-06-05 19:38:35] Materias encontradas: 11
[2026-06-05 19:38:35] Query talleres: SELECT ID_taller, nombre 
                           FROM talleres 
                           WHERE anio_taller = 'II' 
                           AND activo = 1
                           ORDER BY nombre
[2026-06-05 19:38:35] Talleres encontrados: 6
[2026-06-05 19:38:35] Total items a enviar: 17
[2026-06-05 19:38:39] === INICIO DE PETICIÓN ===
[2026-06-05 19:38:39] POST data: Array
(
    [action] => guardar_previa
    [alumno_id] => 50165946
    [tipo_item] => materia
    [tipo_previa] => 2
    [id_materia] => 82
)

[2026-06-05 19:38:39] Sesión activa - DNI: 98989898
[2026-06-05 19:38:39] Rol: Admin
[2026-06-05 19:38:39] Conexión a BD exitosa
[2026-06-05 19:38:39] Action: guardar_previa
[2026-06-05 19:38:39] === PROCESANDO guardar_previa ===
[2026-06-05 19:38:39] alumno_id: 50165946
[2026-06-05 19:38:39] id_materia: 82
[2026-06-05 19:38:39] id_taller: NULL
[2026-06-05 19:38:39] tipo_item: materia
[2026-06-05 19:38:39] tipo_previa: 2
[2026-06-05 19:38:39] Query check: SELECT ID_previas FROM previas WHERE DNI_U = '50165946' AND ID_materia = '82' AND ID_taller IS NULL
[2026-06-05 19:38:39] Query insert: INSERT INTO previas (DNI_U, ID_materia, ID_taller, Aprobado, ID_tp) 
                  VALUES ('50165946', '82', NULL, 0, '2')
[2026-06-05 19:38:39] Previa guardada correctamente - filas afectadas: 1
[2026-06-05 19:38:41] === INICIO DE PETICIÓN ===
[2026-06-05 19:38:41] POST data: Array
(
    [action] => get_alumnos
    [curso_id] => 13
)

[2026-06-05 19:38:41] Sesión activa - DNI: 98989898
[2026-06-05 19:38:41] Rol: Admin
[2026-06-05 19:38:41] Conexión a BD exitosa
[2026-06-05 19:38:41] Action: get_alumnos
[2026-06-05 19:38:41] === PROCESANDO get_alumnos ===
[2026-06-05 19:38:41] Curso ID: 13
[2026-06-05 19:38:41] Query alumnos: SELECT u.DNI_U, u.Nombre, u.Apellido
              FROM usuario u
              WHERE u.id_curso = '13'
              AND u.ID_rol = 3
              AND u.ID_Estado = 1
              ORDER BY u.Apellido, u.Nombre
[2026-06-05 19:38:41] Alumnos encontrados: 32
[2026-06-05 19:38:47] === INICIO DE PETICIÓN ===
[2026-06-05 19:38:47] POST data: Array
(
    [action] => get_materias_y_talleres_por_anio
    [anio] => 3
)

[2026-06-05 19:38:47] Sesión activa - DNI: 98989898
[2026-06-05 19:38:47] Rol: Admin
[2026-06-05 19:38:47] Conexión a BD exitosa
[2026-06-05 19:38:47] Action: get_materias_y_talleres_por_anio
[2026-06-05 19:38:47] === PROCESANDO get_materias_y_talleres_por_anio ===
[2026-06-05 19:38:47] Año: 3
[2026-06-05 19:38:47] Query materias: SELECT DISTINCT m.ID_materia, m.Nom_materia
                       FROM materia m
                       INNER JOIN curso c ON m.id_curso = c.ID_curso
                       WHERE c.curso = '3'
                       AND c.division = 'A'
                       AND m.Nom_materia NOT LIKE '%Taller%'
                       AND m.Nom_materia NOT LIKE '%Tutorias%'
                       AND m.Nom_materia NOT LIKE '%Tutoría%'
                       ORDER BY m.Nom_materia
[2026-06-05 19:38:47] Materias encontradas: 14
[2026-06-05 19:38:47] Total items a enviar: 14
[2026-06-05 19:38:53] === INICIO DE PETICIÓN ===
[2026-06-05 19:38:53] POST data: Array
(
    [action] => guardar_previa
    [alumno_id] => 50165946
    [tipo_item] => materia
    [tipo_previa] => 2
    [id_materia] => 146
)

[2026-06-05 19:38:53] Sesión activa - DNI: 98989898
[2026-06-05 19:38:53] Rol: Admin
[2026-06-05 19:38:53] Conexión a BD exitosa
[2026-06-05 19:38:53] Action: guardar_previa
[2026-06-05 19:38:53] === PROCESANDO guardar_previa ===
[2026-06-05 19:38:53] alumno_id: 50165946
[2026-06-05 19:38:53] id_materia: 146
[2026-06-05 19:38:53] id_taller: NULL
[2026-06-05 19:38:53] tipo_item: materia
[2026-06-05 19:38:53] tipo_previa: 2
[2026-06-05 19:38:53] Query check: SELECT ID_previas FROM previas WHERE DNI_U = '50165946' AND ID_materia = '146' AND ID_taller IS NULL
[2026-06-05 19:38:53] Query insert: INSERT INTO previas (DNI_U, ID_materia, ID_taller, Aprobado, ID_tp) 
                  VALUES ('50165946', '146', NULL, 0, '2')
[2026-06-05 19:38:53] Previa guardada correctamente - filas afectadas: 1
[2026-06-05 19:38:54] === INICIO DE PETICIÓN ===
[2026-06-05 19:38:54] POST data: Array
(
    [action] => get_alumnos
    [curso_id] => 13
)

[2026-06-05 19:38:54] Sesión activa - DNI: 98989898
[2026-06-05 19:38:54] Rol: Admin
[2026-06-05 19:38:54] Conexión a BD exitosa
[2026-06-05 19:38:54] Action: get_alumnos
[2026-06-05 19:38:54] === PROCESANDO get_alumnos ===
[2026-06-05 19:38:54] Curso ID: 13
[2026-06-05 19:38:54] Query alumnos: SELECT u.DNI_U, u.Nombre, u.Apellido
              FROM usuario u
              WHERE u.id_curso = '13'
              AND u.ID_rol = 3
              AND u.ID_Estado = 1
              ORDER BY u.Apellido, u.Nombre
[2026-06-05 19:38:54] Alumnos encontrados: 32
[2026-06-05 19:38:59] === INICIO DE PETICIÓN ===
[2026-06-05 19:38:59] POST data: Array
(
    [action] => get_materias_y_talleres_por_anio
    [anio] => 3
)

[2026-06-05 19:38:59] Sesión activa - DNI: 98989898
[2026-06-05 19:38:59] Rol: Admin
[2026-06-05 19:38:59] Conexión a BD exitosa
[2026-06-05 19:38:59] Action: get_materias_y_talleres_por_anio
[2026-06-05 19:38:59] === PROCESANDO get_materias_y_talleres_por_anio ===
[2026-06-05 19:38:59] Año: 3
[2026-06-05 19:38:59] Query materias: SELECT DISTINCT m.ID_materia, m.Nom_materia
                       FROM materia m
                       INNER JOIN curso c ON m.id_curso = c.ID_curso
                       WHERE c.curso = '3'
                       AND c.division = 'A'
                       AND m.Nom_materia NOT LIKE '%Taller%'
                       AND m.Nom_materia NOT LIKE '%Tutorias%'
                       AND m.Nom_materia NOT LIKE '%Tutoría%'
                       ORDER BY m.Nom_materia
[2026-06-05 19:38:59] Materias encontradas: 14
[2026-06-05 19:38:59] Total items a enviar: 14
[2026-06-05 19:39:06] === INICIO DE PETICIÓN ===
[2026-06-05 19:39:06] POST data: Array
(
    [action] => guardar_previa
    [alumno_id] => 50165946
    [tipo_item] => materia
    [tipo_previa] => 2
    [id_materia] => 142
)

[2026-06-05 19:39:06] Sesión activa - DNI: 98989898
[2026-06-05 19:39:06] Rol: Admin
[2026-06-05 19:39:06] Conexión a BD exitosa
[2026-06-05 19:39:06] Action: guardar_previa
[2026-06-05 19:39:06] === PROCESANDO guardar_previa ===
[2026-06-05 19:39:06] alumno_id: 50165946
[2026-06-05 19:39:06] id_materia: 142
[2026-06-05 19:39:06] id_taller: NULL
[2026-06-05 19:39:06] tipo_item: materia
[2026-06-05 19:39:06] tipo_previa: 2
[2026-06-05 19:39:06] Query check: SELECT ID_previas FROM previas WHERE DNI_U = '50165946' AND ID_materia = '142' AND ID_taller IS NULL
[2026-06-05 19:39:06] Query insert: INSERT INTO previas (DNI_U, ID_materia, ID_taller, Aprobado, ID_tp) 
                  VALUES ('50165946', '142', NULL, 0, '2')
[2026-06-05 19:39:06] Previa guardada correctamente - filas afectadas: 1
[2026-06-05 19:39:14] === INICIO DE PETICIÓN ===
[2026-06-05 19:39:14] POST data: Array
(
    [action] => get_alumnos
    [curso_id] => 13
)

[2026-06-05 19:39:14] Sesión activa - DNI: 98989898
[2026-06-05 19:39:14] Rol: Admin
[2026-06-05 19:39:15] Conexión a BD exitosa
[2026-06-05 19:39:15] Action: get_alumnos
[2026-06-05 19:39:15] === PROCESANDO get_alumnos ===
[2026-06-05 19:39:15] Curso ID: 13
[2026-06-05 19:39:15] Query alumnos: SELECT u.DNI_U, u.Nombre, u.Apellido
              FROM usuario u
              WHERE u.id_curso = '13'
              AND u.ID_rol = 3
              AND u.ID_Estado = 1
              ORDER BY u.Apellido, u.Nombre
[2026-06-05 19:39:15] Alumnos encontrados: 32
[2026-06-05 19:39:19] === INICIO DE PETICIÓN ===
[2026-06-05 19:39:19] POST data: Array
(
    [action] => get_materias_y_talleres_por_anio
    [anio] => 2
)

[2026-06-05 19:39:19] Sesión activa - DNI: 98989898
[2026-06-05 19:39:19] Rol: Admin
[2026-06-05 19:39:19] Conexión a BD exitosa
[2026-06-05 19:39:19] Action: get_materias_y_talleres_por_anio
[2026-06-05 19:39:19] === PROCESANDO get_materias_y_talleres_por_anio ===
[2026-06-05 19:39:19] Año: 2
[2026-06-05 19:39:19] Query materias: SELECT DISTINCT m.ID_materia, m.Nom_materia
                       FROM materia m
                       INNER JOIN curso c ON m.id_curso = c.ID_curso
                       WHERE c.curso = '2'
                       AND c.division = 'A'
                       AND m.Nom_materia NOT LIKE '%Taller%'
                       AND m.Nom_materia NOT LIKE '%Tutorias%'
                       AND m.Nom_materia NOT LIKE '%Tutoría%'
                       ORDER BY m.Nom_materia
[2026-06-05 19:39:19] Materias encontradas: 11
[2026-06-05 19:39:19] Query talleres: SELECT ID_taller, nombre 
                           FROM talleres 
                           WHERE anio_taller = 'II' 
                           AND activo = 1
                           ORDER BY nombre
[2026-06-05 19:39:19] Talleres encontrados: 6
[2026-06-05 19:39:19] Total items a enviar: 17
[2026-06-05 19:39:23] === INICIO DE PETICIÓN ===
[2026-06-05 19:39:23] POST data: Array
(
    [action] => guardar_previa
    [alumno_id] => 49135236
    [tipo_item] => materia
    [tipo_previa] => 2
    [id_materia] => 84
)

[2026-06-05 19:39:23] Sesión activa - DNI: 98989898
[2026-06-05 19:39:23] Rol: Admin
[2026-06-05 19:39:23] Conexión a BD exitosa
[2026-06-05 19:39:23] Action: guardar_previa
[2026-06-05 19:39:23] === PROCESANDO guardar_previa ===
[2026-06-05 19:39:23] alumno_id: 49135236
[2026-06-05 19:39:23] id_materia: 84
[2026-06-05 19:39:23] id_taller: NULL
[2026-06-05 19:39:23] tipo_item: materia
[2026-06-05 19:39:23] tipo_previa: 2
[2026-06-05 19:39:23] Query check: SELECT ID_previas FROM previas WHERE DNI_U = '49135236' AND ID_materia = '84' AND ID_taller IS NULL
[2026-06-05 19:39:23] Query insert: INSERT INTO previas (DNI_U, ID_materia, ID_taller, Aprobado, ID_tp) 
                  VALUES ('49135236', '84', NULL, 0, '2')
[2026-06-05 19:39:23] Previa guardada correctamente - filas afectadas: 1
[2026-06-05 19:39:25] === INICIO DE PETICIÓN ===
[2026-06-05 19:39:25] POST data: Array
(
    [action] => get_alumnos
    [curso_id] => 13
)

[2026-06-05 19:39:25] Sesión activa - DNI: 98989898
[2026-06-05 19:39:25] Rol: Admin
[2026-06-05 19:39:25] Conexión a BD exitosa
[2026-06-05 19:39:25] Action: get_alumnos
[2026-06-05 19:39:25] === PROCESANDO get_alumnos ===
[2026-06-05 19:39:25] Curso ID: 13
[2026-06-05 19:39:25] Query alumnos: SELECT u.DNI_U, u.Nombre, u.Apellido
              FROM usuario u
              WHERE u.id_curso = '13'
              AND u.ID_rol = 3
              AND u.ID_Estado = 1
              ORDER BY u.Apellido, u.Nombre
[2026-06-05 19:39:25] Alumnos encontrados: 32
[2026-06-05 19:39:33] === INICIO DE PETICIÓN ===
[2026-06-05 19:39:33] POST data: Array
(
    [action] => get_materias_y_talleres_por_anio
    [anio] => 2
)

[2026-06-05 19:39:33] Sesión activa - DNI: 98989898
[2026-06-05 19:39:33] Rol: Admin
[2026-06-05 19:39:33] Conexión a BD exitosa
[2026-06-05 19:39:33] Action: get_materias_y_talleres_por_anio
[2026-06-05 19:39:33] === PROCESANDO get_materias_y_talleres_por_anio ===
[2026-06-05 19:39:33] Año: 2
[2026-06-05 19:39:33] Query materias: SELECT DISTINCT m.ID_materia, m.Nom_materia
                       FROM materia m
                       INNER JOIN curso c ON m.id_curso = c.ID_curso
                       WHERE c.curso = '2'
                       AND c.division = 'A'
                       AND m.Nom_materia NOT LIKE '%Taller%'
                       AND m.Nom_materia NOT LIKE '%Tutorias%'
                       AND m.Nom_materia NOT LIKE '%Tutoría%'
                       ORDER BY m.Nom_materia
[2026-06-05 19:39:33] Materias encontradas: 11
[2026-06-05 19:39:33] Query talleres: SELECT ID_taller, nombre 
                           FROM talleres 
                           WHERE anio_taller = 'II' 
                           AND activo = 1
                           ORDER BY nombre
[2026-06-05 19:39:33] Talleres encontrados: 6
[2026-06-05 19:39:33] Total items a enviar: 17
[2026-06-05 19:39:37] === INICIO DE PETICIÓN ===
[2026-06-05 19:39:37] POST data: Array
(
    [action] => guardar_previa
    [alumno_id] => 49135236
    [tipo_item] => materia
    [tipo_previa] => 2
    [id_materia] => 83
)

[2026-06-05 19:39:37] Sesión activa - DNI: 98989898
[2026-06-05 19:39:37] Rol: Admin
[2026-06-05 19:39:37] Conexión a BD exitosa
[2026-06-05 19:39:37] Action: guardar_previa
[2026-06-05 19:39:37] === PROCESANDO guardar_previa ===
[2026-06-05 19:39:37] alumno_id: 49135236
[2026-06-05 19:39:37] id_materia: 83
[2026-06-05 19:39:37] id_taller: NULL
[2026-06-05 19:39:37] tipo_item: materia
[2026-06-05 19:39:37] tipo_previa: 2
[2026-06-05 19:39:37] Query check: SELECT ID_previas FROM previas WHERE DNI_U = '49135236' AND ID_materia = '83' AND ID_taller IS NULL
[2026-06-05 19:39:37] Query insert: INSERT INTO previas (DNI_U, ID_materia, ID_taller, Aprobado, ID_tp) 
                  VALUES ('49135236', '83', NULL, 0, '2')
[2026-06-05 19:39:37] Previa guardada correctamente - filas afectadas: 1
[2026-06-05 19:39:40] === INICIO DE PETICIÓN ===
[2026-06-05 19:39:40] POST data: Array
(
    [action] => get_alumnos
    [curso_id] => 13
)

[2026-06-05 19:39:40] Sesión activa - DNI: 98989898
[2026-06-05 19:39:40] Rol: Admin
[2026-06-05 19:39:40] Conexión a BD exitosa
[2026-06-05 19:39:40] Action: get_alumnos
[2026-06-05 19:39:40] === PROCESANDO get_alumnos ===
[2026-06-05 19:39:40] Curso ID: 13
[2026-06-05 19:39:40] Query alumnos: SELECT u.DNI_U, u.Nombre, u.Apellido
              FROM usuario u
              WHERE u.id_curso = '13'
              AND u.ID_rol = 3
              AND u.ID_Estado = 1
              ORDER BY u.Apellido, u.Nombre
[2026-06-05 19:39:40] Alumnos encontrados: 32
[2026-06-05 19:39:47] === INICIO DE PETICIÓN ===
[2026-06-05 19:39:47] POST data: Array
(
    [action] => get_materias_y_talleres_por_anio
    [anio] => 3
)

[2026-06-05 19:39:47] Sesión activa - DNI: 98989898
[2026-06-05 19:39:47] Rol: Admin
[2026-06-05 19:39:47] Conexión a BD exitosa
[2026-06-05 19:39:47] Action: get_materias_y_talleres_por_anio
[2026-06-05 19:39:47] === PROCESANDO get_materias_y_talleres_por_anio ===
[2026-06-05 19:39:47] Año: 3
[2026-06-05 19:39:47] Query materias: SELECT DISTINCT m.ID_materia, m.Nom_materia
                       FROM materia m
                       INNER JOIN curso c ON m.id_curso = c.ID_curso
                       WHERE c.curso = '3'
                       AND c.division = 'A'
                       AND m.Nom_materia NOT LIKE '%Taller%'
                       AND m.Nom_materia NOT LIKE '%Tutorias%'
                       AND m.Nom_materia NOT LIKE '%Tutoría%'
                       ORDER BY m.Nom_materia
[2026-06-05 19:39:47] Materias encontradas: 14
[2026-06-05 19:39:47] Total items a enviar: 14
[2026-06-05 19:39:51] === INICIO DE PETICIÓN ===
[2026-06-05 19:39:51] POST data: Array
(
    [action] => guardar_previa
    [alumno_id] => 49135236
    [tipo_item] => materia
    [tipo_previa] => 2
    [id_materia] => 137
)

[2026-06-05 19:39:51] Sesión activa - DNI: 98989898
[2026-06-05 19:39:51] Rol: Admin
[2026-06-05 19:39:51] Conexión a BD exitosa
[2026-06-05 19:39:51] Action: guardar_previa
[2026-06-05 19:39:51] === PROCESANDO guardar_previa ===
[2026-06-05 19:39:51] alumno_id: 49135236
[2026-06-05 19:39:51] id_materia: 137
[2026-06-05 19:39:51] id_taller: NULL
[2026-06-05 19:39:51] tipo_item: materia
[2026-06-05 19:39:51] tipo_previa: 2
[2026-06-05 19:39:51] Query check: SELECT ID_previas FROM previas WHERE DNI_U = '49135236' AND ID_materia = '137' AND ID_taller IS NULL
[2026-06-05 19:39:51] Query insert: INSERT INTO previas (DNI_U, ID_materia, ID_taller, Aprobado, ID_tp) 
                  VALUES ('49135236', '137', NULL, 0, '2')
[2026-06-05 19:39:51] Previa guardada correctamente - filas afectadas: 1
[2026-06-05 19:39:55] === INICIO DE PETICIÓN ===
[2026-06-05 19:39:55] POST data: Array
(
    [action] => get_alumnos
    [curso_id] => 13
)

[2026-06-05 19:39:55] Sesión activa - DNI: 98989898
[2026-06-05 19:39:55] Rol: Admin
[2026-06-05 19:39:55] Conexión a BD exitosa
[2026-06-05 19:39:55] Action: get_alumnos
[2026-06-05 19:39:55] === PROCESANDO get_alumnos ===
[2026-06-05 19:39:55] Curso ID: 13
[2026-06-05 19:39:55] Query alumnos: SELECT u.DNI_U, u.Nombre, u.Apellido
              FROM usuario u
              WHERE u.id_curso = '13'
              AND u.ID_rol = 3
              AND u.ID_Estado = 1
              ORDER BY u.Apellido, u.Nombre
[2026-06-05 19:39:55] Alumnos encontrados: 32
[2026-06-05 19:40:00] === INICIO DE PETICIÓN ===
[2026-06-05 19:40:00] POST data: Array
(
    [action] => get_materias_y_talleres_por_anio
    [anio] => 3
)

[2026-06-05 19:40:00] Sesión activa - DNI: 98989898
[2026-06-05 19:40:00] Rol: Admin
[2026-06-05 19:40:00] Conexión a BD exitosa
[2026-06-05 19:40:00] Action: get_materias_y_talleres_por_anio
[2026-06-05 19:40:00] === PROCESANDO get_materias_y_talleres_por_anio ===
[2026-06-05 19:40:00] Año: 3
[2026-06-05 19:40:00] Query materias: SELECT DISTINCT m.ID_materia, m.Nom_materia
                       FROM materia m
                       INNER JOIN curso c ON m.id_curso = c.ID_curso
                       WHERE c.curso = '3'
                       AND c.division = 'A'
                       AND m.Nom_materia NOT LIKE '%Taller%'
                       AND m.Nom_materia NOT LIKE '%Tutorias%'
                       AND m.Nom_materia NOT LIKE '%Tutoría%'
                       ORDER BY m.Nom_materia
[2026-06-05 19:40:00] Materias encontradas: 14
[2026-06-05 19:40:00] Total items a enviar: 14
[2026-06-05 19:40:06] === INICIO DE PETICIÓN ===
[2026-06-05 19:40:06] POST data: Array
(
    [action] => guardar_previa
    [alumno_id] => 49135236
    [tipo_item] => materia
    [tipo_previa] => 2
    [id_materia] => 144
)

[2026-06-05 19:40:06] Sesión activa - DNI: 98989898
[2026-06-05 19:40:06] Rol: Admin
[2026-06-05 19:40:06] Conexión a BD exitosa
[2026-06-05 19:40:06] Action: guardar_previa
[2026-06-05 19:40:06] === PROCESANDO guardar_previa ===
[2026-06-05 19:40:06] alumno_id: 49135236
[2026-06-05 19:40:06] id_materia: 144
[2026-06-05 19:40:06] id_taller: NULL
[2026-06-05 19:40:06] tipo_item: materia
[2026-06-05 19:40:06] tipo_previa: 2
[2026-06-05 19:40:06] Query check: SELECT ID_previas FROM previas WHERE DNI_U = '49135236' AND ID_materia = '144' AND ID_taller IS NULL
[2026-06-05 19:40:06] Query insert: INSERT INTO previas (DNI_U, ID_materia, ID_taller, Aprobado, ID_tp) 
                  VALUES ('49135236', '144', NULL, 0, '2')
[2026-06-05 19:40:06] Previa guardada correctamente - filas afectadas: 1
[2026-06-05 19:40:15] === INICIO DE PETICIÓN ===
[2026-06-05 19:40:15] POST data: Array
(
    [action] => get_alumnos
    [curso_id] => 13
)

[2026-06-05 19:40:15] Sesión activa - DNI: 98989898
[2026-06-05 19:40:15] Rol: Admin
[2026-06-05 19:40:15] Conexión a BD exitosa
[2026-06-05 19:40:15] Action: get_alumnos
[2026-06-05 19:40:15] === PROCESANDO get_alumnos ===
[2026-06-05 19:40:15] Curso ID: 13
[2026-06-05 19:40:15] Query alumnos: SELECT u.DNI_U, u.Nombre, u.Apellido
              FROM usuario u
              WHERE u.id_curso = '13'
              AND u.ID_rol = 3
              AND u.ID_Estado = 1
              ORDER BY u.Apellido, u.Nombre
[2026-06-05 19:40:15] Alumnos encontrados: 32
[2026-06-05 19:40:21] === INICIO DE PETICIÓN ===
[2026-06-05 19:40:21] POST data: Array
(
    [action] => get_materias_y_talleres_por_anio
    [anio] => 1
)

[2026-06-05 19:40:21] Sesión activa - DNI: 98989898
[2026-06-05 19:40:21] Rol: Admin
[2026-06-05 19:40:21] Conexión a BD exitosa
[2026-06-05 19:40:21] Action: get_materias_y_talleres_por_anio
[2026-06-05 19:40:21] === PROCESANDO get_materias_y_talleres_por_anio ===
[2026-06-05 19:40:21] Año: 1
[2026-06-05 19:40:21] Query materias: SELECT DISTINCT m.ID_materia, m.Nom_materia
                       FROM materia m
                       INNER JOIN curso c ON m.id_curso = c.ID_curso
                       WHERE c.curso = '1'
                       AND c.division = 'A'
                       AND m.Nom_materia NOT LIKE '%Taller%'
                       AND m.Nom_materia NOT LIKE '%Tutorias%'
                       AND m.Nom_materia NOT LIKE '%Tutoría%'
                       ORDER BY m.Nom_materia
[2026-06-05 19:40:21] Materias encontradas: 10
[2026-06-05 19:40:21] Query talleres: SELECT ID_taller, nombre 
                           FROM talleres 
                           WHERE anio_taller = 'I' 
                           AND activo = 1
                           ORDER BY nombre
[2026-06-05 19:40:21] Talleres encontrados: 6
[2026-06-05 19:40:21] Total items a enviar: 16
[2026-06-05 19:40:26] === INICIO DE PETICIÓN ===
[2026-06-05 19:40:26] POST data: Array
(
    [action] => guardar_previa
    [alumno_id] => 49697086
    [tipo_item] => materia
    [tipo_previa] => 2
    [id_materia] => 23
)

[2026-06-05 19:40:26] Sesión activa - DNI: 98989898
[2026-06-05 19:40:26] Rol: Admin
[2026-06-05 19:40:26] Conexión a BD exitosa
[2026-06-05 19:40:26] Action: guardar_previa
[2026-06-05 19:40:26] === PROCESANDO guardar_previa ===
[2026-06-05 19:40:26] alumno_id: 49697086
[2026-06-05 19:40:26] id_materia: 23
[2026-06-05 19:40:26] id_taller: NULL
[2026-06-05 19:40:26] tipo_item: materia
[2026-06-05 19:40:26] tipo_previa: 2
[2026-06-05 19:40:26] Query check: SELECT ID_previas FROM previas WHERE DNI_U = '49697086' AND ID_materia = '23' AND ID_taller IS NULL
[2026-06-05 19:40:26] Query insert: INSERT INTO previas (DNI_U, ID_materia, ID_taller, Aprobado, ID_tp) 
                  VALUES ('49697086', '23', NULL, 0, '2')
[2026-06-05 19:40:26] Previa guardada correctamente - filas afectadas: 1
[2026-06-05 19:40:29] === INICIO DE PETICIÓN ===
[2026-06-05 19:40:29] POST data: Array
(
    [action] => get_alumnos
    [curso_id] => 13
)

[2026-06-05 19:40:29] Sesión activa - DNI: 98989898
[2026-06-05 19:40:29] Rol: Admin
[2026-06-05 19:40:29] Conexión a BD exitosa
[2026-06-05 19:40:29] Action: get_alumnos
[2026-06-05 19:40:29] === PROCESANDO get_alumnos ===
[2026-06-05 19:40:29] Curso ID: 13
[2026-06-05 19:40:29] Query alumnos: SELECT u.DNI_U, u.Nombre, u.Apellido
              FROM usuario u
              WHERE u.id_curso = '13'
              AND u.ID_rol = 3
              AND u.ID_Estado = 1
              ORDER BY u.Apellido, u.Nombre
[2026-06-05 19:40:29] Alumnos encontrados: 32
[2026-06-05 19:40:39] === INICIO DE PETICIÓN ===
[2026-06-05 19:40:39] POST data: Array
(
    [action] => get_materias_y_talleres_por_anio
    [anio] => 2
)

[2026-06-05 19:40:39] Sesión activa - DNI: 98989898
[2026-06-05 19:40:39] Rol: Admin
[2026-06-05 19:40:39] Conexión a BD exitosa
[2026-06-05 19:40:39] Action: get_materias_y_talleres_por_anio
[2026-06-05 19:40:39] === PROCESANDO get_materias_y_talleres_por_anio ===
[2026-06-05 19:40:39] Año: 2
[2026-06-05 19:40:39] Query materias: SELECT DISTINCT m.ID_materia, m.Nom_materia
                       FROM materia m
                       INNER JOIN curso c ON m.id_curso = c.ID_curso
                       WHERE c.curso = '2'
                       AND c.division = 'A'
                       AND m.Nom_materia NOT LIKE '%Taller%'
                       AND m.Nom_materia NOT LIKE '%Tutorias%'
                       AND m.Nom_materia NOT LIKE '%Tutoría%'
                       ORDER BY m.Nom_materia
[2026-06-05 19:40:39] Materias encontradas: 11
[2026-06-05 19:40:39] Query talleres: SELECT ID_taller, nombre 
                           FROM talleres 
                           WHERE anio_taller = 'II' 
                           AND activo = 1
                           ORDER BY nombre
[2026-06-05 19:40:39] Talleres encontrados: 6
[2026-06-05 19:40:39] Total items a enviar: 17
[2026-06-05 19:40:42] === INICIO DE PETICIÓN ===
[2026-06-05 19:40:42] POST data: Array
(
    [action] => guardar_previa
    [alumno_id] => 49697086
    [tipo_item] => materia
    [tipo_previa] => 2
    [id_materia] => 82
)

[2026-06-05 19:40:42] Sesión activa - DNI: 98989898
[2026-06-05 19:40:42] Rol: Admin
[2026-06-05 19:40:43] Conexión a BD exitosa
[2026-06-05 19:40:43] Action: guardar_previa
[2026-06-05 19:40:43] === PROCESANDO guardar_previa ===
[2026-06-05 19:40:43] alumno_id: 49697086
[2026-06-05 19:40:43] id_materia: 82
[2026-06-05 19:40:43] id_taller: NULL
[2026-06-05 19:40:43] tipo_item: materia
[2026-06-05 19:40:43] tipo_previa: 2
[2026-06-05 19:40:43] Query check: SELECT ID_previas FROM previas WHERE DNI_U = '49697086' AND ID_materia = '82' AND ID_taller IS NULL
[2026-06-05 19:40:43] Query insert: INSERT INTO previas (DNI_U, ID_materia, ID_taller, Aprobado, ID_tp) 
                  VALUES ('49697086', '82', NULL, 0, '2')
[2026-06-05 19:40:43] Previa guardada correctamente - filas afectadas: 1
[2026-06-05 19:40:45] === INICIO DE PETICIÓN ===
[2026-06-05 19:40:45] POST data: Array
(
    [action] => get_alumnos
    [curso_id] => 13
)

[2026-06-05 19:40:45] Sesión activa - DNI: 98989898
[2026-06-05 19:40:45] Rol: Admin
[2026-06-05 19:40:45] Conexión a BD exitosa
[2026-06-05 19:40:45] Action: get_alumnos
[2026-06-05 19:40:45] === PROCESANDO get_alumnos ===
[2026-06-05 19:40:45] Curso ID: 13
[2026-06-05 19:40:45] Query alumnos: SELECT u.DNI_U, u.Nombre, u.Apellido
              FROM usuario u
              WHERE u.id_curso = '13'
              AND u.ID_rol = 3
              AND u.ID_Estado = 1
              ORDER BY u.Apellido, u.Nombre
[2026-06-05 19:40:45] Alumnos encontrados: 32
[2026-06-05 19:40:51] === INICIO DE PETICIÓN ===
[2026-06-05 19:40:51] POST data: Array
(
    [action] => get_materias_y_talleres_por_anio
    [anio] => 2
)

[2026-06-05 19:40:51] Sesión activa - DNI: 98989898
[2026-06-05 19:40:51] Rol: Admin
[2026-06-05 19:40:51] Conexión a BD exitosa
[2026-06-05 19:40:51] Action: get_materias_y_talleres_por_anio
[2026-06-05 19:40:51] === PROCESANDO get_materias_y_talleres_por_anio ===
[2026-06-05 19:40:51] Año: 2
[2026-06-05 19:40:51] Query materias: SELECT DISTINCT m.ID_materia, m.Nom_materia
                       FROM materia m
                       INNER JOIN curso c ON m.id_curso = c.ID_curso
                       WHERE c.curso = '2'
                       AND c.division = 'A'
                       AND m.Nom_materia NOT LIKE '%Taller%'
                       AND m.Nom_materia NOT LIKE '%Tutorias%'
                       AND m.Nom_materia NOT LIKE '%Tutoría%'
                       ORDER BY m.Nom_materia
[2026-06-05 19:40:51] Materias encontradas: 11
[2026-06-05 19:40:51] Query talleres: SELECT ID_taller, nombre 
                           FROM talleres 
                           WHERE anio_taller = 'II' 
                           AND activo = 1
                           ORDER BY nombre
[2026-06-05 19:40:51] Talleres encontrados: 6
[2026-06-05 19:40:51] Total items a enviar: 17
[2026-06-05 19:40:56] === INICIO DE PETICIÓN ===
[2026-06-05 19:40:56] POST data: Array
(
    [action] => guardar_previa
    [alumno_id] => 49697086
    [tipo_item] => materia
    [tipo_previa] => 2
    [id_materia] => 84
)

[2026-06-05 19:40:56] Sesión activa - DNI: 98989898
[2026-06-05 19:40:56] Rol: Admin
[2026-06-05 19:40:56] Conexión a BD exitosa
[2026-06-05 19:40:56] Action: guardar_previa
[2026-06-05 19:40:56] === PROCESANDO guardar_previa ===
[2026-06-05 19:40:56] alumno_id: 49697086
[2026-06-05 19:40:56] id_materia: 84
[2026-06-05 19:40:56] id_taller: NULL
[2026-06-05 19:40:56] tipo_item: materia
[2026-06-05 19:40:56] tipo_previa: 2
[2026-06-05 19:40:56] Query check: SELECT ID_previas FROM previas WHERE DNI_U = '49697086' AND ID_materia = '84' AND ID_taller IS NULL
[2026-06-05 19:40:56] Query insert: INSERT INTO previas (DNI_U, ID_materia, ID_taller, Aprobado, ID_tp) 
                  VALUES ('49697086', '84', NULL, 0, '2')
[2026-06-05 19:40:56] Previa guardada correctamente - filas afectadas: 1
[2026-06-05 19:41:04] === INICIO DE PETICIÓN ===
[2026-06-05 19:41:04] POST data: Array
(
    [action] => get_alumnos
    [curso_id] => 13
)

[2026-06-05 19:41:04] Sesión activa - DNI: 98989898
[2026-06-05 19:41:04] Rol: Admin
[2026-06-05 19:41:04] Conexión a BD exitosa
[2026-06-05 19:41:04] Action: get_alumnos
[2026-06-05 19:41:04] === PROCESANDO get_alumnos ===
[2026-06-05 19:41:04] Curso ID: 13
[2026-06-05 19:41:04] Query alumnos: SELECT u.DNI_U, u.Nombre, u.Apellido
              FROM usuario u
              WHERE u.id_curso = '13'
              AND u.ID_rol = 3
              AND u.ID_Estado = 1
              ORDER BY u.Apellido, u.Nombre
[2026-06-05 19:41:04] Alumnos encontrados: 32
[2026-06-05 19:41:11] === INICIO DE PETICIÓN ===
[2026-06-05 19:41:11] POST data: Array
(
    [action] => get_materias_y_talleres_por_anio
    [anio] => 2
)

[2026-06-05 19:41:11] Sesión activa - DNI: 98989898
[2026-06-05 19:41:11] Rol: Admin
[2026-06-05 19:41:11] Conexión a BD exitosa
[2026-06-05 19:41:11] Action: get_materias_y_talleres_por_anio
[2026-06-05 19:41:11] === PROCESANDO get_materias_y_talleres_por_anio ===
[2026-06-05 19:41:11] Año: 2
[2026-06-05 19:41:11] Query materias: SELECT DISTINCT m.ID_materia, m.Nom_materia
                       FROM materia m
                       INNER JOIN curso c ON m.id_curso = c.ID_curso
                       WHERE c.curso = '2'
                       AND c.division = 'A'
                       AND m.Nom_materia NOT LIKE '%Taller%'
                       AND m.Nom_materia NOT LIKE '%Tutorias%'
                       AND m.Nom_materia NOT LIKE '%Tutoría%'
                       ORDER BY m.Nom_materia
[2026-06-05 19:41:11] Materias encontradas: 11
[2026-06-05 19:41:11] Query talleres: SELECT ID_taller, nombre 
                           FROM talleres 
                           WHERE anio_taller = 'II' 
                           AND activo = 1
                           ORDER BY nombre
[2026-06-05 19:41:11] Talleres encontrados: 6
[2026-06-05 19:41:11] Total items a enviar: 17
[2026-06-05 19:41:16] === INICIO DE PETICIÓN ===
[2026-06-05 19:41:16] POST data: Array
(
    [action] => guardar_previa
    [alumno_id] => 49136777
    [tipo_item] => taller
    [tipo_previa] => 2
    [id_taller] => 3
)

[2026-06-05 19:41:16] Sesión activa - DNI: 98989898
[2026-06-05 19:41:16] Rol: Admin
[2026-06-05 19:41:16] Conexión a BD exitosa
[2026-06-05 19:41:16] Action: guardar_previa
[2026-06-05 19:41:16] === PROCESANDO guardar_previa ===
[2026-06-05 19:41:16] alumno_id: 49136777
[2026-06-05 19:41:16] id_materia: NULL
[2026-06-05 19:41:16] id_taller: 3
[2026-06-05 19:41:16] tipo_item: taller
[2026-06-05 19:41:16] tipo_previa: 2
[2026-06-05 19:41:16] Query check: SELECT ID_previas FROM previas WHERE DNI_U = '49136777' AND ID_taller = '3' AND ID_materia IS NULL
[2026-06-05 19:41:16] Query insert: INSERT INTO previas (DNI_U, ID_materia, ID_taller, Aprobado, ID_tp) 
                  VALUES ('49136777', NULL, '3', 0, '2')
[2026-06-05 19:41:16] Previa guardada correctamente - filas afectadas: 1
[2026-06-05 19:41:18] === INICIO DE PETICIÓN ===
[2026-06-05 19:41:18] POST data: Array
(
    [action] => get_alumnos
    [curso_id] => 13
)

[2026-06-05 19:41:18] Sesión activa - DNI: 98989898
[2026-06-05 19:41:18] Rol: Admin
[2026-06-05 19:41:18] Conexión a BD exitosa
[2026-06-05 19:41:18] Action: get_alumnos
[2026-06-05 19:41:18] === PROCESANDO get_alumnos ===
[2026-06-05 19:41:18] Curso ID: 13
[2026-06-05 19:41:18] Query alumnos: SELECT u.DNI_U, u.Nombre, u.Apellido
              FROM usuario u
              WHERE u.id_curso = '13'
              AND u.ID_rol = 3
              AND u.ID_Estado = 1
              ORDER BY u.Apellido, u.Nombre
[2026-06-05 19:41:18] Alumnos encontrados: 32
[2026-06-05 19:41:28] === INICIO DE PETICIÓN ===
[2026-06-05 19:41:28] POST data: Array
(
    [action] => get_materias_y_talleres_por_anio
    [anio] => 2
)

[2026-06-05 19:41:28] Sesión activa - DNI: 98989898
[2026-06-05 19:41:28] Rol: Admin
[2026-06-05 19:41:28] Conexión a BD exitosa
[2026-06-05 19:41:28] Action: get_materias_y_talleres_por_anio
[2026-06-05 19:41:28] === PROCESANDO get_materias_y_talleres_por_anio ===
[2026-06-05 19:41:28] Año: 2
[2026-06-05 19:41:28] Query materias: SELECT DISTINCT m.ID_materia, m.Nom_materia
                       FROM materia m
                       INNER JOIN curso c ON m.id_curso = c.ID_curso
                       WHERE c.curso = '2'
                       AND c.division = 'A'
                       AND m.Nom_materia NOT LIKE '%Taller%'
                       AND m.Nom_materia NOT LIKE '%Tutorias%'
                       AND m.Nom_materia NOT LIKE '%Tutoría%'
                       ORDER BY m.Nom_materia
[2026-06-05 19:41:28] Materias encontradas: 11
[2026-06-05 19:41:28] Query talleres: SELECT ID_taller, nombre 
                           FROM talleres 
                           WHERE anio_taller = 'II' 
                           AND activo = 1
                           ORDER BY nombre
[2026-06-05 19:41:28] Talleres encontrados: 6
[2026-06-05 19:41:28] Total items a enviar: 17
[2026-06-05 19:41:36] === INICIO DE PETICIÓN ===
[2026-06-05 19:41:36] POST data: Array
(
    [action] => guardar_previa
    [alumno_id] => 49136777
    [tipo_item] => taller
    [tipo_previa] => 2
    [id_taller] => 12
)

[2026-06-05 19:41:36] Sesión activa - DNI: 98989898
[2026-06-05 19:41:36] Rol: Admin
[2026-06-05 19:41:36] Conexión a BD exitosa
[2026-06-05 19:41:36] Action: guardar_previa
[2026-06-05 19:41:36] === PROCESANDO guardar_previa ===
[2026-06-05 19:41:36] alumno_id: 49136777
[2026-06-05 19:41:36] id_materia: NULL
[2026-06-05 19:41:36] id_taller: 12
[2026-06-05 19:41:36] tipo_item: taller
[2026-06-05 19:41:36] tipo_previa: 2
[2026-06-05 19:41:36] Query check: SELECT ID_previas FROM previas WHERE DNI_U = '49136777' AND ID_taller = '12' AND ID_materia IS NULL
[2026-06-05 19:41:36] Query insert: INSERT INTO previas (DNI_U, ID_materia, ID_taller, Aprobado, ID_tp) 
                  VALUES ('49136777', NULL, '12', 0, '2')
[2026-06-05 19:41:36] Previa guardada correctamente - filas afectadas: 1
[2026-06-05 19:41:39] === INICIO DE PETICIÓN ===
[2026-06-05 19:41:39] POST data: Array
(
    [action] => get_alumnos
    [curso_id] => 13
)

[2026-06-05 19:41:39] Sesión activa - DNI: 98989898
[2026-06-05 19:41:39] Rol: Admin
[2026-06-05 19:41:39] Conexión a BD exitosa
[2026-06-05 19:41:39] Action: get_alumnos
[2026-06-05 19:41:39] === PROCESANDO get_alumnos ===
[2026-06-05 19:41:39] Curso ID: 13
[2026-06-05 19:41:39] Query alumnos: SELECT u.DNI_U, u.Nombre, u.Apellido
              FROM usuario u
              WHERE u.id_curso = '13'
              AND u.ID_rol = 3
              AND u.ID_Estado = 1
              ORDER BY u.Apellido, u.Nombre
[2026-06-05 19:41:39] Alumnos encontrados: 32
[2026-06-05 19:41:47] === INICIO DE PETICIÓN ===
[2026-06-05 19:41:47] POST data: Array
(
    [action] => get_materias_y_talleres_por_anio
    [anio] => 2
)

[2026-06-05 19:41:47] Sesión activa - DNI: 98989898
[2026-06-05 19:41:47] Rol: Admin
[2026-06-05 19:41:47] Conexión a BD exitosa
[2026-06-05 19:41:47] Action: get_materias_y_talleres_por_anio
[2026-06-05 19:41:47] === PROCESANDO get_materias_y_talleres_por_anio ===
[2026-06-05 19:41:47] Año: 2
[2026-06-05 19:41:47] Query materias: SELECT DISTINCT m.ID_materia, m.Nom_materia
                       FROM materia m
                       INNER JOIN curso c ON m.id_curso = c.ID_curso
                       WHERE c.curso = '2'
                       AND c.division = 'A'
                       AND m.Nom_materia NOT LIKE '%Taller%'
                       AND m.Nom_materia NOT LIKE '%Tutorias%'
                       AND m.Nom_materia NOT LIKE '%Tutoría%'
                       ORDER BY m.Nom_materia
[2026-06-05 19:41:47] Materias encontradas: 11
[2026-06-05 19:41:47] Query talleres: SELECT ID_taller, nombre 
                           FROM talleres 
                           WHERE anio_taller = 'II' 
                           AND activo = 1
                           ORDER BY nombre
[2026-06-05 19:41:47] Talleres encontrados: 6
[2026-06-05 19:41:47] Total items a enviar: 17
[2026-06-05 19:41:54] === INICIO DE PETICIÓN ===
[2026-06-05 19:41:54] POST data: Array
(
    [action] => guardar_previa
    [alumno_id] => 49136777
    [tipo_item] => taller
    [tipo_previa] => 2
    [id_taller] => 2
)

[2026-06-05 19:41:54] Sesión activa - DNI: 98989898
[2026-06-05 19:41:54] Rol: Admin
[2026-06-05 19:41:54] Conexión a BD exitosa
[2026-06-05 19:41:54] Action: guardar_previa
[2026-06-05 19:41:54] === PROCESANDO guardar_previa ===
[2026-06-05 19:41:54] alumno_id: 49136777
[2026-06-05 19:41:54] id_materia: NULL
[2026-06-05 19:41:54] id_taller: 2
[2026-06-05 19:41:54] tipo_item: taller
[2026-06-05 19:41:54] tipo_previa: 2
[2026-06-05 19:41:54] Query check: SELECT ID_previas FROM previas WHERE DNI_U = '49136777' AND ID_taller = '2' AND ID_materia IS NULL
[2026-06-05 19:41:54] Query insert: INSERT INTO previas (DNI_U, ID_materia, ID_taller, Aprobado, ID_tp) 
                  VALUES ('49136777', NULL, '2', 0, '2')
[2026-06-05 19:41:54] Previa guardada correctamente - filas afectadas: 1
[2026-06-05 19:42:12] === INICIO DE PETICIÓN ===
[2026-06-05 19:42:12] POST data: Array
(
    [action] => get_alumnos
    [curso_id] => 13
)

[2026-06-05 19:42:12] Sesión activa - DNI: 98989898
[2026-06-05 19:42:12] Rol: Admin
[2026-06-05 19:42:12] Conexión a BD exitosa
[2026-06-05 19:42:12] Action: get_alumnos
[2026-06-05 19:42:12] === PROCESANDO get_alumnos ===
[2026-06-05 19:42:12] Curso ID: 13
[2026-06-05 19:42:12] Query alumnos: SELECT u.DNI_U, u.Nombre, u.Apellido
              FROM usuario u
              WHERE u.id_curso = '13'
              AND u.ID_rol = 3
              AND u.ID_Estado = 1
              ORDER BY u.Apellido, u.Nombre
[2026-06-05 19:42:12] Alumnos encontrados: 32
[2026-06-05 19:42:26] === INICIO DE PETICIÓN ===
[2026-06-05 19:42:26] POST data: Array
(
    [action] => get_materias_y_talleres_por_anio
    [anio] => 1
)

[2026-06-05 19:42:26] Sesión activa - DNI: 98989898
[2026-06-05 19:42:26] Rol: Admin
[2026-06-05 19:42:26] Conexión a BD exitosa
[2026-06-05 19:42:26] Action: get_materias_y_talleres_por_anio
[2026-06-05 19:42:26] === PROCESANDO get_materias_y_talleres_por_anio ===
[2026-06-05 19:42:26] Año: 1
[2026-06-05 19:42:26] Query materias: SELECT DISTINCT m.ID_materia, m.Nom_materia
                       FROM materia m
                       INNER JOIN curso c ON m.id_curso = c.ID_curso
                       WHERE c.curso = '1'
                       AND c.division = 'A'
                       AND m.Nom_materia NOT LIKE '%Taller%'
                       AND m.Nom_materia NOT LIKE '%Tutorias%'
                       AND m.Nom_materia NOT LIKE '%Tutoría%'
                       ORDER BY m.Nom_materia
[2026-06-05 19:42:26] Materias encontradas: 10
[2026-06-05 19:42:26] Query talleres: SELECT ID_taller, nombre 
                           FROM talleres 
                           WHERE anio_taller = 'I' 
                           AND activo = 1
                           ORDER BY nombre
[2026-06-05 19:42:26] Talleres encontrados: 6
[2026-06-05 19:42:26] Total items a enviar: 16
[2026-06-05 19:42:31] === INICIO DE PETICIÓN ===
[2026-06-05 19:42:31] POST data: Array
(
    [action] => guardar_previa
    [alumno_id] => 49994104
    [tipo_item] => materia
    [tipo_previa] => 2
    [id_materia] => 23
)

[2026-06-05 19:42:31] Sesión activa - DNI: 98989898
[2026-06-05 19:42:31] Rol: Admin
[2026-06-05 19:42:31] Conexión a BD exitosa
[2026-06-05 19:42:31] Action: guardar_previa
[2026-06-05 19:42:31] === PROCESANDO guardar_previa ===
[2026-06-05 19:42:31] alumno_id: 49994104
[2026-06-05 19:42:31] id_materia: 23
[2026-06-05 19:42:31] id_taller: NULL
[2026-06-05 19:42:31] tipo_item: materia
[2026-06-05 19:42:31] tipo_previa: 2
[2026-06-05 19:42:31] Query check: SELECT ID_previas FROM previas WHERE DNI_U = '49994104' AND ID_materia = '23' AND ID_taller IS NULL
[2026-06-05 19:42:31] Query insert: INSERT INTO previas (DNI_U, ID_materia, ID_taller, Aprobado, ID_tp) 
                  VALUES ('49994104', '23', NULL, 0, '2')
[2026-06-05 19:42:31] Previa guardada correctamente - filas afectadas: 1
[2026-06-05 19:42:33] === INICIO DE PETICIÓN ===
[2026-06-05 19:42:33] POST data: Array
(
    [action] => get_alumnos
    [curso_id] => 13
)

[2026-06-05 19:42:33] Sesión activa - DNI: 98989898
[2026-06-05 19:42:33] Rol: Admin
[2026-06-05 19:42:33] Conexión a BD exitosa
[2026-06-05 19:42:33] Action: get_alumnos
[2026-06-05 19:42:33] === PROCESANDO get_alumnos ===
[2026-06-05 19:42:33] Curso ID: 13
[2026-06-05 19:42:33] Query alumnos: SELECT u.DNI_U, u.Nombre, u.Apellido
              FROM usuario u
              WHERE u.id_curso = '13'
              AND u.ID_rol = 3
              AND u.ID_Estado = 1
              ORDER BY u.Apellido, u.Nombre
[2026-06-05 19:42:33] Alumnos encontrados: 32
[2026-06-05 19:42:38] === INICIO DE PETICIÓN ===
[2026-06-05 19:42:38] POST data: Array
(
    [action] => get_materias_y_talleres_por_anio
    [anio] => 1
)

[2026-06-05 19:42:38] Sesión activa - DNI: 98989898
[2026-06-05 19:42:38] Rol: Admin
[2026-06-05 19:42:38] Conexión a BD exitosa
[2026-06-05 19:42:38] Action: get_materias_y_talleres_por_anio
[2026-06-05 19:42:38] === PROCESANDO get_materias_y_talleres_por_anio ===
[2026-06-05 19:42:38] Año: 1
[2026-06-05 19:42:38] Query materias: SELECT DISTINCT m.ID_materia, m.Nom_materia
                       FROM materia m
                       INNER JOIN curso c ON m.id_curso = c.ID_curso
                       WHERE c.curso = '1'
                       AND c.division = 'A'
                       AND m.Nom_materia NOT LIKE '%Taller%'
                       AND m.Nom_materia NOT LIKE '%Tutorias%'
                       AND m.Nom_materia NOT LIKE '%Tutoría%'
                       ORDER BY m.Nom_materia
[2026-06-05 19:42:38] Materias encontradas: 10
[2026-06-05 19:42:38] Query talleres: SELECT ID_taller, nombre 
                           FROM talleres 
                           WHERE anio_taller = 'I' 
                           AND activo = 1
                           ORDER BY nombre
[2026-06-05 19:42:38] Talleres encontrados: 6
[2026-06-05 19:42:38] Total items a enviar: 16
[2026-06-05 19:42:40] === INICIO DE PETICIÓN ===
[2026-06-05 19:42:40] POST data: Array
(
    [action] => get_materias_y_talleres_por_anio
    [anio] => 2
)

[2026-06-05 19:42:40] Sesión activa - DNI: 98989898
[2026-06-05 19:42:40] Rol: Admin
[2026-06-05 19:42:40] Conexión a BD exitosa
[2026-06-05 19:42:40] Action: get_materias_y_talleres_por_anio
[2026-06-05 19:42:40] === PROCESANDO get_materias_y_talleres_por_anio ===
[2026-06-05 19:42:40] Año: 2
[2026-06-05 19:42:40] Query materias: SELECT DISTINCT m.ID_materia, m.Nom_materia
                       FROM materia m
                       INNER JOIN curso c ON m.id_curso = c.ID_curso
                       WHERE c.curso = '2'
                       AND c.division = 'A'
                       AND m.Nom_materia NOT LIKE '%Taller%'
                       AND m.Nom_materia NOT LIKE '%Tutorias%'
                       AND m.Nom_materia NOT LIKE '%Tutoría%'
                       ORDER BY m.Nom_materia
[2026-06-05 19:42:40] Materias encontradas: 11
[2026-06-05 19:42:40] Query talleres: SELECT ID_taller, nombre 
                           FROM talleres 
                           WHERE anio_taller = 'II' 
                           AND activo = 1
                           ORDER BY nombre
[2026-06-05 19:42:40] Talleres encontrados: 6
[2026-06-05 19:42:40] Total items a enviar: 17
[2026-06-05 19:42:43] === INICIO DE PETICIÓN ===
[2026-06-05 19:42:43] POST data: Array
(
    [action] => guardar_previa
    [alumno_id] => 49994104
    [tipo_item] => materia
    [tipo_previa] => 2
    [id_materia] => 82
)

[2026-06-05 19:42:43] Sesión activa - DNI: 98989898
[2026-06-05 19:42:43] Rol: Admin
[2026-06-05 19:42:43] Conexión a BD exitosa
[2026-06-05 19:42:43] Action: guardar_previa
[2026-06-05 19:42:43] === PROCESANDO guardar_previa ===
[2026-06-05 19:42:43] alumno_id: 49994104
[2026-06-05 19:42:43] id_materia: 82
[2026-06-05 19:42:43] id_taller: NULL
[2026-06-05 19:42:43] tipo_item: materia
[2026-06-05 19:42:43] tipo_previa: 2
[2026-06-05 19:42:43] Query check: SELECT ID_previas FROM previas WHERE DNI_U = '49994104' AND ID_materia = '82' AND ID_taller IS NULL
[2026-06-05 19:42:43] Query insert: INSERT INTO previas (DNI_U, ID_materia, ID_taller, Aprobado, ID_tp) 
                  VALUES ('49994104', '82', NULL, 0, '2')
[2026-06-05 19:42:43] Previa guardada correctamente - filas afectadas: 1
[2026-06-05 19:42:45] === INICIO DE PETICIÓN ===
[2026-06-05 19:42:45] POST data: Array
(
    [action] => get_alumnos
    [curso_id] => 13
)

[2026-06-05 19:42:45] Sesión activa - DNI: 98989898
[2026-06-05 19:42:45] Rol: Admin
[2026-06-05 19:42:45] Conexión a BD exitosa
[2026-06-05 19:42:45] Action: get_alumnos
[2026-06-05 19:42:45] === PROCESANDO get_alumnos ===
[2026-06-05 19:42:45] Curso ID: 13
[2026-06-05 19:42:45] Query alumnos: SELECT u.DNI_U, u.Nombre, u.Apellido
              FROM usuario u
              WHERE u.id_curso = '13'
              AND u.ID_rol = 3
              AND u.ID_Estado = 1
              ORDER BY u.Apellido, u.Nombre
[2026-06-05 19:42:45] Alumnos encontrados: 32
[2026-06-05 19:42:52] === INICIO DE PETICIÓN ===
[2026-06-05 19:42:52] POST data: Array
(
    [action] => get_materias_y_talleres_por_anio
    [anio] => 1
)

[2026-06-05 19:42:52] Sesión activa - DNI: 98989898
[2026-06-05 19:42:52] Rol: Admin
[2026-06-05 19:42:52] Conexión a BD exitosa
[2026-06-05 19:42:52] Action: get_materias_y_talleres_por_anio
[2026-06-05 19:42:52] === PROCESANDO get_materias_y_talleres_por_anio ===
[2026-06-05 19:42:52] Año: 1
[2026-06-05 19:42:52] Query materias: SELECT DISTINCT m.ID_materia, m.Nom_materia
                       FROM materia m
                       INNER JOIN curso c ON m.id_curso = c.ID_curso
                       WHERE c.curso = '1'
                       AND c.division = 'A'
                       AND m.Nom_materia NOT LIKE '%Taller%'
                       AND m.Nom_materia NOT LIKE '%Tutorias%'
                       AND m.Nom_materia NOT LIKE '%Tutoría%'
                       ORDER BY m.Nom_materia
[2026-06-05 19:42:52] Materias encontradas: 10
[2026-06-05 19:42:52] Query talleres: SELECT ID_taller, nombre 
                           FROM talleres 
                           WHERE anio_taller = 'I' 
                           AND activo = 1
                           ORDER BY nombre
[2026-06-05 19:42:52] Talleres encontrados: 6
[2026-06-05 19:42:52] Total items a enviar: 16
[2026-06-05 19:42:58] === INICIO DE PETICIÓN ===
[2026-06-05 19:42:58] POST data: Array
(
    [action] => guardar_previa
    [alumno_id] => 49994104
    [tipo_item] => taller
    [tipo_previa] => 2
    [id_taller] => 1
)

[2026-06-05 19:42:59] Sesión activa - DNI: 98989898
[2026-06-05 19:42:59] Rol: Admin
[2026-06-05 19:42:59] Conexión a BD exitosa
[2026-06-05 19:42:59] Action: guardar_previa
[2026-06-05 19:42:59] === PROCESANDO guardar_previa ===
[2026-06-05 19:42:59] alumno_id: 49994104
[2026-06-05 19:42:59] id_materia: NULL
[2026-06-05 19:42:59] id_taller: 1
[2026-06-05 19:42:59] tipo_item: taller
[2026-06-05 19:42:59] tipo_previa: 2
[2026-06-05 19:42:59] Query check: SELECT ID_previas FROM previas WHERE DNI_U = '49994104' AND ID_taller = '1' AND ID_materia IS NULL
[2026-06-05 19:42:59] Query insert: INSERT INTO previas (DNI_U, ID_materia, ID_taller, Aprobado, ID_tp) 
                  VALUES ('49994104', NULL, '1', 0, '2')
[2026-06-05 19:42:59] Previa guardada correctamente - filas afectadas: 1
[2026-06-05 19:43:00] === INICIO DE PETICIÓN ===
[2026-06-05 19:43:00] POST data: Array
(
    [action] => get_alumnos
    [curso_id] => 13
)

[2026-06-05 19:43:00] Sesión activa - DNI: 98989898
[2026-06-05 19:43:00] Rol: Admin
[2026-06-05 19:43:00] Conexión a BD exitosa
[2026-06-05 19:43:00] Action: get_alumnos
[2026-06-05 19:43:00] === PROCESANDO get_alumnos ===
[2026-06-05 19:43:00] Curso ID: 13
[2026-06-05 19:43:00] Query alumnos: SELECT u.DNI_U, u.Nombre, u.Apellido
              FROM usuario u
              WHERE u.id_curso = '13'
              AND u.ID_rol = 3
              AND u.ID_Estado = 1
              ORDER BY u.Apellido, u.Nombre
[2026-06-05 19:43:00] Alumnos encontrados: 32
[2026-06-05 19:43:04] === INICIO DE PETICIÓN ===
[2026-06-05 19:43:04] POST data: Array
(
    [action] => get_materias_y_talleres_por_anio
    [anio] => 2
)

[2026-06-05 19:43:04] Sesión activa - DNI: 98989898
[2026-06-05 19:43:04] Rol: Admin
[2026-06-05 19:43:04] Conexión a BD exitosa
[2026-06-05 19:43:04] Action: get_materias_y_talleres_por_anio
[2026-06-05 19:43:04] === PROCESANDO get_materias_y_talleres_por_anio ===
[2026-06-05 19:43:04] Año: 2
[2026-06-05 19:43:04] Query materias: SELECT DISTINCT m.ID_materia, m.Nom_materia
                       FROM materia m
                       INNER JOIN curso c ON m.id_curso = c.ID_curso
                       WHERE c.curso = '2'
                       AND c.division = 'A'
                       AND m.Nom_materia NOT LIKE '%Taller%'
                       AND m.Nom_materia NOT LIKE '%Tutorias%'
                       AND m.Nom_materia NOT LIKE '%Tutoría%'
                       ORDER BY m.Nom_materia
[2026-06-05 19:43:04] Materias encontradas: 11
[2026-06-05 19:43:04] Query talleres: SELECT ID_taller, nombre 
                           FROM talleres 
                           WHERE anio_taller = 'II' 
                           AND activo = 1
                           ORDER BY nombre
[2026-06-05 19:43:04] Talleres encontrados: 6
[2026-06-05 19:43:04] Total items a enviar: 17
[2026-06-05 19:43:07] === INICIO DE PETICIÓN ===
[2026-06-05 19:43:07] POST data: Array
(
    [action] => guardar_previa
    [alumno_id] => 49994104
    [tipo_item] => taller
    [tipo_previa] => 2
    [id_taller] => 2
)

[2026-06-05 19:43:07] Sesión activa - DNI: 98989898
[2026-06-05 19:43:07] Rol: Admin
[2026-06-05 19:43:07] Conexión a BD exitosa
[2026-06-05 19:43:07] Action: guardar_previa
[2026-06-05 19:43:07] === PROCESANDO guardar_previa ===
[2026-06-05 19:43:07] alumno_id: 49994104
[2026-06-05 19:43:07] id_materia: NULL
[2026-06-05 19:43:07] id_taller: 2
[2026-06-05 19:43:07] tipo_item: taller
[2026-06-05 19:43:07] tipo_previa: 2
[2026-06-05 19:43:07] Query check: SELECT ID_previas FROM previas WHERE DNI_U = '49994104' AND ID_taller = '2' AND ID_materia IS NULL
[2026-06-05 19:43:07] Query insert: INSERT INTO previas (DNI_U, ID_materia, ID_taller, Aprobado, ID_tp) 
                  VALUES ('49994104', NULL, '2', 0, '2')
[2026-06-05 19:43:07] Previa guardada correctamente - filas afectadas: 1
[2026-06-05 19:43:26] === INICIO DE PETICIÓN ===
[2026-06-05 19:43:26] POST data: Array
(
    [action] => get_alumnos
    [curso_id] => 13
)

[2026-06-05 19:43:26] Sesión activa - DNI: 98989898
[2026-06-05 19:43:26] Rol: Admin
[2026-06-05 19:43:26] Conexión a BD exitosa
[2026-06-05 19:43:26] Action: get_alumnos
[2026-06-05 19:43:26] === PROCESANDO get_alumnos ===
[2026-06-05 19:43:26] Curso ID: 13
[2026-06-05 19:43:26] Query alumnos: SELECT u.DNI_U, u.Nombre, u.Apellido
              FROM usuario u
              WHERE u.id_curso = '13'
              AND u.ID_rol = 3
              AND u.ID_Estado = 1
              ORDER BY u.Apellido, u.Nombre
[2026-06-05 19:43:26] Alumnos encontrados: 32
[2026-06-05 19:43:39] === INICIO DE PETICIÓN ===
[2026-06-05 19:43:39] POST data: Array
(
    [action] => get_materias_y_talleres_por_anio
    [anio] => 2
)

[2026-06-05 19:43:39] Sesión activa - DNI: 98989898
[2026-06-05 19:43:39] Rol: Admin
[2026-06-05 19:43:39] Conexión a BD exitosa
[2026-06-05 19:43:39] Action: get_materias_y_talleres_por_anio
[2026-06-05 19:43:39] === PROCESANDO get_materias_y_talleres_por_anio ===
[2026-06-05 19:43:39] Año: 2
[2026-06-05 19:43:39] Query materias: SELECT DISTINCT m.ID_materia, m.Nom_materia
                       FROM materia m
                       INNER JOIN curso c ON m.id_curso = c.ID_curso
                       WHERE c.curso = '2'
                       AND c.division = 'A'
                       AND m.Nom_materia NOT LIKE '%Taller%'
                       AND m.Nom_materia NOT LIKE '%Tutorias%'
                       AND m.Nom_materia NOT LIKE '%Tutoría%'
                       ORDER BY m.Nom_materia
[2026-06-05 19:43:39] Materias encontradas: 11
[2026-06-05 19:43:39] Query talleres: SELECT ID_taller, nombre 
                           FROM talleres 
                           WHERE anio_taller = 'II' 
                           AND activo = 1
                           ORDER BY nombre
[2026-06-05 19:43:39] Talleres encontrados: 6
[2026-06-05 19:43:39] Total items a enviar: 17
[2026-06-05 19:43:43] === INICIO DE PETICIÓN ===
[2026-06-05 19:43:43] POST data: Array
(
    [action] => guardar_previa
    [alumno_id] => 49568931
    [tipo_item] => materia
    [tipo_previa] => 2
    [id_materia] => 87
)

[2026-06-05 19:43:43] Sesión activa - DNI: 98989898
[2026-06-05 19:43:43] Rol: Admin
[2026-06-05 19:43:43] Conexión a BD exitosa
[2026-06-05 19:43:43] Action: guardar_previa
[2026-06-05 19:43:43] === PROCESANDO guardar_previa ===
[2026-06-05 19:43:43] alumno_id: 49568931
[2026-06-05 19:43:43] id_materia: 87
[2026-06-05 19:43:43] id_taller: NULL
[2026-06-05 19:43:43] tipo_item: materia
[2026-06-05 19:43:43] tipo_previa: 2
[2026-06-05 19:43:43] Query check: SELECT ID_previas FROM previas WHERE DNI_U = '49568931' AND ID_materia = '87' AND ID_taller IS NULL
[2026-06-05 19:43:43] Query insert: INSERT INTO previas (DNI_U, ID_materia, ID_taller, Aprobado, ID_tp) 
                  VALUES ('49568931', '87', NULL, 0, '2')
[2026-06-05 19:43:43] Previa guardada correctamente - filas afectadas: 1
[2026-06-05 19:45:03] === INICIO DE PETICIÓN ===
[2026-06-05 19:45:03] POST data: Array
(
    [action] => editar_previa
    [previa_id] => 578
    [tipo_previa] => 1
    [aprobado] => 0
)

[2026-06-05 19:45:03] Sesión activa - DNI: 98989898
[2026-06-05 19:45:03] Rol: Admin
[2026-06-05 19:45:03] Conexión a BD exitosa
[2026-06-05 19:45:03] Action: editar_previa
[2026-06-05 19:45:03] === editar_previa ===
[2026-06-05 19:45:03] previa_id: 578, tipo_previa: 1, aprobado: 0
[2026-06-05 19:45:03] Query: UPDATE previas SET ID_tp = '1', Aprobado = '0' WHERE ID_previas = '578'
[2026-06-05 19:45:19] === INICIO DE PETICIÓN ===
[2026-06-05 19:45:19] POST data: Array
(
    [action] => editar_previa
    [previa_id] => 578
    [tipo_previa] => 1
    [aprobado] => 0
)

[2026-06-05 19:45:19] Sesión activa - DNI: 98989898
[2026-06-05 19:45:19] Rol: Admin
[2026-06-05 19:45:19] Conexión a BD exitosa
[2026-06-05 19:45:19] Action: editar_previa
[2026-06-05 19:45:19] === editar_previa ===
[2026-06-05 19:45:19] previa_id: 578, tipo_previa: 1, aprobado: 0
[2026-06-05 19:45:19] Query: UPDATE previas SET ID_tp = '1', Aprobado = '0' WHERE ID_previas = '578'
[2026-06-05 19:46:24] === INICIO DE PETICIÓN ===
[2026-06-05 19:46:24] POST data: Array
(
    [action] => editar_previa
    [previa_id] => 581
    [tipo_previa] => 1
    [aprobado] => 0
)

[2026-06-05 19:46:24] Sesión activa - DNI: 98989898
[2026-06-05 19:46:24] Rol: Admin
[2026-06-05 19:46:25] Conexión a BD exitosa
[2026-06-05 19:46:25] Action: editar_previa
[2026-06-05 19:46:25] === editar_previa ===
[2026-06-05 19:46:25] previa_id: 581, tipo_previa: 1, aprobado: 0
[2026-06-05 19:46:25] Query: UPDATE previas SET ID_tp = '1', Aprobado = '0' WHERE ID_previas = '581'
[2026-06-05 19:47:15] === INICIO DE PETICIÓN ===
[2026-06-05 19:47:15] POST data: Array
(
    [action] => editar_previa
    [previa_id] => 584
    [tipo_previa] => 1
    [aprobado] => 0
)

[2026-06-05 19:47:15] Sesión activa - DNI: 98989898
[2026-06-05 19:47:15] Rol: Admin
[2026-06-05 19:47:15] Conexión a BD exitosa
[2026-06-05 19:47:15] Action: editar_previa
[2026-06-05 19:47:15] === editar_previa ===
[2026-06-05 19:47:15] previa_id: 584, tipo_previa: 1, aprobado: 0
[2026-06-05 19:47:15] Query: UPDATE previas SET ID_tp = '1', Aprobado = '0' WHERE ID_previas = '584'
[2026-06-05 19:47:45] === INICIO DE PETICIÓN ===
[2026-06-05 19:47:45] POST data: Array
(
    [action] => editar_previa
    [previa_id] => 587
    [tipo_previa] => 1
    [aprobado] => 0
)

[2026-06-05 19:47:45] Sesión activa - DNI: 98989898
[2026-06-05 19:47:45] Rol: Admin
[2026-06-05 19:47:45] Conexión a BD exitosa
[2026-06-05 19:47:45] Action: editar_previa
[2026-06-05 19:47:45] === editar_previa ===
[2026-06-05 19:47:45] previa_id: 587, tipo_previa: 1, aprobado: 0
[2026-06-05 19:47:45] Query: UPDATE previas SET ID_tp = '1', Aprobado = '0' WHERE ID_previas = '587'
[2026-06-05 19:48:23] === INICIO DE PETICIÓN ===
[2026-06-05 19:48:23] POST data: Array
(
    [action] => get_alumnos
    [curso_id] => 14
)

[2026-06-05 19:48:23] Sesión activa - DNI: 98989898
[2026-06-05 19:48:23] Rol: Admin
[2026-06-05 19:48:23] Conexión a BD exitosa
[2026-06-05 19:48:23] Action: get_alumnos
[2026-06-05 19:48:23] === PROCESANDO get_alumnos ===
[2026-06-05 19:48:23] Curso ID: 14
[2026-06-05 19:48:23] Query alumnos: SELECT u.DNI_U, u.Nombre, u.Apellido
              FROM usuario u
              WHERE u.id_curso = '14'
              AND u.ID_rol = 3
              AND u.ID_Estado = 1
              ORDER BY u.Apellido, u.Nombre
[2026-06-05 19:48:23] Alumnos encontrados: 29
[2026-06-05 19:48:34] === INICIO DE PETICIÓN ===
[2026-06-05 19:48:34] POST data: Array
(
    [action] => get_materias_y_talleres_por_anio
    [anio] => 3
)

[2026-06-05 19:48:34] Sesión activa - DNI: 98989898
[2026-06-05 19:48:34] Rol: Admin
[2026-06-05 19:48:34] Conexión a BD exitosa
[2026-06-05 19:48:34] Action: get_materias_y_talleres_por_anio
[2026-06-05 19:48:34] === PROCESANDO get_materias_y_talleres_por_anio ===
[2026-06-05 19:48:34] Año: 3
[2026-06-05 19:48:34] Query materias: SELECT DISTINCT m.ID_materia, m.Nom_materia
                       FROM materia m
                       INNER JOIN curso c ON m.id_curso = c.ID_curso
                       WHERE c.curso = '3'
                       AND c.division = 'A'
                       AND m.Nom_materia NOT LIKE '%Taller%'
                       AND m.Nom_materia NOT LIKE '%Tutorias%'
                       AND m.Nom_materia NOT LIKE '%Tutoría%'
                       ORDER BY m.Nom_materia
[2026-06-05 19:48:34] Materias encontradas: 14
[2026-06-05 19:48:34] Total items a enviar: 14
[2026-06-05 19:48:42] === INICIO DE PETICIÓN ===
[2026-06-05 19:48:42] POST data: Array
(
    [action] => guardar_previa
    [alumno_id] => 49807084
    [tipo_item] => materia
    [tipo_previa] => 2
    [id_materia] => 146
)

[2026-06-05 19:48:42] Sesión activa - DNI: 98989898
[2026-06-05 19:48:42] Rol: Admin
[2026-06-05 19:48:42] Conexión a BD exitosa
[2026-06-05 19:48:42] Action: guardar_previa
[2026-06-05 19:48:42] === PROCESANDO guardar_previa ===
[2026-06-05 19:48:42] alumno_id: 49807084
[2026-06-05 19:48:42] id_materia: 146
[2026-06-05 19:48:42] id_taller: NULL
[2026-06-05 19:48:42] tipo_item: materia
[2026-06-05 19:48:42] tipo_previa: 2
[2026-06-05 19:48:42] Query check: SELECT ID_previas FROM previas WHERE DNI_U = '49807084' AND ID_materia = '146' AND ID_taller IS NULL
[2026-06-05 19:48:42] Query insert: INSERT INTO previas (DNI_U, ID_materia, ID_taller, Aprobado, ID_tp) 
                  VALUES ('49807084', '146', NULL, 0, '2')
[2026-06-05 19:48:42] Previa guardada correctamente - filas afectadas: 1
[2026-06-05 19:48:49] === INICIO DE PETICIÓN ===
[2026-06-05 19:48:49] POST data: Array
(
    [action] => get_alumnos
    [curso_id] => 14
)

[2026-06-05 19:48:49] Sesión activa - DNI: 98989898
[2026-06-05 19:48:49] Rol: Admin
[2026-06-05 19:48:49] Conexión a BD exitosa
[2026-06-05 19:48:49] Action: get_alumnos
[2026-06-05 19:48:49] === PROCESANDO get_alumnos ===
[2026-06-05 19:48:49] Curso ID: 14
[2026-06-05 19:48:49] Query alumnos: SELECT u.DNI_U, u.Nombre, u.Apellido
              FROM usuario u
              WHERE u.id_curso = '14'
              AND u.ID_rol = 3
              AND u.ID_Estado = 1
              ORDER BY u.Apellido, u.Nombre
[2026-06-05 19:48:49] Alumnos encontrados: 29
[2026-06-05 19:48:56] === INICIO DE PETICIÓN ===
[2026-06-05 19:48:56] POST data: Array
(
    [action] => get_materias_y_talleres_por_anio
    [anio] => 3
)

[2026-06-05 19:48:56] Sesión activa - DNI: 98989898
[2026-06-05 19:48:56] Rol: Admin
[2026-06-05 19:48:57] Conexión a BD exitosa
[2026-06-05 19:48:57] Action: get_materias_y_talleres_por_anio
[2026-06-05 19:48:57] === PROCESANDO get_materias_y_talleres_por_anio ===
[2026-06-05 19:48:57] Año: 3
[2026-06-05 19:48:57] Query materias: SELECT DISTINCT m.ID_materia, m.Nom_materia
                       FROM materia m
                       INNER JOIN curso c ON m.id_curso = c.ID_curso
                       WHERE c.curso = '3'
                       AND c.division = 'A'
                       AND m.Nom_materia NOT LIKE '%Taller%'
                       AND m.Nom_materia NOT LIKE '%Tutorias%'
                       AND m.Nom_materia NOT LIKE '%Tutoría%'
                       ORDER BY m.Nom_materia
[2026-06-05 19:48:57] Materias encontradas: 14
[2026-06-05 19:48:57] Total items a enviar: 14
[2026-06-05 19:49:03] === INICIO DE PETICIÓN ===
[2026-06-05 19:49:03] POST data: Array
(
    [action] => guardar_previa
    [alumno_id] => 49807084
    [tipo_item] => materia
    [tipo_previa] => 2
    [id_materia] => 142
)

[2026-06-05 19:49:03] Sesión activa - DNI: 98989898
[2026-06-05 19:49:03] Rol: Admin
[2026-06-05 19:49:03] Conexión a BD exitosa
[2026-06-05 19:49:03] Action: guardar_previa
[2026-06-05 19:49:03] === PROCESANDO guardar_previa ===
[2026-06-05 19:49:03] alumno_id: 49807084
[2026-06-05 19:49:03] id_materia: 142
[2026-06-05 19:49:03] id_taller: NULL
[2026-06-05 19:49:03] tipo_item: materia
[2026-06-05 19:49:03] tipo_previa: 2
[2026-06-05 19:49:03] Query check: SELECT ID_previas FROM previas WHERE DNI_U = '49807084' AND ID_materia = '142' AND ID_taller IS NULL
[2026-06-05 19:49:03] Query insert: INSERT INTO previas (DNI_U, ID_materia, ID_taller, Aprobado, ID_tp) 
                  VALUES ('49807084', '142', NULL, 0, '2')
[2026-06-05 19:49:03] Previa guardada correctamente - filas afectadas: 1
[2026-06-05 19:49:13] === INICIO DE PETICIÓN ===
[2026-06-05 19:49:13] POST data: Array
(
    [action] => get_alumnos
    [curso_id] => 14
)

[2026-06-05 19:49:13] Sesión activa - DNI: 98989898
[2026-06-05 19:49:13] Rol: Admin
[2026-06-05 19:49:13] Conexión a BD exitosa
[2026-06-05 19:49:13] Action: get_alumnos
[2026-06-05 19:49:13] === PROCESANDO get_alumnos ===
[2026-06-05 19:49:13] Curso ID: 14
[2026-06-05 19:49:13] Query alumnos: SELECT u.DNI_U, u.Nombre, u.Apellido
              FROM usuario u
              WHERE u.id_curso = '14'
              AND u.ID_rol = 3
              AND u.ID_Estado = 1
              ORDER BY u.Apellido, u.Nombre
[2026-06-05 19:49:13] Alumnos encontrados: 29
[2026-06-05 19:49:20] === INICIO DE PETICIÓN ===
[2026-06-05 19:49:20] POST data: Array
(
    [action] => get_materias_y_talleres_por_anio
    [anio] => 3
)

[2026-06-05 19:49:20] Sesión activa - DNI: 98989898
[2026-06-05 19:49:20] Rol: Admin
[2026-06-05 19:49:20] Conexión a BD exitosa
[2026-06-05 19:49:20] Action: get_materias_y_talleres_por_anio
[2026-06-05 19:49:20] === PROCESANDO get_materias_y_talleres_por_anio ===
[2026-06-05 19:49:20] Año: 3
[2026-06-05 19:49:20] Query materias: SELECT DISTINCT m.ID_materia, m.Nom_materia
                       FROM materia m
                       INNER JOIN curso c ON m.id_curso = c.ID_curso
                       WHERE c.curso = '3'
                       AND c.division = 'A'
                       AND m.Nom_materia NOT LIKE '%Taller%'
                       AND m.Nom_materia NOT LIKE '%Tutorias%'
                       AND m.Nom_materia NOT LIKE '%Tutoría%'
                       ORDER BY m.Nom_materia
[2026-06-05 19:49:20] Materias encontradas: 14
[2026-06-05 19:49:20] Total items a enviar: 14
[2026-06-05 19:49:26] === INICIO DE PETICIÓN ===
[2026-06-05 19:49:26] POST data: Array
(
    [action] => guardar_previa
    [alumno_id] => 49477284
    [tipo_item] => materia
    [tipo_previa] => 2
    [id_materia] => 142
)

[2026-06-05 19:49:26] Sesión activa - DNI: 98989898
[2026-06-05 19:49:26] Rol: Admin
[2026-06-05 19:49:26] Conexión a BD exitosa
[2026-06-05 19:49:26] Action: guardar_previa
[2026-06-05 19:49:26] === PROCESANDO guardar_previa ===
[2026-06-05 19:49:26] alumno_id: 49477284
[2026-06-05 19:49:26] id_materia: 142
[2026-06-05 19:49:26] id_taller: NULL
[2026-06-05 19:49:26] tipo_item: materia
[2026-06-05 19:49:26] tipo_previa: 2
[2026-06-05 19:49:26] Query check: SELECT ID_previas FROM previas WHERE DNI_U = '49477284' AND ID_materia = '142' AND ID_taller IS NULL
[2026-06-05 19:49:26] Query insert: INSERT INTO previas (DNI_U, ID_materia, ID_taller, Aprobado, ID_tp) 
                  VALUES ('49477284', '142', NULL, 0, '2')
[2026-06-05 19:49:26] Previa guardada correctamente - filas afectadas: 1
[2026-06-05 19:49:34] === INICIO DE PETICIÓN ===
[2026-06-05 19:49:34] POST data: Array
(
    [action] => get_alumnos
    [curso_id] => 14
)

[2026-06-05 19:49:34] Sesión activa - DNI: 98989898
[2026-06-05 19:49:34] Rol: Admin
[2026-06-05 19:49:34] Conexión a BD exitosa
[2026-06-05 19:49:34] Action: get_alumnos
[2026-06-05 19:49:34] === PROCESANDO get_alumnos ===
[2026-06-05 19:49:34] Curso ID: 14
[2026-06-05 19:49:34] Query alumnos: SELECT u.DNI_U, u.Nombre, u.Apellido
              FROM usuario u
              WHERE u.id_curso = '14'
              AND u.ID_rol = 3
              AND u.ID_Estado = 1
              ORDER BY u.Apellido, u.Nombre
[2026-06-05 19:49:34] Alumnos encontrados: 29
[2026-06-05 19:49:47] === INICIO DE PETICIÓN ===
[2026-06-05 19:49:47] POST data: Array
(
    [action] => get_materias_y_talleres_por_anio
    [anio] => 1
)

[2026-06-05 19:49:47] Sesión activa - DNI: 98989898
[2026-06-05 19:49:47] Rol: Admin
[2026-06-05 19:49:47] Conexión a BD exitosa
[2026-06-05 19:49:47] Action: get_materias_y_talleres_por_anio
[2026-06-05 19:49:47] === PROCESANDO get_materias_y_talleres_por_anio ===
[2026-06-05 19:49:47] Año: 1
[2026-06-05 19:49:47] Query materias: SELECT DISTINCT m.ID_materia, m.Nom_materia
                       FROM materia m
                       INNER JOIN curso c ON m.id_curso = c.ID_curso
                       WHERE c.curso = '1'
                       AND c.division = 'A'
                       AND m.Nom_materia NOT LIKE '%Taller%'
                       AND m.Nom_materia NOT LIKE '%Tutorias%'
                       AND m.Nom_materia NOT LIKE '%Tutoría%'
                       ORDER BY m.Nom_materia
[2026-06-05 19:49:47] Materias encontradas: 10
[2026-06-05 19:49:47] Query talleres: SELECT ID_taller, nombre 
                           FROM talleres 
                           WHERE anio_taller = 'I' 
                           AND activo = 1
                           ORDER BY nombre
[2026-06-05 19:49:47] Talleres encontrados: 6
[2026-06-05 19:49:47] Total items a enviar: 16
[2026-06-05 19:49:51] === INICIO DE PETICIÓN ===
[2026-06-05 19:49:51] POST data: Array
(
    [action] => guardar_previa
    [alumno_id] => 49994544
    [tipo_item] => materia
    [tipo_previa] => 2
    [id_materia] => 27
)

[2026-06-05 19:49:51] Sesión activa - DNI: 98989898
[2026-06-05 19:49:51] Rol: Admin
[2026-06-05 19:49:51] Conexión a BD exitosa
[2026-06-05 19:49:51] Action: guardar_previa
[2026-06-05 19:49:51] === PROCESANDO guardar_previa ===
[2026-06-05 19:49:51] alumno_id: 49994544
[2026-06-05 19:49:51] id_materia: 27
[2026-06-05 19:49:51] id_taller: NULL
[2026-06-05 19:49:51] tipo_item: materia
[2026-06-05 19:49:51] tipo_previa: 2
[2026-06-05 19:49:51] Query check: SELECT ID_previas FROM previas WHERE DNI_U = '49994544' AND ID_materia = '27' AND ID_taller IS NULL
[2026-06-05 19:49:51] Query insert: INSERT INTO previas (DNI_U, ID_materia, ID_taller, Aprobado, ID_tp) 
                  VALUES ('49994544', '27', NULL, 0, '2')
[2026-06-05 19:49:51] Previa guardada correctamente - filas afectadas: 1
[2026-06-05 19:49:53] === INICIO DE PETICIÓN ===
[2026-06-05 19:49:53] POST data: Array
(
    [action] => get_alumnos
    [curso_id] => 14
)

[2026-06-05 19:49:53] Sesión activa - DNI: 98989898
[2026-06-05 19:49:53] Rol: Admin
[2026-06-05 19:49:53] Conexión a BD exitosa
[2026-06-05 19:49:53] Action: get_alumnos
[2026-06-05 19:49:53] === PROCESANDO get_alumnos ===
[2026-06-05 19:49:53] Curso ID: 14
[2026-06-05 19:49:53] Query alumnos: SELECT u.DNI_U, u.Nombre, u.Apellido
              FROM usuario u
              WHERE u.id_curso = '14'
              AND u.ID_rol = 3
              AND u.ID_Estado = 1
              ORDER BY u.Apellido, u.Nombre
[2026-06-05 19:49:53] Alumnos encontrados: 29
[2026-06-05 19:49:57] === INICIO DE PETICIÓN ===
[2026-06-05 19:49:57] POST data: Array
(
    [action] => get_materias_y_talleres_por_anio
    [anio] => 3
)

[2026-06-05 19:49:57] Sesión activa - DNI: 98989898
[2026-06-05 19:49:57] Rol: Admin
[2026-06-05 19:49:57] Conexión a BD exitosa
[2026-06-05 19:49:57] Action: get_materias_y_talleres_por_anio
[2026-06-05 19:49:57] === PROCESANDO get_materias_y_talleres_por_anio ===
[2026-06-05 19:49:57] Año: 3
[2026-06-05 19:49:57] Query materias: SELECT DISTINCT m.ID_materia, m.Nom_materia
                       FROM materia m
                       INNER JOIN curso c ON m.id_curso = c.ID_curso
                       WHERE c.curso = '3'
                       AND c.division = 'A'
                       AND m.Nom_materia NOT LIKE '%Taller%'
                       AND m.Nom_materia NOT LIKE '%Tutorias%'
                       AND m.Nom_materia NOT LIKE '%Tutoría%'
                       ORDER BY m.Nom_materia
[2026-06-05 19:49:57] Materias encontradas: 14
[2026-06-05 19:49:57] Total items a enviar: 14
[2026-06-05 19:50:00] === INICIO DE PETICIÓN ===
[2026-06-05 19:50:00] POST data: Array
(
    [action] => guardar_previa
    [alumno_id] => 49994544
    [tipo_item] => materia
    [tipo_previa] => 2
    [id_materia] => 149
)

[2026-06-05 19:50:00] Sesión activa - DNI: 98989898
[2026-06-05 19:50:00] Rol: Admin
[2026-06-05 19:50:00] Conexión a BD exitosa
[2026-06-05 19:50:00] Action: guardar_previa
[2026-06-05 19:50:00] === PROCESANDO guardar_previa ===
[2026-06-05 19:50:00] alumno_id: 49994544
[2026-06-05 19:50:00] id_materia: 149
[2026-06-05 19:50:00] id_taller: NULL
[2026-06-05 19:50:00] tipo_item: materia
[2026-06-05 19:50:00] tipo_previa: 2
[2026-06-05 19:50:00] Query check: SELECT ID_previas FROM previas WHERE DNI_U = '49994544' AND ID_materia = '149' AND ID_taller IS NULL
[2026-06-05 19:50:00] Query insert: INSERT INTO previas (DNI_U, ID_materia, ID_taller, Aprobado, ID_tp) 
                  VALUES ('49994544', '149', NULL, 0, '2')
[2026-06-05 19:50:00] Previa guardada correctamente - filas afectadas: 1
[2026-06-05 19:50:02] === INICIO DE PETICIÓN ===
[2026-06-05 19:50:02] POST data: Array
(
    [action] => get_alumnos
    [curso_id] => 14
)

[2026-06-05 19:50:02] Sesión activa - DNI: 98989898
[2026-06-05 19:50:02] Rol: Admin
[2026-06-05 19:50:02] Conexión a BD exitosa
[2026-06-05 19:50:02] Action: get_alumnos
[2026-06-05 19:50:02] === PROCESANDO get_alumnos ===
[2026-06-05 19:50:02] Curso ID: 14
[2026-06-05 19:50:02] Query alumnos: SELECT u.DNI_U, u.Nombre, u.Apellido
              FROM usuario u
              WHERE u.id_curso = '14'
              AND u.ID_rol = 3
              AND u.ID_Estado = 1
              ORDER BY u.Apellido, u.Nombre
[2026-06-05 19:50:02] Alumnos encontrados: 29
[2026-06-05 19:50:09] === INICIO DE PETICIÓN ===
[2026-06-05 19:50:09] POST data: Array
(
    [action] => get_materias_y_talleres_por_anio
    [anio] => 3
)

[2026-06-05 19:50:09] Sesión activa - DNI: 98989898
[2026-06-05 19:50:09] Rol: Admin
[2026-06-05 19:50:09] Conexión a BD exitosa
[2026-06-05 19:50:09] Action: get_materias_y_talleres_por_anio
[2026-06-05 19:50:09] === PROCESANDO get_materias_y_talleres_por_anio ===
[2026-06-05 19:50:09] Año: 3
[2026-06-05 19:50:09] Query materias: SELECT DISTINCT m.ID_materia, m.Nom_materia
                       FROM materia m
                       INNER JOIN curso c ON m.id_curso = c.ID_curso
                       WHERE c.curso = '3'
                       AND c.division = 'A'
                       AND m.Nom_materia NOT LIKE '%Taller%'
                       AND m.Nom_materia NOT LIKE '%Tutorias%'
                       AND m.Nom_materia NOT LIKE '%Tutoría%'
                       ORDER BY m.Nom_materia
[2026-06-05 19:50:09] Materias encontradas: 14
[2026-06-05 19:50:09] Total items a enviar: 14
[2026-06-05 19:50:15] === INICIO DE PETICIÓN ===
[2026-06-05 19:50:15] POST data: Array
(
    [action] => guardar_previa
    [alumno_id] => 49994544
    [tipo_item] => materia
    [tipo_previa] => 2
    [id_materia] => 142
)

[2026-06-05 19:50:15] Sesión activa - DNI: 98989898
[2026-06-05 19:50:15] Rol: Admin
[2026-06-05 19:50:15] Conexión a BD exitosa
[2026-06-05 19:50:15] Action: guardar_previa
[2026-06-05 19:50:15] === PROCESANDO guardar_previa ===
[2026-06-05 19:50:15] alumno_id: 49994544
[2026-06-05 19:50:15] id_materia: 142
[2026-06-05 19:50:15] id_taller: NULL
[2026-06-05 19:50:15] tipo_item: materia
[2026-06-05 19:50:15] tipo_previa: 2
[2026-06-05 19:50:15] Query check: SELECT ID_previas FROM previas WHERE DNI_U = '49994544' AND ID_materia = '142' AND ID_taller IS NULL
[2026-06-05 19:50:15] Query insert: INSERT INTO previas (DNI_U, ID_materia, ID_taller, Aprobado, ID_tp) 
                  VALUES ('49994544', '142', NULL, 0, '2')
[2026-06-05 19:50:15] Previa guardada correctamente - filas afectadas: 1
[2026-06-05 19:50:21] === INICIO DE PETICIÓN ===
[2026-06-05 19:50:21] POST data: Array
(
    [action] => get_alumnos
    [curso_id] => 14
)

[2026-06-05 19:50:21] Sesión activa - DNI: 98989898
[2026-06-05 19:50:21] Rol: Admin
[2026-06-05 19:50:21] Conexión a BD exitosa
[2026-06-05 19:50:21] Action: get_alumnos
[2026-06-05 19:50:21] === PROCESANDO get_alumnos ===
[2026-06-05 19:50:21] Curso ID: 14
[2026-06-05 19:50:21] Query alumnos: SELECT u.DNI_U, u.Nombre, u.Apellido
              FROM usuario u
              WHERE u.id_curso = '14'
              AND u.ID_rol = 3
              AND u.ID_Estado = 1
              ORDER BY u.Apellido, u.Nombre
[2026-06-05 19:50:21] Alumnos encontrados: 29
[2026-06-05 19:55:14] === INICIO DE PETICIÓN ===
[2026-06-05 19:55:14] POST data: Array
(
    [action] => get_alumnos
    [curso_id] => 14
)

[2026-06-05 19:55:14] Sesión activa - DNI: 98989898
[2026-06-05 19:55:14] Rol: Admin
[2026-06-05 19:55:14] Conexión a BD exitosa
[2026-06-05 19:55:14] Action: get_alumnos
[2026-06-05 19:55:14] === PROCESANDO get_alumnos ===
[2026-06-05 19:55:14] Curso ID: 14
[2026-06-05 19:55:14] Query alumnos: SELECT u.DNI_U, u.Nombre, u.Apellido
              FROM usuario u
              WHERE u.id_curso = '14'
              AND u.ID_rol = 3
              AND u.ID_Estado = 1
              ORDER BY u.Apellido, u.Nombre
[2026-06-05 19:55:14] Alumnos encontrados: 30
[2026-06-05 19:55:45] === INICIO DE PETICIÓN ===
[2026-06-05 19:55:45] POST data: Array
(
    [action] => get_materias_y_talleres_por_anio
    [anio] => 2
)

[2026-06-05 19:55:45] Sesión activa - DNI: 98989898
[2026-06-05 19:55:45] Rol: Admin
[2026-06-05 19:55:45] Conexión a BD exitosa
[2026-06-05 19:55:45] Action: get_materias_y_talleres_por_anio
[2026-06-05 19:55:45] === PROCESANDO get_materias_y_talleres_por_anio ===
[2026-06-05 19:55:45] Año: 2
[2026-06-05 19:55:45] Query materias: SELECT DISTINCT m.ID_materia, m.Nom_materia
                       FROM materia m
                       INNER JOIN curso c ON m.id_curso = c.ID_curso
                       WHERE c.curso = '2'
                       AND c.division = 'A'
                       AND m.Nom_materia NOT LIKE '%Taller%'
                       AND m.Nom_materia NOT LIKE '%Tutorias%'
                       AND m.Nom_materia NOT LIKE '%Tutoría%'
                       ORDER BY m.Nom_materia
[2026-06-05 19:55:45] Materias encontradas: 11
[2026-06-05 19:55:45] Query talleres: SELECT ID_taller, nombre 
                           FROM talleres 
                           WHERE anio_taller = 'II' 
                           AND activo = 1
                           ORDER BY nombre
[2026-06-05 19:55:45] Talleres encontrados: 6
[2026-06-05 19:55:45] Total items a enviar: 17
[2026-06-05 19:55:59] === INICIO DE PETICIÓN ===
[2026-06-05 19:55:59] POST data: Array
(
    [action] => guardar_previa
    [alumno_id] => 50197883
    [tipo_item] => materia
    [tipo_previa] => 2
    [id_materia] => 84
)

[2026-06-05 19:55:59] Sesión activa - DNI: 98989898
[2026-06-05 19:55:59] Rol: Admin
[2026-06-05 19:55:59] Conexión a BD exitosa
[2026-06-05 19:55:59] Action: guardar_previa
[2026-06-05 19:55:59] === PROCESANDO guardar_previa ===
[2026-06-05 19:55:59] alumno_id: 50197883
[2026-06-05 19:55:59] id_materia: 84
[2026-06-05 19:55:59] id_taller: NULL
[2026-06-05 19:55:59] tipo_item: materia
[2026-06-05 19:55:59] tipo_previa: 2
[2026-06-05 19:55:59] Query check: SELECT ID_previas FROM previas WHERE DNI_U = '50197883' AND ID_materia = '84' AND ID_taller IS NULL
[2026-06-05 19:55:59] Query insert: INSERT INTO previas (DNI_U, ID_materia, ID_taller, Aprobado, ID_tp) 
                  VALUES ('50197883', '84', NULL, 0, '2')
[2026-06-05 19:55:59] Previa guardada correctamente - filas afectadas: 1
[2026-06-05 19:56:01] === INICIO DE PETICIÓN ===
[2026-06-05 19:56:01] POST data: Array
(
    [action] => get_alumnos
    [curso_id] => 14
)

[2026-06-05 19:56:01] Sesión activa - DNI: 98989898
[2026-06-05 19:56:01] Rol: Admin
[2026-06-05 19:56:01] Conexión a BD exitosa
[2026-06-05 19:56:01] Action: get_alumnos
[2026-06-05 19:56:01] === PROCESANDO get_alumnos ===
[2026-06-05 19:56:01] Curso ID: 14
[2026-06-05 19:56:01] Query alumnos: SELECT u.DNI_U, u.Nombre, u.Apellido
              FROM usuario u
              WHERE u.id_curso = '14'
              AND u.ID_rol = 3
              AND u.ID_Estado = 1
              ORDER BY u.Apellido, u.Nombre
[2026-06-05 19:56:01] Alumnos encontrados: 30
[2026-06-05 19:56:13] === INICIO DE PETICIÓN ===
[2026-06-05 19:56:13] POST data: Array
(
    [action] => get_materias_y_talleres_por_anio
    [anio] => 3
)

[2026-06-05 19:56:13] Sesión activa - DNI: 98989898
[2026-06-05 19:56:13] Rol: Admin
[2026-06-05 19:56:13] Conexión a BD exitosa
[2026-06-05 19:56:13] Action: get_materias_y_talleres_por_anio
[2026-06-05 19:56:13] === PROCESANDO get_materias_y_talleres_por_anio ===
[2026-06-05 19:56:13] Año: 3
[2026-06-05 19:56:13] Query materias: SELECT DISTINCT m.ID_materia, m.Nom_materia
                       FROM materia m
                       INNER JOIN curso c ON m.id_curso = c.ID_curso
                       WHERE c.curso = '3'
                       AND c.division = 'A'
                       AND m.Nom_materia NOT LIKE '%Taller%'
                       AND m.Nom_materia NOT LIKE '%Tutorias%'
                       AND m.Nom_materia NOT LIKE '%Tutoría%'
                       ORDER BY m.Nom_materia
[2026-06-05 19:56:13] Materias encontradas: 14
[2026-06-05 19:56:13] Total items a enviar: 14
[2026-06-05 19:56:19] === INICIO DE PETICIÓN ===
[2026-06-05 19:56:19] POST data: Array
(
    [action] => guardar_previa
    [alumno_id] => 50197883
    [tipo_item] => materia
    [tipo_previa] => 2
    [id_materia] => 142
)

[2026-06-05 19:56:19] Sesión activa - DNI: 98989898
[2026-06-05 19:56:19] Rol: Admin
[2026-06-05 19:56:19] Conexión a BD exitosa
[2026-06-05 19:56:19] Action: guardar_previa
[2026-06-05 19:56:19] === PROCESANDO guardar_previa ===
[2026-06-05 19:56:19] alumno_id: 50197883
[2026-06-05 19:56:19] id_materia: 142
[2026-06-05 19:56:19] id_taller: NULL
[2026-06-05 19:56:19] tipo_item: materia
[2026-06-05 19:56:19] tipo_previa: 2
[2026-06-05 19:56:19] Query check: SELECT ID_previas FROM previas WHERE DNI_U = '50197883' AND ID_materia = '142' AND ID_taller IS NULL
[2026-06-05 19:56:19] Query insert: INSERT INTO previas (DNI_U, ID_materia, ID_taller, Aprobado, ID_tp) 
                  VALUES ('50197883', '142', NULL, 0, '2')
[2026-06-05 19:56:19] Previa guardada correctamente - filas afectadas: 1
[2026-06-05 19:56:21] === INICIO DE PETICIÓN ===
[2026-06-05 19:56:21] POST data: Array
(
    [action] => get_alumnos
    [curso_id] => 14
)

[2026-06-05 19:56:21] Sesión activa - DNI: 98989898
[2026-06-05 19:56:21] Rol: Admin
[2026-06-05 19:56:21] Conexión a BD exitosa
[2026-06-05 19:56:21] Action: get_alumnos
[2026-06-05 19:56:21] === PROCESANDO get_alumnos ===
[2026-06-05 19:56:21] Curso ID: 14
[2026-06-05 19:56:21] Query alumnos: SELECT u.DNI_U, u.Nombre, u.Apellido
              FROM usuario u
              WHERE u.id_curso = '14'
              AND u.ID_rol = 3
              AND u.ID_Estado = 1
              ORDER BY u.Apellido, u.Nombre
[2026-06-05 19:56:21] Alumnos encontrados: 30
[2026-06-05 19:56:29] === INICIO DE PETICIÓN ===
[2026-06-05 19:56:29] POST data: Array
(
    [action] => get_materias_y_talleres_por_anio
    [anio] => 3
)

[2026-06-05 19:56:29] Sesión activa - DNI: 98989898
[2026-06-05 19:56:29] Rol: Admin
[2026-06-05 19:56:29] Conexión a BD exitosa
[2026-06-05 19:56:29] Action: get_materias_y_talleres_por_anio
[2026-06-05 19:56:29] === PROCESANDO get_materias_y_talleres_por_anio ===
[2026-06-05 19:56:29] Año: 3
[2026-06-05 19:56:29] Query materias: SELECT DISTINCT m.ID_materia, m.Nom_materia
                       FROM materia m
                       INNER JOIN curso c ON m.id_curso = c.ID_curso
                       WHERE c.curso = '3'
                       AND c.division = 'A'
                       AND m.Nom_materia NOT LIKE '%Taller%'
                       AND m.Nom_materia NOT LIKE '%Tutorias%'
                       AND m.Nom_materia NOT LIKE '%Tutoría%'
                       ORDER BY m.Nom_materia
[2026-06-05 19:56:29] Materias encontradas: 14
[2026-06-05 19:56:29] Total items a enviar: 14
[2026-06-05 19:56:34] === INICIO DE PETICIÓN ===
[2026-06-05 19:56:34] POST data: Array
(
    [action] => guardar_previa
    [alumno_id] => 50197883
    [tipo_item] => materia
    [tipo_previa] => 2
    [id_materia] => 136
)

[2026-06-05 19:56:34] Sesión activa - DNI: 98989898
[2026-06-05 19:56:34] Rol: Admin
[2026-06-05 19:56:34] Conexión a BD exitosa
[2026-06-05 19:56:34] Action: guardar_previa
[2026-06-05 19:56:34] === PROCESANDO guardar_previa ===
[2026-06-05 19:56:34] alumno_id: 50197883
[2026-06-05 19:56:34] id_materia: 136
[2026-06-05 19:56:34] id_taller: NULL
[2026-06-05 19:56:34] tipo_item: materia
[2026-06-05 19:56:34] tipo_previa: 2
[2026-06-05 19:56:34] Query check: SELECT ID_previas FROM previas WHERE DNI_U = '50197883' AND ID_materia = '136' AND ID_taller IS NULL
[2026-06-05 19:56:34] Query insert: INSERT INTO previas (DNI_U, ID_materia, ID_taller, Aprobado, ID_tp) 
                  VALUES ('50197883', '136', NULL, 0, '2')
[2026-06-05 19:56:34] Previa guardada correctamente - filas afectadas: 1
[2026-06-05 19:57:19] === INICIO DE PETICIÓN ===
[2026-06-05 19:57:19] POST data: Array
(
    [action] => get_alumnos
    [curso_id] => 14
)

[2026-06-05 19:57:19] Sesión activa - DNI: 98989898
[2026-06-05 19:57:19] Rol: Admin
[2026-06-05 19:57:19] Conexión a BD exitosa
[2026-06-05 19:57:19] Action: get_alumnos
[2026-06-05 19:57:19] === PROCESANDO get_alumnos ===
[2026-06-05 19:57:19] Curso ID: 14
[2026-06-05 19:57:19] Query alumnos: SELECT u.DNI_U, u.Nombre, u.Apellido
              FROM usuario u
              WHERE u.id_curso = '14'
              AND u.ID_rol = 3
              AND u.ID_Estado = 1
              ORDER BY u.Apellido, u.Nombre
[2026-06-05 19:57:19] Alumnos encontrados: 29
[2026-06-05 19:57:24] === INICIO DE PETICIÓN ===
[2026-06-05 19:57:24] POST data: Array
(
    [action] => get_materias_y_talleres_por_anio
    [anio] => 3
)

[2026-06-05 19:57:24] Sesión activa - DNI: 98989898
[2026-06-05 19:57:24] Rol: Admin
[2026-06-05 19:57:24] Conexión a BD exitosa
[2026-06-05 19:57:24] Action: get_materias_y_talleres_por_anio
[2026-06-05 19:57:24] === PROCESANDO get_materias_y_talleres_por_anio ===
[2026-06-05 19:57:24] Año: 3
[2026-06-05 19:57:24] Query materias: SELECT DISTINCT m.ID_materia, m.Nom_materia
                       FROM materia m
                       INNER JOIN curso c ON m.id_curso = c.ID_curso
                       WHERE c.curso = '3'
                       AND c.division = 'A'
                       AND m.Nom_materia NOT LIKE '%Taller%'
                       AND m.Nom_materia NOT LIKE '%Tutorias%'
                       AND m.Nom_materia NOT LIKE '%Tutoría%'
                       ORDER BY m.Nom_materia
[2026-06-05 19:57:24] Materias encontradas: 14
[2026-06-05 19:57:24] Total items a enviar: 14
[2026-06-05 19:57:36] === INICIO DE PETICIÓN ===
[2026-06-05 19:57:36] POST data: Array
(
    [action] => guardar_previa
    [alumno_id] => 50207503
    [tipo_item] => materia
    [tipo_previa] => 2
    [id_materia] => 142
)

[2026-06-05 19:57:36] Sesión activa - DNI: 98989898
[2026-06-05 19:57:36] Rol: Admin
[2026-06-05 19:57:36] Conexión a BD exitosa
[2026-06-05 19:57:36] Action: guardar_previa
[2026-06-05 19:57:36] === PROCESANDO guardar_previa ===
[2026-06-05 19:57:36] alumno_id: 50207503
[2026-06-05 19:57:36] id_materia: 142
[2026-06-05 19:57:36] id_taller: NULL
[2026-06-05 19:57:36] tipo_item: materia
[2026-06-05 19:57:36] tipo_previa: 2
[2026-06-05 19:57:36] Query check: SELECT ID_previas FROM previas WHERE DNI_U = '50207503' AND ID_materia = '142' AND ID_taller IS NULL
[2026-06-05 19:57:36] Query insert: INSERT INTO previas (DNI_U, ID_materia, ID_taller, Aprobado, ID_tp) 
                  VALUES ('50207503', '142', NULL, 0, '2')
[2026-06-05 19:57:36] Previa guardada correctamente - filas afectadas: 1
[2026-06-05 19:58:06] === INICIO DE PETICIÓN ===
[2026-06-05 19:58:06] POST data: Array
(
    [action] => get_alumnos
    [curso_id] => 14
)

[2026-06-05 19:58:06] Sesión activa - DNI: 98989898
[2026-06-05 19:58:06] Rol: Admin
[2026-06-05 19:58:06] Conexión a BD exitosa
[2026-06-05 19:58:06] Action: get_alumnos
[2026-06-05 19:58:06] === PROCESANDO get_alumnos ===
[2026-06-05 19:58:06] Curso ID: 14
[2026-06-05 19:58:06] Query alumnos: SELECT u.DNI_U, u.Nombre, u.Apellido
              FROM usuario u
              WHERE u.id_curso = '14'
              AND u.ID_rol = 3
              AND u.ID_Estado = 1
              ORDER BY u.Apellido, u.Nombre
[2026-06-05 19:58:06] Alumnos encontrados: 29
[2026-06-05 19:58:13] === INICIO DE PETICIÓN ===
[2026-06-05 19:58:13] POST data: Array
(
    [action] => get_materias_y_talleres_por_anio
    [anio] => 2
)

[2026-06-05 19:58:13] Sesión activa - DNI: 98989898
[2026-06-05 19:58:13] Rol: Admin
[2026-06-05 19:58:13] Conexión a BD exitosa
[2026-06-05 19:58:13] Action: get_materias_y_talleres_por_anio
[2026-06-05 19:58:13] === PROCESANDO get_materias_y_talleres_por_anio ===
[2026-06-05 19:58:13] Año: 2
[2026-06-05 19:58:13] Query materias: SELECT DISTINCT m.ID_materia, m.Nom_materia
                       FROM materia m
                       INNER JOIN curso c ON m.id_curso = c.ID_curso
                       WHERE c.curso = '2'
                       AND c.division = 'A'
                       AND m.Nom_materia NOT LIKE '%Taller%'
                       AND m.Nom_materia NOT LIKE '%Tutorias%'
                       AND m.Nom_materia NOT LIKE '%Tutoría%'
                       ORDER BY m.Nom_materia
[2026-06-05 19:58:13] Materias encontradas: 11
[2026-06-05 19:58:13] Query talleres: SELECT ID_taller, nombre 
                           FROM talleres 
                           WHERE anio_taller = 'II' 
                           AND activo = 1
                           ORDER BY nombre
[2026-06-05 19:58:13] Talleres encontrados: 6
[2026-06-05 19:58:13] Total items a enviar: 17
[2026-06-05 19:58:18] === INICIO DE PETICIÓN ===
[2026-06-05 19:58:18] POST data: Array
(
    [action] => guardar_previa
    [alumno_id] => 50344095
    [tipo_item] => materia
    [tipo_previa] => 2
    [id_materia] => 83
)

[2026-06-05 19:58:18] Sesión activa - DNI: 98989898
[2026-06-05 19:58:18] Rol: Admin
[2026-06-05 19:58:18] Conexión a BD exitosa
[2026-06-05 19:58:18] Action: guardar_previa
[2026-06-05 19:58:18] === PROCESANDO guardar_previa ===
[2026-06-05 19:58:18] alumno_id: 50344095
[2026-06-05 19:58:18] id_materia: 83
[2026-06-05 19:58:18] id_taller: NULL
[2026-06-05 19:58:18] tipo_item: materia
[2026-06-05 19:58:18] tipo_previa: 2
[2026-06-05 19:58:18] Query check: SELECT ID_previas FROM previas WHERE DNI_U = '50344095' AND ID_materia = '83' AND ID_taller IS NULL
[2026-06-05 19:58:18] Query insert: INSERT INTO previas (DNI_U, ID_materia, ID_taller, Aprobado, ID_tp) 
                  VALUES ('50344095', '83', NULL, 0, '2')
[2026-06-05 19:58:18] Previa guardada correctamente - filas afectadas: 1
[2026-06-05 19:58:25] === INICIO DE PETICIÓN ===
[2026-06-05 19:58:25] POST data: Array
(
    [action] => get_alumnos
    [curso_id] => 14
)

[2026-06-05 19:58:25] Sesión activa - DNI: 98989898
[2026-06-05 19:58:25] Rol: Admin
[2026-06-05 19:58:25] Conexión a BD exitosa
[2026-06-05 19:58:25] Action: get_alumnos
[2026-06-05 19:58:25] === PROCESANDO get_alumnos ===
[2026-06-05 19:58:25] Curso ID: 14
[2026-06-05 19:58:25] Query alumnos: SELECT u.DNI_U, u.Nombre, u.Apellido
              FROM usuario u
              WHERE u.id_curso = '14'
              AND u.ID_rol = 3
              AND u.ID_Estado = 1
              ORDER BY u.Apellido, u.Nombre
[2026-06-05 19:58:25] Alumnos encontrados: 29
[2026-06-05 19:58:32] === INICIO DE PETICIÓN ===
[2026-06-05 19:58:32] POST data: Array
(
    [action] => get_materias_y_talleres_por_anio
    [anio] => 3
)

[2026-06-05 19:58:32] Sesión activa - DNI: 98989898
[2026-06-05 19:58:32] Rol: Admin
[2026-06-05 19:58:32] Conexión a BD exitosa
[2026-06-05 19:58:32] Action: get_materias_y_talleres_por_anio
[2026-06-05 19:58:32] === PROCESANDO get_materias_y_talleres_por_anio ===
[2026-06-05 19:58:32] Año: 3
[2026-06-05 19:58:32] Query materias: SELECT DISTINCT m.ID_materia, m.Nom_materia
                       FROM materia m
                       INNER JOIN curso c ON m.id_curso = c.ID_curso
                       WHERE c.curso = '3'
                       AND c.division = 'A'
                       AND m.Nom_materia NOT LIKE '%Taller%'
                       AND m.Nom_materia NOT LIKE '%Tutorias%'
                       AND m.Nom_materia NOT LIKE '%Tutoría%'
                       ORDER BY m.Nom_materia
[2026-06-05 19:58:32] Materias encontradas: 14
[2026-06-05 19:58:32] Total items a enviar: 14
[2026-06-05 19:58:39] === INICIO DE PETICIÓN ===
[2026-06-05 19:58:39] POST data: Array
(
    [action] => guardar_previa
    [alumno_id] => 50344095
    [tipo_item] => materia
    [tipo_previa] => 2
    [id_materia] => 142
)

[2026-06-05 19:58:39] Sesión activa - DNI: 98989898
[2026-06-05 19:58:39] Rol: Admin
[2026-06-05 19:58:39] Conexión a BD exitosa
[2026-06-05 19:58:39] Action: guardar_previa
[2026-06-05 19:58:39] === PROCESANDO guardar_previa ===
[2026-06-05 19:58:39] alumno_id: 50344095
[2026-06-05 19:58:39] id_materia: 142
[2026-06-05 19:58:39] id_taller: NULL
[2026-06-05 19:58:39] tipo_item: materia
[2026-06-05 19:58:39] tipo_previa: 2
[2026-06-05 19:58:39] Query check: SELECT ID_previas FROM previas WHERE DNI_U = '50344095' AND ID_materia = '142' AND ID_taller IS NULL
[2026-06-05 19:58:39] Query insert: INSERT INTO previas (DNI_U, ID_materia, ID_taller, Aprobado, ID_tp) 
                  VALUES ('50344095', '142', NULL, 0, '2')
[2026-06-05 19:58:39] Previa guardada correctamente - filas afectadas: 1
[2026-06-05 19:58:48] === INICIO DE PETICIÓN ===
[2026-06-05 19:58:48] POST data: Array
(
    [action] => get_alumnos
    [curso_id] => 14
)

[2026-06-05 19:58:48] Sesión activa - DNI: 98989898
[2026-06-05 19:58:48] Rol: Admin
[2026-06-05 19:58:48] Conexión a BD exitosa
[2026-06-05 19:58:48] Action: get_alumnos
[2026-06-05 19:58:48] === PROCESANDO get_alumnos ===
[2026-06-05 19:58:48] Curso ID: 14
[2026-06-05 19:58:48] Query alumnos: SELECT u.DNI_U, u.Nombre, u.Apellido
              FROM usuario u
              WHERE u.id_curso = '14'
              AND u.ID_rol = 3
              AND u.ID_Estado = 1
              ORDER BY u.Apellido, u.Nombre
[2026-06-05 19:58:48] Alumnos encontrados: 29
[2026-06-05 19:58:56] === INICIO DE PETICIÓN ===
[2026-06-05 19:58:56] POST data: Array
(
    [action] => get_materias_y_talleres_por_anio
    [anio] => 1
)

[2026-06-05 19:58:56] Sesión activa - DNI: 98989898
[2026-06-05 19:58:56] Rol: Admin
[2026-06-05 19:58:56] Conexión a BD exitosa
[2026-06-05 19:58:56] Action: get_materias_y_talleres_por_anio
[2026-06-05 19:58:56] === PROCESANDO get_materias_y_talleres_por_anio ===
[2026-06-05 19:58:56] Año: 1
[2026-06-05 19:58:56] Query materias: SELECT DISTINCT m.ID_materia, m.Nom_materia
                       FROM materia m
                       INNER JOIN curso c ON m.id_curso = c.ID_curso
                       WHERE c.curso = '1'
                       AND c.division = 'A'
                       AND m.Nom_materia NOT LIKE '%Taller%'
                       AND m.Nom_materia NOT LIKE '%Tutorias%'
                       AND m.Nom_materia NOT LIKE '%Tutoría%'
                       ORDER BY m.Nom_materia
[2026-06-05 19:58:56] Materias encontradas: 10
[2026-06-05 19:58:56] Query talleres: SELECT ID_taller, nombre 
                           FROM talleres 
                           WHERE anio_taller = 'I' 
                           AND activo = 1
                           ORDER BY nombre
[2026-06-05 19:58:56] Talleres encontrados: 6
[2026-06-05 19:58:56] Total items a enviar: 16
[2026-06-05 19:59:00] === INICIO DE PETICIÓN ===
[2026-06-05 19:59:00] POST data: Array
(
    [action] => guardar_previa
    [alumno_id] => 50116493
    [tipo_item] => materia
    [tipo_previa] => 2
    [id_materia] => 23
)

[2026-06-05 19:59:00] Sesión activa - DNI: 98989898
[2026-06-05 19:59:00] Rol: Admin
[2026-06-05 19:59:00] Conexión a BD exitosa
[2026-06-05 19:59:00] Action: guardar_previa
[2026-06-05 19:59:00] === PROCESANDO guardar_previa ===
[2026-06-05 19:59:00] alumno_id: 50116493
[2026-06-05 19:59:00] id_materia: 23
[2026-06-05 19:59:00] id_taller: NULL
[2026-06-05 19:59:00] tipo_item: materia
[2026-06-05 19:59:00] tipo_previa: 2
[2026-06-05 19:59:00] Query check: SELECT ID_previas FROM previas WHERE DNI_U = '50116493' AND ID_materia = '23' AND ID_taller IS NULL
[2026-06-05 19:59:00] Query insert: INSERT INTO previas (DNI_U, ID_materia, ID_taller, Aprobado, ID_tp) 
                  VALUES ('50116493', '23', NULL, 0, '2')
[2026-06-05 19:59:00] Previa guardada correctamente - filas afectadas: 1
[2026-06-05 19:59:03] === INICIO DE PETICIÓN ===
[2026-06-05 19:59:03] POST data: Array
(
    [action] => get_alumnos
    [curso_id] => 14
)

[2026-06-05 19:59:03] Sesión activa - DNI: 98989898
[2026-06-05 19:59:03] Rol: Admin
[2026-06-05 19:59:03] Conexión a BD exitosa
[2026-06-05 19:59:03] Action: get_alumnos
[2026-06-05 19:59:03] === PROCESANDO get_alumnos ===
[2026-06-05 19:59:03] Curso ID: 14
[2026-06-05 19:59:03] Query alumnos: SELECT u.DNI_U, u.Nombre, u.Apellido
              FROM usuario u
              WHERE u.id_curso = '14'
              AND u.ID_rol = 3
              AND u.ID_Estado = 1
              ORDER BY u.Apellido, u.Nombre
[2026-06-05 19:59:03] Alumnos encontrados: 29
[2026-06-05 19:59:10] === INICIO DE PETICIÓN ===
[2026-06-05 19:59:10] POST data: Array
(
    [action] => get_materias_y_talleres_por_anio
    [anio] => 2
)

[2026-06-05 19:59:10] Sesión activa - DNI: 98989898
[2026-06-05 19:59:10] Rol: Admin
[2026-06-05 19:59:10] Conexión a BD exitosa
[2026-06-05 19:59:10] Action: get_materias_y_talleres_por_anio
[2026-06-05 19:59:10] === PROCESANDO get_materias_y_talleres_por_anio ===
[2026-06-05 19:59:10] Año: 2
[2026-06-05 19:59:10] Query materias: SELECT DISTINCT m.ID_materia, m.Nom_materia
                       FROM materia m
                       INNER JOIN curso c ON m.id_curso = c.ID_curso
                       WHERE c.curso = '2'
                       AND c.division = 'A'
                       AND m.Nom_materia NOT LIKE '%Taller%'
                       AND m.Nom_materia NOT LIKE '%Tutorias%'
                       AND m.Nom_materia NOT LIKE '%Tutoría%'
                       ORDER BY m.Nom_materia
[2026-06-05 19:59:10] Materias encontradas: 11
[2026-06-05 19:59:10] Query talleres: SELECT ID_taller, nombre 
                           FROM talleres 
                           WHERE anio_taller = 'II' 
                           AND activo = 1
                           ORDER BY nombre
[2026-06-05 19:59:10] Talleres encontrados: 6
[2026-06-05 19:59:10] Total items a enviar: 17
[2026-06-05 19:59:14] === INICIO DE PETICIÓN ===
[2026-06-05 19:59:14] POST data: Array
(
    [action] => guardar_previa
    [alumno_id] => 50116493
    [tipo_item] => materia
    [tipo_previa] => 2
    [id_materia] => 87
)

[2026-06-05 19:59:14] Sesión activa - DNI: 98989898
[2026-06-05 19:59:14] Rol: Admin
[2026-06-05 19:59:14] Conexión a BD exitosa
[2026-06-05 19:59:14] Action: guardar_previa
[2026-06-05 19:59:14] === PROCESANDO guardar_previa ===
[2026-06-05 19:59:14] alumno_id: 50116493
[2026-06-05 19:59:14] id_materia: 87
[2026-06-05 19:59:14] id_taller: NULL
[2026-06-05 19:59:14] tipo_item: materia
[2026-06-05 19:59:14] tipo_previa: 2
[2026-06-05 19:59:14] Query check: SELECT ID_previas FROM previas WHERE DNI_U = '50116493' AND ID_materia = '87' AND ID_taller IS NULL
[2026-06-05 19:59:14] Query insert: INSERT INTO previas (DNI_U, ID_materia, ID_taller, Aprobado, ID_tp) 
                  VALUES ('50116493', '87', NULL, 0, '2')
[2026-06-05 19:59:14] Previa guardada correctamente - filas afectadas: 1
[2026-06-05 19:59:16] === INICIO DE PETICIÓN ===
[2026-06-05 19:59:16] POST data: Array
(
    [action] => get_alumnos
    [curso_id] => 14
)

[2026-06-05 19:59:16] Sesión activa - DNI: 98989898
[2026-06-05 19:59:16] Rol: Admin
[2026-06-05 19:59:16] Conexión a BD exitosa
[2026-06-05 19:59:16] Action: get_alumnos
[2026-06-05 19:59:16] === PROCESANDO get_alumnos ===
[2026-06-05 19:59:16] Curso ID: 14
[2026-06-05 19:59:16] Query alumnos: SELECT u.DNI_U, u.Nombre, u.Apellido
              FROM usuario u
              WHERE u.id_curso = '14'
              AND u.ID_rol = 3
              AND u.ID_Estado = 1
              ORDER BY u.Apellido, u.Nombre
[2026-06-05 19:59:16] Alumnos encontrados: 29
[2026-06-05 19:59:26] === INICIO DE PETICIÓN ===
[2026-06-05 19:59:26] POST data: Array
(
    [action] => get_materias_y_talleres_por_anio
    [anio] => 2
)

[2026-06-05 19:59:26] Sesión activa - DNI: 98989898
[2026-06-05 19:59:26] Rol: Admin
[2026-06-05 19:59:26] Conexión a BD exitosa
[2026-06-05 19:59:26] Action: get_materias_y_talleres_por_anio
[2026-06-05 19:59:26] === PROCESANDO get_materias_y_talleres_por_anio ===
[2026-06-05 19:59:26] Año: 2
[2026-06-05 19:59:26] Query materias: SELECT DISTINCT m.ID_materia, m.Nom_materia
                       FROM materia m
                       INNER JOIN curso c ON m.id_curso = c.ID_curso
                       WHERE c.curso = '2'
                       AND c.division = 'A'
                       AND m.Nom_materia NOT LIKE '%Taller%'
                       AND m.Nom_materia NOT LIKE '%Tutorias%'
                       AND m.Nom_materia NOT LIKE '%Tutoría%'
                       ORDER BY m.Nom_materia
[2026-06-05 19:59:26] Materias encontradas: 11
[2026-06-05 19:59:26] Query talleres: SELECT ID_taller, nombre 
                           FROM talleres 
                           WHERE anio_taller = 'II' 
                           AND activo = 1
                           ORDER BY nombre
[2026-06-05 19:59:26] Talleres encontrados: 6
[2026-06-05 19:59:26] Total items a enviar: 17
[2026-06-05 19:59:33] === INICIO DE PETICIÓN ===
[2026-06-05 19:59:33] POST data: Array
(
    [action] => guardar_previa
    [alumno_id] => 50116493
    [tipo_item] => materia
    [tipo_previa] => 2
    [id_materia] => 83
)

[2026-06-05 19:59:33] Sesión activa - DNI: 98989898
[2026-06-05 19:59:33] Rol: Admin
[2026-06-05 19:59:33] Conexión a BD exitosa
[2026-06-05 19:59:33] Action: guardar_previa
[2026-06-05 19:59:33] === PROCESANDO guardar_previa ===
[2026-06-05 19:59:33] alumno_id: 50116493
[2026-06-05 19:59:33] id_materia: 83
[2026-06-05 19:59:33] id_taller: NULL
[2026-06-05 19:59:33] tipo_item: materia
[2026-06-05 19:59:33] tipo_previa: 2
[2026-06-05 19:59:33] Query check: SELECT ID_previas FROM previas WHERE DNI_U = '50116493' AND ID_materia = '83' AND ID_taller IS NULL
[2026-06-05 19:59:33] Query insert: INSERT INTO previas (DNI_U, ID_materia, ID_taller, Aprobado, ID_tp) 
                  VALUES ('50116493', '83', NULL, 0, '2')
[2026-06-05 19:59:33] Previa guardada correctamente - filas afectadas: 1
[2026-06-05 19:59:41] === INICIO DE PETICIÓN ===
[2026-06-05 19:59:41] POST data: Array
(
    [action] => get_alumnos
    [curso_id] => 14
)

[2026-06-05 19:59:41] Sesión activa - DNI: 98989898
[2026-06-05 19:59:41] Rol: Admin
[2026-06-05 19:59:42] Conexión a BD exitosa
[2026-06-05 19:59:42] Action: get_alumnos
[2026-06-05 19:59:42] === PROCESANDO get_alumnos ===
[2026-06-05 19:59:42] Curso ID: 14
[2026-06-05 19:59:42] Query alumnos: SELECT u.DNI_U, u.Nombre, u.Apellido
              FROM usuario u
              WHERE u.id_curso = '14'
              AND u.ID_rol = 3
              AND u.ID_Estado = 1
              ORDER BY u.Apellido, u.Nombre
[2026-06-05 19:59:42] Alumnos encontrados: 29
[2026-06-05 19:59:46] === INICIO DE PETICIÓN ===
[2026-06-05 19:59:46] POST data: Array
(
    [action] => get_materias_y_talleres_por_anio
    [anio] => 2
)

[2026-06-05 19:59:46] Sesión activa - DNI: 98989898
[2026-06-05 19:59:46] Rol: Admin
[2026-06-05 19:59:46] Conexión a BD exitosa
[2026-06-05 19:59:46] Action: get_materias_y_talleres_por_anio
[2026-06-05 19:59:46] === PROCESANDO get_materias_y_talleres_por_anio ===
[2026-06-05 19:59:46] Año: 2
[2026-06-05 19:59:46] Query materias: SELECT DISTINCT m.ID_materia, m.Nom_materia
                       FROM materia m
                       INNER JOIN curso c ON m.id_curso = c.ID_curso
                       WHERE c.curso = '2'
                       AND c.division = 'A'
                       AND m.Nom_materia NOT LIKE '%Taller%'
                       AND m.Nom_materia NOT LIKE '%Tutorias%'
                       AND m.Nom_materia NOT LIKE '%Tutoría%'
                       ORDER BY m.Nom_materia
[2026-06-05 19:59:46] Materias encontradas: 11
[2026-06-05 19:59:46] Query talleres: SELECT ID_taller, nombre 
                           FROM talleres 
                           WHERE anio_taller = 'II' 
                           AND activo = 1
                           ORDER BY nombre
[2026-06-05 19:59:46] Talleres encontrados: 6
[2026-06-05 19:59:46] Total items a enviar: 17
[2026-06-05 19:59:50] === INICIO DE PETICIÓN ===
[2026-06-05 19:59:50] POST data: Array
(
    [action] => guardar_previa
    [alumno_id] => 49659621
    [tipo_item] => materia
    [tipo_previa] => 2
    [id_materia] => 87
)

[2026-06-05 19:59:50] Sesión activa - DNI: 98989898
[2026-06-05 19:59:50] Rol: Admin
[2026-06-05 19:59:50] Conexión a BD exitosa
[2026-06-05 19:59:50] Action: guardar_previa
[2026-06-05 19:59:50] === PROCESANDO guardar_previa ===
[2026-06-05 19:59:50] alumno_id: 49659621
[2026-06-05 19:59:50] id_materia: 87
[2026-06-05 19:59:50] id_taller: NULL
[2026-06-05 19:59:50] tipo_item: materia
[2026-06-05 19:59:50] tipo_previa: 2
[2026-06-05 19:59:50] Query check: SELECT ID_previas FROM previas WHERE DNI_U = '49659621' AND ID_materia = '87' AND ID_taller IS NULL
[2026-06-05 19:59:50] Query insert: INSERT INTO previas (DNI_U, ID_materia, ID_taller, Aprobado, ID_tp) 
                  VALUES ('49659621', '87', NULL, 0, '2')
[2026-06-05 19:59:50] Previa guardada correctamente - filas afectadas: 1
[2026-06-05 19:59:52] === INICIO DE PETICIÓN ===
[2026-06-05 19:59:52] POST data: Array
(
    [action] => get_alumnos
    [curso_id] => 14
)

[2026-06-05 19:59:52] Sesión activa - DNI: 98989898
[2026-06-05 19:59:52] Rol: Admin
[2026-06-05 19:59:52] Conexión a BD exitosa
[2026-06-05 19:59:52] Action: get_alumnos
[2026-06-05 19:59:52] === PROCESANDO get_alumnos ===
[2026-06-05 19:59:52] Curso ID: 14
[2026-06-05 19:59:52] Query alumnos: SELECT u.DNI_U, u.Nombre, u.Apellido
              FROM usuario u
              WHERE u.id_curso = '14'
              AND u.ID_rol = 3
              AND u.ID_Estado = 1
              ORDER BY u.Apellido, u.Nombre
[2026-06-05 19:59:52] Alumnos encontrados: 29
[2026-06-05 20:00:05] === INICIO DE PETICIÓN ===
[2026-06-05 20:00:05] POST data: Array
(
    [action] => get_materias_y_talleres_por_anio
    [anio] => 3
)

[2026-06-05 20:00:05] Sesión activa - DNI: 98989898
[2026-06-05 20:00:05] Rol: Admin
[2026-06-05 20:00:06] Conexión a BD exitosa
[2026-06-05 20:00:06] Action: get_materias_y_talleres_por_anio
[2026-06-05 20:00:06] === PROCESANDO get_materias_y_talleres_por_anio ===
[2026-06-05 20:00:06] Año: 3
[2026-06-05 20:00:06] Query materias: SELECT DISTINCT m.ID_materia, m.Nom_materia
                       FROM materia m
                       INNER JOIN curso c ON m.id_curso = c.ID_curso
                       WHERE c.curso = '3'
                       AND c.division = 'A'
                       AND m.Nom_materia NOT LIKE '%Taller%'
                       AND m.Nom_materia NOT LIKE '%Tutorias%'
                       AND m.Nom_materia NOT LIKE '%Tutoría%'
                       ORDER BY m.Nom_materia
[2026-06-05 20:00:06] Materias encontradas: 14
[2026-06-05 20:00:06] Total items a enviar: 14
[2026-06-05 20:00:11] === INICIO DE PETICIÓN ===
[2026-06-05 20:00:11] POST data: Array
(
    [action] => guardar_previa
    [alumno_id] => 49659621
    [tipo_item] => materia
    [tipo_previa] => 2
    [id_materia] => 142
)

[2026-06-05 20:00:11] Sesión activa - DNI: 98989898
[2026-06-05 20:00:11] Rol: Admin
[2026-06-05 20:00:11] Conexión a BD exitosa
[2026-06-05 20:00:11] Action: guardar_previa
[2026-06-05 20:00:11] === PROCESANDO guardar_previa ===
[2026-06-05 20:00:11] alumno_id: 49659621
[2026-06-05 20:00:11] id_materia: 142
[2026-06-05 20:00:11] id_taller: NULL
[2026-06-05 20:00:11] tipo_item: materia
[2026-06-05 20:00:11] tipo_previa: 2
[2026-06-05 20:00:11] Query check: SELECT ID_previas FROM previas WHERE DNI_U = '49659621' AND ID_materia = '142' AND ID_taller IS NULL
[2026-06-05 20:00:11] Query insert: INSERT INTO previas (DNI_U, ID_materia, ID_taller, Aprobado, ID_tp) 
                  VALUES ('49659621', '142', NULL, 0, '2')
[2026-06-05 20:00:11] Previa guardada correctamente - filas afectadas: 1
[2026-06-05 20:02:37] === INICIO DE PETICIÓN ===
[2026-06-05 20:02:37] POST data: Array
(
    [action] => get_alumnos
    [curso_id] => 19
)

[2026-06-05 20:02:37] Sesión activa - DNI: 98989898
[2026-06-05 20:02:37] Rol: Admin
[2026-06-05 20:02:37] Conexión a BD exitosa
[2026-06-05 20:02:37] Action: get_alumnos
[2026-06-05 20:02:37] === PROCESANDO get_alumnos ===
[2026-06-05 20:02:37] Curso ID: 19
[2026-06-05 20:02:37] Query alumnos: SELECT u.DNI_U, u.Nombre, u.Apellido
              FROM usuario u
              WHERE u.id_curso = '19'
              AND u.ID_rol = 3
              AND u.ID_Estado = 1
              ORDER BY u.Apellido, u.Nombre
[2026-06-05 20:02:37] Alumnos encontrados: 34
[2026-06-05 20:02:50] === INICIO DE PETICIÓN ===
[2026-06-05 20:02:50] POST data: Array
(
    [action] => get_materias_y_talleres_por_anio
    [anio] => 1
)

[2026-06-05 20:02:50] Sesión activa - DNI: 98989898
[2026-06-05 20:02:50] Rol: Admin
[2026-06-05 20:02:50] Conexión a BD exitosa
[2026-06-05 20:02:50] Action: get_materias_y_talleres_por_anio
[2026-06-05 20:02:50] === PROCESANDO get_materias_y_talleres_por_anio ===
[2026-06-05 20:02:50] Año: 1
[2026-06-05 20:02:50] Query materias: SELECT DISTINCT m.ID_materia, m.Nom_materia
                       FROM materia m
                       INNER JOIN curso c ON m.id_curso = c.ID_curso
                       WHERE c.curso = '1'
                       AND c.division = 'A'
                       AND m.Nom_materia NOT LIKE '%Taller%'
                       AND m.Nom_materia NOT LIKE '%Tutorias%'
                       AND m.Nom_materia NOT LIKE '%Tutoría%'
                       ORDER BY m.Nom_materia
[2026-06-05 20:02:50] Materias encontradas: 10
[2026-06-05 20:02:50] Query talleres: SELECT ID_taller, nombre 
                           FROM talleres 
                           WHERE anio_taller = 'I' 
                           AND activo = 1
                           ORDER BY nombre
[2026-06-05 20:02:50] Talleres encontrados: 6
[2026-06-05 20:02:50] Total items a enviar: 16
[2026-06-05 20:02:54] === INICIO DE PETICIÓN ===
[2026-06-05 20:02:54] POST data: Array
(
    [action] => guardar_previa
    [alumno_id] => 52307991
    [tipo_item] => materia
    [tipo_previa] => 2
    [id_materia] => 21
)

[2026-06-05 20:02:54] Sesión activa - DNI: 98989898
[2026-06-05 20:02:54] Rol: Admin
[2026-06-05 20:02:54] Conexión a BD exitosa
[2026-06-05 20:02:54] Action: guardar_previa
[2026-06-05 20:02:54] === PROCESANDO guardar_previa ===
[2026-06-05 20:02:54] alumno_id: 52307991
[2026-06-05 20:02:54] id_materia: 21
[2026-06-05 20:02:54] id_taller: NULL
[2026-06-05 20:02:54] tipo_item: materia
[2026-06-05 20:02:54] tipo_previa: 2
[2026-06-05 20:02:54] Query check: SELECT ID_previas FROM previas WHERE DNI_U = '52307991' AND ID_materia = '21' AND ID_taller IS NULL
[2026-06-05 20:02:54] Query insert: INSERT INTO previas (DNI_U, ID_materia, ID_taller, Aprobado, ID_tp) 
                  VALUES ('52307991', '21', NULL, 0, '2')
[2026-06-05 20:02:54] Previa guardada correctamente - filas afectadas: 1
[2026-06-05 20:02:55] === INICIO DE PETICIÓN ===
[2026-06-05 20:02:55] POST data: Array
(
    [action] => get_alumnos
    [curso_id] => 19
)

[2026-06-05 20:02:55] Sesión activa - DNI: 98989898
[2026-06-05 20:02:55] Rol: Admin
[2026-06-05 20:02:55] Conexión a BD exitosa
[2026-06-05 20:02:55] Action: get_alumnos
[2026-06-05 20:02:55] === PROCESANDO get_alumnos ===
[2026-06-05 20:02:55] Curso ID: 19
[2026-06-05 20:02:55] Query alumnos: SELECT u.DNI_U, u.Nombre, u.Apellido
              FROM usuario u
              WHERE u.id_curso = '19'
              AND u.ID_rol = 3
              AND u.ID_Estado = 1
              ORDER BY u.Apellido, u.Nombre
[2026-06-05 20:02:55] Alumnos encontrados: 34
[2026-06-05 20:03:03] === INICIO DE PETICIÓN ===
[2026-06-05 20:03:03] POST data: Array
(
    [action] => get_materias_y_talleres_por_anio
    [anio] => 1
)

[2026-06-05 20:03:03] Sesión activa - DNI: 98989898
[2026-06-05 20:03:03] Rol: Admin
[2026-06-05 20:03:03] Conexión a BD exitosa
[2026-06-05 20:03:03] Action: get_materias_y_talleres_por_anio
[2026-06-05 20:03:03] === PROCESANDO get_materias_y_talleres_por_anio ===
[2026-06-05 20:03:03] Año: 1
[2026-06-05 20:03:03] Query materias: SELECT DISTINCT m.ID_materia, m.Nom_materia
                       FROM materia m
                       INNER JOIN curso c ON m.id_curso = c.ID_curso
                       WHERE c.curso = '1'
                       AND c.division = 'A'
                       AND m.Nom_materia NOT LIKE '%Taller%'
                       AND m.Nom_materia NOT LIKE '%Tutorias%'
                       AND m.Nom_materia NOT LIKE '%Tutoría%'
                       ORDER BY m.Nom_materia
[2026-06-05 20:03:03] Materias encontradas: 10
[2026-06-05 20:03:03] Query talleres: SELECT ID_taller, nombre 
                           FROM talleres 
                           WHERE anio_taller = 'I' 
                           AND activo = 1
                           ORDER BY nombre
[2026-06-05 20:03:03] Talleres encontrados: 6
[2026-06-05 20:03:03] Total items a enviar: 16
[2026-06-05 20:03:07] === INICIO DE PETICIÓN ===
[2026-06-05 20:03:07] POST data: Array
(
    [action] => guardar_previa
    [alumno_id] => 52307991
    [tipo_item] => materia
    [tipo_previa] => 2
    [id_materia] => 27
)

[2026-06-05 20:03:07] Sesión activa - DNI: 98989898
[2026-06-05 20:03:07] Rol: Admin
[2026-06-05 20:03:07] Conexión a BD exitosa
[2026-06-05 20:03:07] Action: guardar_previa
[2026-06-05 20:03:07] === PROCESANDO guardar_previa ===
[2026-06-05 20:03:07] alumno_id: 52307991
[2026-06-05 20:03:07] id_materia: 27
[2026-06-05 20:03:07] id_taller: NULL
[2026-06-05 20:03:07] tipo_item: materia
[2026-06-05 20:03:07] tipo_previa: 2
[2026-06-05 20:03:07] Query check: SELECT ID_previas FROM previas WHERE DNI_U = '52307991' AND ID_materia = '27' AND ID_taller IS NULL
[2026-06-05 20:03:07] Query insert: INSERT INTO previas (DNI_U, ID_materia, ID_taller, Aprobado, ID_tp) 
                  VALUES ('52307991', '27', NULL, 0, '2')
[2026-06-05 20:03:07] Previa guardada correctamente - filas afectadas: 1
[2026-06-05 20:03:11] === INICIO DE PETICIÓN ===
[2026-06-05 20:03:11] POST data: Array
(
    [action] => get_alumnos
    [curso_id] => 19
)

[2026-06-05 20:03:11] Sesión activa - DNI: 98989898
[2026-06-05 20:03:11] Rol: Admin
[2026-06-05 20:03:11] Conexión a BD exitosa
[2026-06-05 20:03:11] Action: get_alumnos
[2026-06-05 20:03:11] === PROCESANDO get_alumnos ===
[2026-06-05 20:03:11] Curso ID: 19
[2026-06-05 20:03:11] Query alumnos: SELECT u.DNI_U, u.Nombre, u.Apellido
              FROM usuario u
              WHERE u.id_curso = '19'
              AND u.ID_rol = 3
              AND u.ID_Estado = 1
              ORDER BY u.Apellido, u.Nombre
[2026-06-05 20:03:11] Alumnos encontrados: 34
[2026-06-05 20:03:14] === INICIO DE PETICIÓN ===
[2026-06-05 20:03:14] POST data: Array
(
    [action] => get_materias_y_talleres_por_anio
    [anio] => 1
)

[2026-06-05 20:03:14] Sesión activa - DNI: 98989898
[2026-06-05 20:03:14] Rol: Admin
[2026-06-05 20:03:14] Conexión a BD exitosa
[2026-06-05 20:03:14] Action: get_materias_y_talleres_por_anio
[2026-06-05 20:03:14] === PROCESANDO get_materias_y_talleres_por_anio ===
[2026-06-05 20:03:14] Año: 1
[2026-06-05 20:03:14] Query materias: SELECT DISTINCT m.ID_materia, m.Nom_materia
                       FROM materia m
                       INNER JOIN curso c ON m.id_curso = c.ID_curso
                       WHERE c.curso = '1'
                       AND c.division = 'A'
                       AND m.Nom_materia NOT LIKE '%Taller%'
                       AND m.Nom_materia NOT LIKE '%Tutorias%'
                       AND m.Nom_materia NOT LIKE '%Tutoría%'
                       ORDER BY m.Nom_materia
[2026-06-05 20:03:14] Materias encontradas: 10
[2026-06-05 20:03:14] Query talleres: SELECT ID_taller, nombre 
                           FROM talleres 
                           WHERE anio_taller = 'I' 
                           AND activo = 1
                           ORDER BY nombre
[2026-06-05 20:03:14] Talleres encontrados: 6
[2026-06-05 20:03:14] Total items a enviar: 16
[2026-06-05 20:03:19] === INICIO DE PETICIÓN ===
[2026-06-05 20:03:19] POST data: Array
(
    [action] => guardar_previa
    [alumno_id] => 52307991
    [tipo_item] => materia
    [tipo_previa] => 2
    [id_materia] => 23
)

[2026-06-05 20:03:19] Sesión activa - DNI: 98989898
[2026-06-05 20:03:19] Rol: Admin
[2026-06-05 20:03:19] Conexión a BD exitosa
[2026-06-05 20:03:19] Action: guardar_previa
[2026-06-05 20:03:19] === PROCESANDO guardar_previa ===
[2026-06-05 20:03:19] alumno_id: 52307991
[2026-06-05 20:03:19] id_materia: 23
[2026-06-05 20:03:19] id_taller: NULL
[2026-06-05 20:03:19] tipo_item: materia
[2026-06-05 20:03:19] tipo_previa: 2
[2026-06-05 20:03:19] Query check: SELECT ID_previas FROM previas WHERE DNI_U = '52307991' AND ID_materia = '23' AND ID_taller IS NULL
[2026-06-05 20:03:19] Query insert: INSERT INTO previas (DNI_U, ID_materia, ID_taller, Aprobado, ID_tp) 
                  VALUES ('52307991', '23', NULL, 0, '2')
[2026-06-05 20:03:19] Previa guardada correctamente - filas afectadas: 1
[2026-06-05 20:03:26] === INICIO DE PETICIÓN ===
[2026-06-05 20:03:26] POST data: Array
(
    [action] => get_alumnos
    [curso_id] => 19
)

[2026-06-05 20:03:26] Sesión activa - DNI: 98989898
[2026-06-05 20:03:26] Rol: Admin
[2026-06-05 20:03:26] Conexión a BD exitosa
[2026-06-05 20:03:26] Action: get_alumnos
[2026-06-05 20:03:26] === PROCESANDO get_alumnos ===
[2026-06-05 20:03:26] Curso ID: 19
[2026-06-05 20:03:26] Query alumnos: SELECT u.DNI_U, u.Nombre, u.Apellido
              FROM usuario u
              WHERE u.id_curso = '19'
              AND u.ID_rol = 3
              AND u.ID_Estado = 1
              ORDER BY u.Apellido, u.Nombre
[2026-06-05 20:03:26] Alumnos encontrados: 34
[2026-06-05 20:03:30] === INICIO DE PETICIÓN ===
[2026-06-05 20:03:30] POST data: Array
(
    [action] => get_materias_y_talleres_por_anio
    [anio] => 1
)

[2026-06-05 20:03:30] Sesión activa - DNI: 98989898
[2026-06-05 20:03:30] Rol: Admin
[2026-06-05 20:03:30] Conexión a BD exitosa
[2026-06-05 20:03:30] Action: get_materias_y_talleres_por_anio
[2026-06-05 20:03:30] === PROCESANDO get_materias_y_talleres_por_anio ===
[2026-06-05 20:03:30] Año: 1
[2026-06-05 20:03:30] Query materias: SELECT DISTINCT m.ID_materia, m.Nom_materia
                       FROM materia m
                       INNER JOIN curso c ON m.id_curso = c.ID_curso
                       WHERE c.curso = '1'
                       AND c.division = 'A'
                       AND m.Nom_materia NOT LIKE '%Taller%'
                       AND m.Nom_materia NOT LIKE '%Tutorias%'
                       AND m.Nom_materia NOT LIKE '%Tutoría%'
                       ORDER BY m.Nom_materia
[2026-06-05 20:03:30] Materias encontradas: 10
[2026-06-05 20:03:30] Query talleres: SELECT ID_taller, nombre 
                           FROM talleres 
                           WHERE anio_taller = 'I' 
                           AND activo = 1
                           ORDER BY nombre
[2026-06-05 20:03:30] Talleres encontrados: 6
[2026-06-05 20:03:30] Total items a enviar: 16
[2026-06-05 20:03:34] === INICIO DE PETICIÓN ===
[2026-06-05 20:03:34] POST data: Array
(
    [action] => guardar_previa
    [alumno_id] => 52300669
    [tipo_item] => materia
    [tipo_previa] => 2
    [id_materia] => 28
)

[2026-06-05 20:03:34] Sesión activa - DNI: 98989898
[2026-06-05 20:03:34] Rol: Admin
[2026-06-05 20:03:34] Conexión a BD exitosa
[2026-06-05 20:03:34] Action: guardar_previa
[2026-06-05 20:03:34] === PROCESANDO guardar_previa ===
[2026-06-05 20:03:34] alumno_id: 52300669
[2026-06-05 20:03:34] id_materia: 28
[2026-06-05 20:03:34] id_taller: NULL
[2026-06-05 20:03:34] tipo_item: materia
[2026-06-05 20:03:34] tipo_previa: 2
[2026-06-05 20:03:34] Query check: SELECT ID_previas FROM previas WHERE DNI_U = '52300669' AND ID_materia = '28' AND ID_taller IS NULL
[2026-06-05 20:03:34] Query insert: INSERT INTO previas (DNI_U, ID_materia, ID_taller, Aprobado, ID_tp) 
                  VALUES ('52300669', '28', NULL, 0, '2')
[2026-06-05 20:03:34] Previa guardada correctamente - filas afectadas: 1
[2026-06-05 20:03:36] === INICIO DE PETICIÓN ===
[2026-06-05 20:03:36] POST data: Array
(
    [action] => get_alumnos
    [curso_id] => 19
)

[2026-06-05 20:03:36] Sesión activa - DNI: 98989898
[2026-06-05 20:03:36] Rol: Admin
[2026-06-05 20:03:36] Conexión a BD exitosa
[2026-06-05 20:03:36] Action: get_alumnos
[2026-06-05 20:03:36] === PROCESANDO get_alumnos ===
[2026-06-05 20:03:36] Curso ID: 19
[2026-06-05 20:03:36] Query alumnos: SELECT u.DNI_U, u.Nombre, u.Apellido
              FROM usuario u
              WHERE u.id_curso = '19'
              AND u.ID_rol = 3
              AND u.ID_Estado = 1
              ORDER BY u.Apellido, u.Nombre
[2026-06-05 20:03:36] Alumnos encontrados: 34
[2026-06-05 20:03:39] === INICIO DE PETICIÓN ===
[2026-06-05 20:03:39] POST data: Array
(
    [action] => get_materias_y_talleres_por_anio
    [anio] => 2
)

[2026-06-05 20:03:39] Sesión activa - DNI: 98989898
[2026-06-05 20:03:39] Rol: Admin
[2026-06-05 20:03:39] Conexión a BD exitosa
[2026-06-05 20:03:39] Action: get_materias_y_talleres_por_anio
[2026-06-05 20:03:39] === PROCESANDO get_materias_y_talleres_por_anio ===
[2026-06-05 20:03:39] Año: 2
[2026-06-05 20:03:39] Query materias: SELECT DISTINCT m.ID_materia, m.Nom_materia
                       FROM materia m
                       INNER JOIN curso c ON m.id_curso = c.ID_curso
                       WHERE c.curso = '2'
                       AND c.division = 'A'
                       AND m.Nom_materia NOT LIKE '%Taller%'
                       AND m.Nom_materia NOT LIKE '%Tutorias%'
                       AND m.Nom_materia NOT LIKE '%Tutoría%'
                       ORDER BY m.Nom_materia
[2026-06-05 20:03:39] Materias encontradas: 11
[2026-06-05 20:03:39] Query talleres: SELECT ID_taller, nombre 
                           FROM talleres 
                           WHERE anio_taller = 'II' 
                           AND activo = 1
                           ORDER BY nombre
[2026-06-05 20:03:39] Talleres encontrados: 6
[2026-06-05 20:03:39] Total items a enviar: 17
[2026-06-05 20:03:40] === INICIO DE PETICIÓN ===
[2026-06-05 20:03:40] POST data: Array
(
    [action] => get_materias_y_talleres_por_anio
    [anio] => 1
)

[2026-06-05 20:03:40] Sesión activa - DNI: 98989898
[2026-06-05 20:03:40] Rol: Admin
[2026-06-05 20:03:40] Conexión a BD exitosa
[2026-06-05 20:03:40] Action: get_materias_y_talleres_por_anio
[2026-06-05 20:03:40] === PROCESANDO get_materias_y_talleres_por_anio ===
[2026-06-05 20:03:40] Año: 1
[2026-06-05 20:03:40] Query materias: SELECT DISTINCT m.ID_materia, m.Nom_materia
                       FROM materia m
                       INNER JOIN curso c ON m.id_curso = c.ID_curso
                       WHERE c.curso = '1'
                       AND c.division = 'A'
                       AND m.Nom_materia NOT LIKE '%Taller%'
                       AND m.Nom_materia NOT LIKE '%Tutorias%'
                       AND m.Nom_materia NOT LIKE '%Tutoría%'
                       ORDER BY m.Nom_materia
[2026-06-05 20:03:40] Materias encontradas: 10
[2026-06-05 20:03:40] Query talleres: SELECT ID_taller, nombre 
                           FROM talleres 
                           WHERE anio_taller = 'I' 
                           AND activo = 1
                           ORDER BY nombre
[2026-06-05 20:03:40] Talleres encontrados: 6
[2026-06-05 20:03:40] Total items a enviar: 16
[2026-06-05 20:03:53] === INICIO DE PETICIÓN ===
[2026-06-05 20:03:53] POST data: Array
(
    [action] => guardar_previa
    [alumno_id] => 52300669
    [tipo_item] => materia
    [tipo_previa] => 2
    [id_materia] => 27
)

[2026-06-05 20:03:53] Sesión activa - DNI: 98989898
[2026-06-05 20:03:53] Rol: Admin
[2026-06-05 20:03:53] Conexión a BD exitosa
[2026-06-05 20:03:53] Action: guardar_previa
[2026-06-05 20:03:53] === PROCESANDO guardar_previa ===
[2026-06-05 20:03:53] alumno_id: 52300669
[2026-06-05 20:03:53] id_materia: 27
[2026-06-05 20:03:53] id_taller: NULL
[2026-06-05 20:03:53] tipo_item: materia
[2026-06-05 20:03:53] tipo_previa: 2
[2026-06-05 20:03:53] Query check: SELECT ID_previas FROM previas WHERE DNI_U = '52300669' AND ID_materia = '27' AND ID_taller IS NULL
[2026-06-05 20:03:53] Query insert: INSERT INTO previas (DNI_U, ID_materia, ID_taller, Aprobado, ID_tp) 
                  VALUES ('52300669', '27', NULL, 0, '2')
[2026-06-05 20:03:53] Previa guardada correctamente - filas afectadas: 1
[2026-06-05 20:04:01] === INICIO DE PETICIÓN ===
[2026-06-05 20:04:01] POST data: Array
(
    [action] => get_alumnos
    [curso_id] => 19
)

[2026-06-05 20:04:01] Sesión activa - DNI: 98989898
[2026-06-05 20:04:01] Rol: Admin
[2026-06-05 20:04:01] Conexión a BD exitosa
[2026-06-05 20:04:01] Action: get_alumnos
[2026-06-05 20:04:01] === PROCESANDO get_alumnos ===
[2026-06-05 20:04:01] Curso ID: 19
[2026-06-05 20:04:01] Query alumnos: SELECT u.DNI_U, u.Nombre, u.Apellido
              FROM usuario u
              WHERE u.id_curso = '19'
              AND u.ID_rol = 3
              AND u.ID_Estado = 1
              ORDER BY u.Apellido, u.Nombre
[2026-06-05 20:04:01] Alumnos encontrados: 34
[2026-06-05 20:04:07] === INICIO DE PETICIÓN ===
[2026-06-05 20:04:07] POST data: Array
(
    [action] => get_materias_y_talleres_por_anio
    [anio] => 1
)

[2026-06-05 20:04:07] Sesión activa - DNI: 98989898
[2026-06-05 20:04:07] Rol: Admin
[2026-06-05 20:04:07] Conexión a BD exitosa
[2026-06-05 20:04:07] Action: get_materias_y_talleres_por_anio
[2026-06-05 20:04:07] === PROCESANDO get_materias_y_talleres_por_anio ===
[2026-06-05 20:04:07] Año: 1
[2026-06-05 20:04:07] Query materias: SELECT DISTINCT m.ID_materia, m.Nom_materia
                       FROM materia m
                       INNER JOIN curso c ON m.id_curso = c.ID_curso
                       WHERE c.curso = '1'
                       AND c.division = 'A'
                       AND m.Nom_materia NOT LIKE '%Taller%'
                       AND m.Nom_materia NOT LIKE '%Tutorias%'
                       AND m.Nom_materia NOT LIKE '%Tutoría%'
                       ORDER BY m.Nom_materia
[2026-06-05 20:04:07] Materias encontradas: 10
[2026-06-05 20:04:07] Query talleres: SELECT ID_taller, nombre 
                           FROM talleres 
                           WHERE anio_taller = 'I' 
                           AND activo = 1
                           ORDER BY nombre
[2026-06-05 20:04:07] Talleres encontrados: 6
[2026-06-05 20:04:07] Total items a enviar: 16
[2026-06-05 20:04:12] === INICIO DE PETICIÓN ===
[2026-06-05 20:04:12] POST data: Array
(
    [action] => guardar_previa
    [alumno_id] => 51214142
    [tipo_item] => materia
    [tipo_previa] => 2
    [id_materia] => 21
)

[2026-06-05 20:04:12] Sesión activa - DNI: 98989898
[2026-06-05 20:04:12] Rol: Admin
[2026-06-05 20:04:12] Conexión a BD exitosa
[2026-06-05 20:04:12] Action: guardar_previa
[2026-06-05 20:04:12] === PROCESANDO guardar_previa ===
[2026-06-05 20:04:12] alumno_id: 51214142
[2026-06-05 20:04:12] id_materia: 21
[2026-06-05 20:04:12] id_taller: NULL
[2026-06-05 20:04:12] tipo_item: materia
[2026-06-05 20:04:12] tipo_previa: 2
[2026-06-05 20:04:12] Query check: SELECT ID_previas FROM previas WHERE DNI_U = '51214142' AND ID_materia = '21' AND ID_taller IS NULL
[2026-06-05 20:04:12] Query insert: INSERT INTO previas (DNI_U, ID_materia, ID_taller, Aprobado, ID_tp) 
                  VALUES ('51214142', '21', NULL, 0, '2')
[2026-06-05 20:04:12] Previa guardada correctamente - filas afectadas: 1
[2026-06-05 20:04:13] === INICIO DE PETICIÓN ===
[2026-06-05 20:04:13] POST data: Array
(
    [action] => get_alumnos
    [curso_id] => 19
)

[2026-06-05 20:04:13] Sesión activa - DNI: 98989898
[2026-06-05 20:04:13] Rol: Admin
[2026-06-05 20:04:13] Conexión a BD exitosa
[2026-06-05 20:04:13] Action: get_alumnos
[2026-06-05 20:04:13] === PROCESANDO get_alumnos ===
[2026-06-05 20:04:13] Curso ID: 19
[2026-06-05 20:04:13] Query alumnos: SELECT u.DNI_U, u.Nombre, u.Apellido
              FROM usuario u
              WHERE u.id_curso = '19'
              AND u.ID_rol = 3
              AND u.ID_Estado = 1
              ORDER BY u.Apellido, u.Nombre
[2026-06-05 20:04:13] Alumnos encontrados: 34
[2026-06-05 20:04:21] === INICIO DE PETICIÓN ===
[2026-06-05 20:04:21] POST data: Array
(
    [action] => get_materias_y_talleres_por_anio
    [anio] => 1
)

[2026-06-05 20:04:21] Sesión activa - DNI: 98989898
[2026-06-05 20:04:21] Rol: Admin
[2026-06-05 20:04:21] Conexión a BD exitosa
[2026-06-05 20:04:21] Action: get_materias_y_talleres_por_anio
[2026-06-05 20:04:21] === PROCESANDO get_materias_y_talleres_por_anio ===
[2026-06-05 20:04:21] Año: 1
[2026-06-05 20:04:21] Query materias: SELECT DISTINCT m.ID_materia, m.Nom_materia
                       FROM materia m
                       INNER JOIN curso c ON m.id_curso = c.ID_curso
                       WHERE c.curso = '1'
                       AND c.division = 'A'
                       AND m.Nom_materia NOT LIKE '%Taller%'
                       AND m.Nom_materia NOT LIKE '%Tutorias%'
                       AND m.Nom_materia NOT LIKE '%Tutoría%'
                       ORDER BY m.Nom_materia
[2026-06-05 20:04:21] Materias encontradas: 10
[2026-06-05 20:04:21] Query talleres: SELECT ID_taller, nombre 
                           FROM talleres 
                           WHERE anio_taller = 'I' 
                           AND activo = 1
                           ORDER BY nombre
[2026-06-05 20:04:21] Talleres encontrados: 6
[2026-06-05 20:04:21] Total items a enviar: 16
[2026-06-05 20:04:27] === INICIO DE PETICIÓN ===
[2026-06-05 20:04:27] POST data: Array
(
    [action] => guardar_previa
    [alumno_id] => 51214142
    [tipo_item] => materia
    [tipo_previa] => 2
    [id_materia] => 28
)

[2026-06-05 20:04:27] Sesión activa - DNI: 98989898
[2026-06-05 20:04:27] Rol: Admin
[2026-06-05 20:04:27] Conexión a BD exitosa
[2026-06-05 20:04:27] Action: guardar_previa
[2026-06-05 20:04:27] === PROCESANDO guardar_previa ===
[2026-06-05 20:04:27] alumno_id: 51214142
[2026-06-05 20:04:27] id_materia: 28
[2026-06-05 20:04:27] id_taller: NULL
[2026-06-05 20:04:27] tipo_item: materia
[2026-06-05 20:04:27] tipo_previa: 2
[2026-06-05 20:04:27] Query check: SELECT ID_previas FROM previas WHERE DNI_U = '51214142' AND ID_materia = '28' AND ID_taller IS NULL
[2026-06-05 20:04:27] Query insert: INSERT INTO previas (DNI_U, ID_materia, ID_taller, Aprobado, ID_tp) 
                  VALUES ('51214142', '28', NULL, 0, '2')
[2026-06-05 20:04:27] Previa guardada correctamente - filas afectadas: 1
[2026-06-05 20:04:28] === INICIO DE PETICIÓN ===
[2026-06-05 20:04:28] POST data: Array
(
    [action] => get_alumnos
    [curso_id] => 19
)

[2026-06-05 20:04:28] Sesión activa - DNI: 98989898
[2026-06-05 20:04:28] Rol: Admin
[2026-06-05 20:04:28] Conexión a BD exitosa
[2026-06-05 20:04:28] Action: get_alumnos
[2026-06-05 20:04:28] === PROCESANDO get_alumnos ===
[2026-06-05 20:04:28] Curso ID: 19
[2026-06-05 20:04:28] Query alumnos: SELECT u.DNI_U, u.Nombre, u.Apellido
              FROM usuario u
              WHERE u.id_curso = '19'
              AND u.ID_rol = 3
              AND u.ID_Estado = 1
              ORDER BY u.Apellido, u.Nombre
[2026-06-05 20:04:28] Alumnos encontrados: 34
[2026-06-05 20:04:32] === INICIO DE PETICIÓN ===
[2026-06-05 20:04:32] POST data: Array
(
    [action] => get_materias_y_talleres_por_anio
    [anio] => 1
)

[2026-06-05 20:04:32] Sesión activa - DNI: 98989898
[2026-06-05 20:04:32] Rol: Admin
[2026-06-05 20:04:32] Conexión a BD exitosa
[2026-06-05 20:04:32] Action: get_materias_y_talleres_por_anio
[2026-06-05 20:04:32] === PROCESANDO get_materias_y_talleres_por_anio ===
[2026-06-05 20:04:32] Año: 1
[2026-06-05 20:04:32] Query materias: SELECT DISTINCT m.ID_materia, m.Nom_materia
                       FROM materia m
                       INNER JOIN curso c ON m.id_curso = c.ID_curso
                       WHERE c.curso = '1'
                       AND c.division = 'A'
                       AND m.Nom_materia NOT LIKE '%Taller%'
                       AND m.Nom_materia NOT LIKE '%Tutorias%'
                       AND m.Nom_materia NOT LIKE '%Tutoría%'
                       ORDER BY m.Nom_materia
[2026-06-05 20:04:32] Materias encontradas: 10
[2026-06-05 20:04:32] Query talleres: SELECT ID_taller, nombre 
                           FROM talleres 
                           WHERE anio_taller = 'I' 
                           AND activo = 1
                           ORDER BY nombre
[2026-06-05 20:04:32] Talleres encontrados: 6
[2026-06-05 20:04:32] Total items a enviar: 16
[2026-06-05 20:04:38] === INICIO DE PETICIÓN ===
[2026-06-05 20:04:38] POST data: Array
(
    [action] => guardar_previa
    [alumno_id] => 51214142
    [tipo_item] => materia
    [tipo_previa] => 2
    [id_materia] => 23
)

[2026-06-05 20:04:38] Sesión activa - DNI: 98989898
[2026-06-05 20:04:38] Rol: Admin
[2026-06-05 20:04:38] Conexión a BD exitosa
[2026-06-05 20:04:38] Action: guardar_previa
[2026-06-05 20:04:38] === PROCESANDO guardar_previa ===
[2026-06-05 20:04:38] alumno_id: 51214142
[2026-06-05 20:04:38] id_materia: 23
[2026-06-05 20:04:38] id_taller: NULL
[2026-06-05 20:04:38] tipo_item: materia
[2026-06-05 20:04:38] tipo_previa: 2
[2026-06-05 20:04:38] Query check: SELECT ID_previas FROM previas WHERE DNI_U = '51214142' AND ID_materia = '23' AND ID_taller IS NULL
[2026-06-05 20:04:38] Query insert: INSERT INTO previas (DNI_U, ID_materia, ID_taller, Aprobado, ID_tp) 
                  VALUES ('51214142', '23', NULL, 0, '2')
[2026-06-05 20:04:38] Previa guardada correctamente - filas afectadas: 1
[2026-06-05 20:04:48] === INICIO DE PETICIÓN ===
[2026-06-05 20:04:48] POST data: Array
(
    [action] => get_alumnos
    [curso_id] => 19
)

[2026-06-05 20:04:48] Sesión activa - DNI: 98989898
[2026-06-05 20:04:48] Rol: Admin
[2026-06-05 20:04:48] Conexión a BD exitosa
[2026-06-05 20:04:48] Action: get_alumnos
[2026-06-05 20:04:48] === PROCESANDO get_alumnos ===
[2026-06-05 20:04:48] Curso ID: 19
[2026-06-05 20:04:48] Query alumnos: SELECT u.DNI_U, u.Nombre, u.Apellido
              FROM usuario u
              WHERE u.id_curso = '19'
              AND u.ID_rol = 3
              AND u.ID_Estado = 1
              ORDER BY u.Apellido, u.Nombre
[2026-06-05 20:04:48] Alumnos encontrados: 34
[2026-06-05 20:05:07] === INICIO DE PETICIÓN ===
[2026-06-05 20:05:07] POST data: Array
(
    [action] => get_materias_y_talleres_por_anio
    [anio] => 1
)

[2026-06-05 20:05:07] Sesión activa - DNI: 98989898
[2026-06-05 20:05:07] Rol: Admin
[2026-06-05 20:05:07] Conexión a BD exitosa
[2026-06-05 20:05:07] Action: get_materias_y_talleres_por_anio
[2026-06-05 20:05:07] === PROCESANDO get_materias_y_talleres_por_anio ===
[2026-06-05 20:05:07] Año: 1
[2026-06-05 20:05:07] Query materias: SELECT DISTINCT m.ID_materia, m.Nom_materia
                       FROM materia m
                       INNER JOIN curso c ON m.id_curso = c.ID_curso
                       WHERE c.curso = '1'
                       AND c.division = 'A'
                       AND m.Nom_materia NOT LIKE '%Taller%'
                       AND m.Nom_materia NOT LIKE '%Tutorias%'
                       AND m.Nom_materia NOT LIKE '%Tutoría%'
                       ORDER BY m.Nom_materia
[2026-06-05 20:05:07] Materias encontradas: 10
[2026-06-05 20:05:07] Query talleres: SELECT ID_taller, nombre 
                           FROM talleres 
                           WHERE anio_taller = 'I' 
                           AND activo = 1
                           ORDER BY nombre
[2026-06-05 20:05:07] Talleres encontrados: 6
[2026-06-05 20:05:07] Total items a enviar: 16
[2026-06-05 20:05:11] === INICIO DE PETICIÓN ===
[2026-06-05 20:05:11] POST data: Array
(
    [action] => guardar_previa
    [alumno_id] => 51214049
    [tipo_item] => materia
    [tipo_previa] => 2
    [id_materia] => 21
)

[2026-06-05 20:05:11] Sesión activa - DNI: 98989898
[2026-06-05 20:05:11] Rol: Admin
[2026-06-05 20:05:11] Conexión a BD exitosa
[2026-06-05 20:05:11] Action: guardar_previa
[2026-06-05 20:05:11] === PROCESANDO guardar_previa ===
[2026-06-05 20:05:11] alumno_id: 51214049
[2026-06-05 20:05:11] id_materia: 21
[2026-06-05 20:05:11] id_taller: NULL
[2026-06-05 20:05:11] tipo_item: materia
[2026-06-05 20:05:11] tipo_previa: 2
[2026-06-05 20:05:11] Query check: SELECT ID_previas FROM previas WHERE DNI_U = '51214049' AND ID_materia = '21' AND ID_taller IS NULL
[2026-06-05 20:05:11] Query insert: INSERT INTO previas (DNI_U, ID_materia, ID_taller, Aprobado, ID_tp) 
                  VALUES ('51214049', '21', NULL, 0, '2')
[2026-06-05 20:05:11] Previa guardada correctamente - filas afectadas: 1
[2026-06-05 20:05:13] === INICIO DE PETICIÓN ===
[2026-06-05 20:05:13] POST data: Array
(
    [action] => get_alumnos
    [curso_id] => 19
)

[2026-06-05 20:05:13] Sesión activa - DNI: 98989898
[2026-06-05 20:05:13] Rol: Admin
[2026-06-05 20:05:13] Conexión a BD exitosa
[2026-06-05 20:05:13] Action: get_alumnos
[2026-06-05 20:05:13] === PROCESANDO get_alumnos ===
[2026-06-05 20:05:13] Curso ID: 19
[2026-06-05 20:05:13] Query alumnos: SELECT u.DNI_U, u.Nombre, u.Apellido
              FROM usuario u
              WHERE u.id_curso = '19'
              AND u.ID_rol = 3
              AND u.ID_Estado = 1
              ORDER BY u.Apellido, u.Nombre
[2026-06-05 20:05:13] Alumnos encontrados: 34
[2026-06-05 20:05:18] === INICIO DE PETICIÓN ===
[2026-06-05 20:05:18] POST data: Array
(
    [action] => get_materias_y_talleres_por_anio
    [anio] => 1
)

[2026-06-05 20:05:18] Sesión activa - DNI: 98989898
[2026-06-05 20:05:18] Rol: Admin
[2026-06-05 20:05:18] Conexión a BD exitosa
[2026-06-05 20:05:18] Action: get_materias_y_talleres_por_anio
[2026-06-05 20:05:18] === PROCESANDO get_materias_y_talleres_por_anio ===
[2026-06-05 20:05:18] Año: 1
[2026-06-05 20:05:18] Query materias: SELECT DISTINCT m.ID_materia, m.Nom_materia
                       FROM materia m
                       INNER JOIN curso c ON m.id_curso = c.ID_curso
                       WHERE c.curso = '1'
                       AND c.division = 'A'
                       AND m.Nom_materia NOT LIKE '%Taller%'
                       AND m.Nom_materia NOT LIKE '%Tutorias%'
                       AND m.Nom_materia NOT LIKE '%Tutoría%'
                       ORDER BY m.Nom_materia
[2026-06-05 20:05:18] Materias encontradas: 10
[2026-06-05 20:05:18] Query talleres: SELECT ID_taller, nombre 
                           FROM talleres 
                           WHERE anio_taller = 'I' 
                           AND activo = 1
                           ORDER BY nombre
[2026-06-05 20:05:18] Talleres encontrados: 6
[2026-06-05 20:05:18] Total items a enviar: 16
[2026-06-05 20:05:23] === INICIO DE PETICIÓN ===
[2026-06-05 20:05:23] POST data: Array
(
    [action] => guardar_previa
    [alumno_id] => 51214049
    [tipo_item] => materia
    [tipo_previa] => 2
    [id_materia] => 28
)

[2026-06-05 20:05:23] Sesión activa - DNI: 98989898
[2026-06-05 20:05:23] Rol: Admin
[2026-06-05 20:05:23] Conexión a BD exitosa
[2026-06-05 20:05:23] Action: guardar_previa
[2026-06-05 20:05:23] === PROCESANDO guardar_previa ===
[2026-06-05 20:05:23] alumno_id: 51214049
[2026-06-05 20:05:23] id_materia: 28
[2026-06-05 20:05:23] id_taller: NULL
[2026-06-05 20:05:23] tipo_item: materia
[2026-06-05 20:05:23] tipo_previa: 2
[2026-06-05 20:05:23] Query check: SELECT ID_previas FROM previas WHERE DNI_U = '51214049' AND ID_materia = '28' AND ID_taller IS NULL
[2026-06-05 20:05:23] Query insert: INSERT INTO previas (DNI_U, ID_materia, ID_taller, Aprobado, ID_tp) 
                  VALUES ('51214049', '28', NULL, 0, '2')
[2026-06-05 20:05:23] Previa guardada correctamente - filas afectadas: 1
[2026-06-05 20:05:28] === INICIO DE PETICIÓN ===
[2026-06-05 20:05:28] POST data: Array
(
    [action] => get_alumnos
    [curso_id] => 19
)

[2026-06-05 20:05:28] Sesión activa - DNI: 98989898
[2026-06-05 20:05:28] Rol: Admin
[2026-06-05 20:05:28] Conexión a BD exitosa
[2026-06-05 20:05:28] Action: get_alumnos
[2026-06-05 20:05:28] === PROCESANDO get_alumnos ===
[2026-06-05 20:05:28] Curso ID: 19
[2026-06-05 20:05:28] Query alumnos: SELECT u.DNI_U, u.Nombre, u.Apellido
              FROM usuario u
              WHERE u.id_curso = '19'
              AND u.ID_rol = 3
              AND u.ID_Estado = 1
              ORDER BY u.Apellido, u.Nombre
[2026-06-05 20:05:28] Alumnos encontrados: 34
[2026-06-05 20:05:32] === INICIO DE PETICIÓN ===
[2026-06-05 20:05:32] POST data: Array
(
    [action] => get_materias_y_talleres_por_anio
    [anio] => 1
)

[2026-06-05 20:05:32] Sesión activa - DNI: 98989898
[2026-06-05 20:05:32] Rol: Admin
[2026-06-05 20:05:32] Conexión a BD exitosa
[2026-06-05 20:05:32] Action: get_materias_y_talleres_por_anio
[2026-06-05 20:05:32] === PROCESANDO get_materias_y_talleres_por_anio ===
[2026-06-05 20:05:32] Año: 1
[2026-06-05 20:05:32] Query materias: SELECT DISTINCT m.ID_materia, m.Nom_materia
                       FROM materia m
                       INNER JOIN curso c ON m.id_curso = c.ID_curso
                       WHERE c.curso = '1'
                       AND c.division = 'A'
                       AND m.Nom_materia NOT LIKE '%Taller%'
                       AND m.Nom_materia NOT LIKE '%Tutorias%'
                       AND m.Nom_materia NOT LIKE '%Tutoría%'
                       ORDER BY m.Nom_materia
[2026-06-05 20:05:32] Materias encontradas: 10
[2026-06-05 20:05:32] Query talleres: SELECT ID_taller, nombre 
                           FROM talleres 
                           WHERE anio_taller = 'I' 
                           AND activo = 1
                           ORDER BY nombre
[2026-06-05 20:05:32] Talleres encontrados: 6
[2026-06-05 20:05:32] Total items a enviar: 16
[2026-06-05 20:05:40] === INICIO DE PETICIÓN ===
[2026-06-05 20:05:40] POST data: Array
(
    [action] => guardar_previa
    [alumno_id] => 51214049
    [tipo_item] => materia
    [tipo_previa] => 2
    [id_materia] => 23
)

[2026-06-05 20:05:40] Sesión activa - DNI: 98989898
[2026-06-05 20:05:40] Rol: Admin
[2026-06-05 20:05:40] Conexión a BD exitosa
[2026-06-05 20:05:40] Action: guardar_previa
[2026-06-05 20:05:40] === PROCESANDO guardar_previa ===
[2026-06-05 20:05:40] alumno_id: 51214049
[2026-06-05 20:05:40] id_materia: 23
[2026-06-05 20:05:40] id_taller: NULL
[2026-06-05 20:05:40] tipo_item: materia
[2026-06-05 20:05:40] tipo_previa: 2
[2026-06-05 20:05:40] Query check: SELECT ID_previas FROM previas WHERE DNI_U = '51214049' AND ID_materia = '23' AND ID_taller IS NULL
[2026-06-05 20:05:40] Query insert: INSERT INTO previas (DNI_U, ID_materia, ID_taller, Aprobado, ID_tp) 
                  VALUES ('51214049', '23', NULL, 0, '2')
[2026-06-05 20:05:40] Previa guardada correctamente - filas afectadas: 1
[2026-06-05 20:05:46] === INICIO DE PETICIÓN ===
[2026-06-05 20:05:46] POST data: Array
(
    [action] => get_alumnos
    [curso_id] => 19
)

[2026-06-05 20:05:46] Sesión activa - DNI: 98989898
[2026-06-05 20:05:46] Rol: Admin
[2026-06-05 20:05:46] Conexión a BD exitosa
[2026-06-05 20:05:46] Action: get_alumnos
[2026-06-05 20:05:46] === PROCESANDO get_alumnos ===
[2026-06-05 20:05:46] Curso ID: 19
[2026-06-05 20:05:46] Query alumnos: SELECT u.DNI_U, u.Nombre, u.Apellido
              FROM usuario u
              WHERE u.id_curso = '19'
              AND u.ID_rol = 3
              AND u.ID_Estado = 1
              ORDER BY u.Apellido, u.Nombre
[2026-06-05 20:05:46] Alumnos encontrados: 34
[2026-06-05 20:05:51] === INICIO DE PETICIÓN ===
[2026-06-05 20:05:51] POST data: Array
(
    [action] => get_materias_y_talleres_por_anio
    [anio] => 1
)

[2026-06-05 20:05:51] Sesión activa - DNI: 98989898
[2026-06-05 20:05:51] Rol: Admin
[2026-06-05 20:05:51] Conexión a BD exitosa
[2026-06-05 20:05:51] Action: get_materias_y_talleres_por_anio
[2026-06-05 20:05:51] === PROCESANDO get_materias_y_talleres_por_anio ===
[2026-06-05 20:05:51] Año: 1
[2026-06-05 20:05:51] Query materias: SELECT DISTINCT m.ID_materia, m.Nom_materia
                       FROM materia m
                       INNER JOIN curso c ON m.id_curso = c.ID_curso
                       WHERE c.curso = '1'
                       AND c.division = 'A'
                       AND m.Nom_materia NOT LIKE '%Taller%'
                       AND m.Nom_materia NOT LIKE '%Tutorias%'
                       AND m.Nom_materia NOT LIKE '%Tutoría%'
                       ORDER BY m.Nom_materia
[2026-06-05 20:05:51] Materias encontradas: 10
[2026-06-05 20:05:51] Query talleres: SELECT ID_taller, nombre 
                           FROM talleres 
                           WHERE anio_taller = 'I' 
                           AND activo = 1
                           ORDER BY nombre
[2026-06-05 20:05:51] Talleres encontrados: 6
[2026-06-05 20:05:51] Total items a enviar: 16
[2026-06-05 20:05:55] === INICIO DE PETICIÓN ===
[2026-06-05 20:05:55] POST data: Array
(
    [action] => guardar_previa
    [alumno_id] => 51214049
    [tipo_item] => materia
    [tipo_previa] => 2
    [id_materia] => 21
)

[2026-06-05 20:05:55] Sesión activa - DNI: 98989898
[2026-06-05 20:05:55] Rol: Admin
[2026-06-05 20:05:55] Conexión a BD exitosa
[2026-06-05 20:05:55] Action: guardar_previa
[2026-06-05 20:05:55] === PROCESANDO guardar_previa ===
[2026-06-05 20:05:55] alumno_id: 51214049
[2026-06-05 20:05:55] id_materia: 21
[2026-06-05 20:05:55] id_taller: NULL
[2026-06-05 20:05:55] tipo_item: materia
[2026-06-05 20:05:55] tipo_previa: 2
[2026-06-05 20:05:55] Query check: SELECT ID_previas FROM previas WHERE DNI_U = '51214049' AND ID_materia = '21' AND ID_taller IS NULL
[2026-06-05 20:05:55] Ya existe previa para este alumno en este ítem
[2026-06-05 20:06:06] === INICIO DE PETICIÓN ===
[2026-06-05 20:06:06] POST data: Array
(
    [action] => guardar_previa
    [alumno_id] => 51306366
    [tipo_item] => materia
    [tipo_previa] => 2
    [id_materia] => 21
)

[2026-06-05 20:06:06] Sesión activa - DNI: 98989898
[2026-06-05 20:06:06] Rol: Admin
[2026-06-05 20:06:06] Conexión a BD exitosa
[2026-06-05 20:06:06] Action: guardar_previa
[2026-06-05 20:06:06] === PROCESANDO guardar_previa ===
[2026-06-05 20:06:06] alumno_id: 51306366
[2026-06-05 20:06:06] id_materia: 21
[2026-06-05 20:06:06] id_taller: NULL
[2026-06-05 20:06:06] tipo_item: materia
[2026-06-05 20:06:06] tipo_previa: 2
[2026-06-05 20:06:06] Query check: SELECT ID_previas FROM previas WHERE DNI_U = '51306366' AND ID_materia = '21' AND ID_taller IS NULL
[2026-06-05 20:06:06] Query insert: INSERT INTO previas (DNI_U, ID_materia, ID_taller, Aprobado, ID_tp) 
                  VALUES ('51306366', '21', NULL, 0, '2')
[2026-06-05 20:06:06] Previa guardada correctamente - filas afectadas: 1
[2026-06-05 20:06:10] === INICIO DE PETICIÓN ===
[2026-06-05 20:06:10] POST data: Array
(
    [action] => get_alumnos
    [curso_id] => 19
)

[2026-06-05 20:06:10] Sesión activa - DNI: 98989898
[2026-06-05 20:06:10] Rol: Admin
[2026-06-05 20:06:10] Conexión a BD exitosa
[2026-06-05 20:06:10] Action: get_alumnos
[2026-06-05 20:06:10] === PROCESANDO get_alumnos ===
[2026-06-05 20:06:10] Curso ID: 19
[2026-06-05 20:06:10] Query alumnos: SELECT u.DNI_U, u.Nombre, u.Apellido
              FROM usuario u
              WHERE u.id_curso = '19'
              AND u.ID_rol = 3
              AND u.ID_Estado = 1
              ORDER BY u.Apellido, u.Nombre
[2026-06-05 20:06:10] Alumnos encontrados: 34
[2026-06-05 20:06:16] === INICIO DE PETICIÓN ===
[2026-06-05 20:06:16] POST data: Array
(
    [action] => get_materias_y_talleres_por_anio
    [anio] => 1
)

[2026-06-05 20:06:16] Sesión activa - DNI: 98989898
[2026-06-05 20:06:16] Rol: Admin
[2026-06-05 20:06:16] Conexión a BD exitosa
[2026-06-05 20:06:16] Action: get_materias_y_talleres_por_anio
[2026-06-05 20:06:16] === PROCESANDO get_materias_y_talleres_por_anio ===
[2026-06-05 20:06:16] Año: 1
[2026-06-05 20:06:16] Query materias: SELECT DISTINCT m.ID_materia, m.Nom_materia
                       FROM materia m
                       INNER JOIN curso c ON m.id_curso = c.ID_curso
                       WHERE c.curso = '1'
                       AND c.division = 'A'
                       AND m.Nom_materia NOT LIKE '%Taller%'
                       AND m.Nom_materia NOT LIKE '%Tutorias%'
                       AND m.Nom_materia NOT LIKE '%Tutoría%'
                       ORDER BY m.Nom_materia
[2026-06-05 20:06:16] Materias encontradas: 10
[2026-06-05 20:06:16] Query talleres: SELECT ID_taller, nombre 
                           FROM talleres 
                           WHERE anio_taller = 'I' 
                           AND activo = 1
                           ORDER BY nombre
[2026-06-05 20:06:16] Talleres encontrados: 6
[2026-06-05 20:06:16] Total items a enviar: 16
[2026-06-05 20:06:20] === INICIO DE PETICIÓN ===
[2026-06-05 20:06:20] POST data: Array
(
    [action] => guardar_previa
    [alumno_id] => 51306366
    [tipo_item] => materia
    [tipo_previa] => 2
    [id_materia] => 27
)

[2026-06-05 20:06:20] Sesión activa - DNI: 98989898
[2026-06-05 20:06:20] Rol: Admin
[2026-06-05 20:06:20] Conexión a BD exitosa
[2026-06-05 20:06:20] Action: guardar_previa
[2026-06-05 20:06:20] === PROCESANDO guardar_previa ===
[2026-06-05 20:06:20] alumno_id: 51306366
[2026-06-05 20:06:20] id_materia: 27
[2026-06-05 20:06:20] id_taller: NULL
[2026-06-05 20:06:20] tipo_item: materia
[2026-06-05 20:06:20] tipo_previa: 2
[2026-06-05 20:06:20] Query check: SELECT ID_previas FROM previas WHERE DNI_U = '51306366' AND ID_materia = '27' AND ID_taller IS NULL
[2026-06-05 20:06:20] Query insert: INSERT INTO previas (DNI_U, ID_materia, ID_taller, Aprobado, ID_tp) 
                  VALUES ('51306366', '27', NULL, 0, '2')
[2026-06-05 20:06:20] Previa guardada correctamente - filas afectadas: 1
[2026-06-05 20:06:22] === INICIO DE PETICIÓN ===
[2026-06-05 20:06:22] POST data: Array
(
    [action] => get_alumnos
    [curso_id] => 19
)

[2026-06-05 20:06:22] Sesión activa - DNI: 98989898
[2026-06-05 20:06:22] Rol: Admin
[2026-06-05 20:06:22] Conexión a BD exitosa
[2026-06-05 20:06:22] Action: get_alumnos
[2026-06-05 20:06:22] === PROCESANDO get_alumnos ===
[2026-06-05 20:06:22] Curso ID: 19
[2026-06-05 20:06:22] Query alumnos: SELECT u.DNI_U, u.Nombre, u.Apellido
              FROM usuario u
              WHERE u.id_curso = '19'
              AND u.ID_rol = 3
              AND u.ID_Estado = 1
              ORDER BY u.Apellido, u.Nombre
[2026-06-05 20:06:22] Alumnos encontrados: 34
[2026-06-05 20:06:26] === INICIO DE PETICIÓN ===
[2026-06-05 20:06:26] POST data: Array
(
    [action] => get_materias_y_talleres_por_anio
    [anio] => 2
)

[2026-06-05 20:06:26] Sesión activa - DNI: 98989898
[2026-06-05 20:06:26] Rol: Admin
[2026-06-05 20:06:26] Conexión a BD exitosa
[2026-06-05 20:06:26] Action: get_materias_y_talleres_por_anio
[2026-06-05 20:06:26] === PROCESANDO get_materias_y_talleres_por_anio ===
[2026-06-05 20:06:26] Año: 2
[2026-06-05 20:06:26] Query materias: SELECT DISTINCT m.ID_materia, m.Nom_materia
                       FROM materia m
                       INNER JOIN curso c ON m.id_curso = c.ID_curso
                       WHERE c.curso = '2'
                       AND c.division = 'A'
                       AND m.Nom_materia NOT LIKE '%Taller%'
                       AND m.Nom_materia NOT LIKE '%Tutorias%'
                       AND m.Nom_materia NOT LIKE '%Tutoría%'
                       ORDER BY m.Nom_materia
[2026-06-05 20:06:26] Materias encontradas: 11
[2026-06-05 20:06:26] Query talleres: SELECT ID_taller, nombre 
                           FROM talleres 
                           WHERE anio_taller = 'II' 
                           AND activo = 1
                           ORDER BY nombre
[2026-06-05 20:06:26] Talleres encontrados: 6
[2026-06-05 20:06:26] Total items a enviar: 17
[2026-06-05 20:06:27] === INICIO DE PETICIÓN ===
[2026-06-05 20:06:27] POST data: Array
(
    [action] => get_materias_y_talleres_por_anio
    [anio] => 1
)

[2026-06-05 20:06:27] Sesión activa - DNI: 98989898
[2026-06-05 20:06:27] Rol: Admin
[2026-06-05 20:06:27] Conexión a BD exitosa
[2026-06-05 20:06:27] Action: get_materias_y_talleres_por_anio
[2026-06-05 20:06:27] === PROCESANDO get_materias_y_talleres_por_anio ===
[2026-06-05 20:06:27] Año: 1
[2026-06-05 20:06:27] Query materias: SELECT DISTINCT m.ID_materia, m.Nom_materia
                       FROM materia m
                       INNER JOIN curso c ON m.id_curso = c.ID_curso
                       WHERE c.curso = '1'
                       AND c.division = 'A'
                       AND m.Nom_materia NOT LIKE '%Taller%'
                       AND m.Nom_materia NOT LIKE '%Tutorias%'
                       AND m.Nom_materia NOT LIKE '%Tutoría%'
                       ORDER BY m.Nom_materia
[2026-06-05 20:06:27] Materias encontradas: 10
[2026-06-05 20:06:27] Query talleres: SELECT ID_taller, nombre 
                           FROM talleres 
                           WHERE anio_taller = 'I' 
                           AND activo = 1
                           ORDER BY nombre
[2026-06-05 20:06:27] Talleres encontrados: 6
[2026-06-05 20:06:27] Total items a enviar: 16
[2026-06-05 20:06:36] === INICIO DE PETICIÓN ===
[2026-06-05 20:06:36] POST data: Array
(
    [action] => guardar_previa
    [alumno_id] => 51306366
    [tipo_item] => materia
    [tipo_previa] => 2
    [id_materia] => 23
)

[2026-06-05 20:06:36] Sesión activa - DNI: 98989898
[2026-06-05 20:06:36] Rol: Admin
[2026-06-05 20:06:36] Conexión a BD exitosa
[2026-06-05 20:06:36] Action: guardar_previa
[2026-06-05 20:06:36] === PROCESANDO guardar_previa ===
[2026-06-05 20:06:36] alumno_id: 51306366
[2026-06-05 20:06:36] id_materia: 23
[2026-06-05 20:06:36] id_taller: NULL
[2026-06-05 20:06:36] tipo_item: materia
[2026-06-05 20:06:36] tipo_previa: 2
[2026-06-05 20:06:36] Query check: SELECT ID_previas FROM previas WHERE DNI_U = '51306366' AND ID_materia = '23' AND ID_taller IS NULL
[2026-06-05 20:06:36] Query insert: INSERT INTO previas (DNI_U, ID_materia, ID_taller, Aprobado, ID_tp) 
                  VALUES ('51306366', '23', NULL, 0, '2')
[2026-06-05 20:06:36] Previa guardada correctamente - filas afectadas: 1
[2026-06-05 20:06:52] === INICIO DE PETICIÓN ===
[2026-06-05 20:06:52] POST data: Array
(
    [action] => get_alumnos
    [curso_id] => 19
)

[2026-06-05 20:06:52] Sesión activa - DNI: 98989898
[2026-06-05 20:06:52] Rol: Admin
[2026-06-05 20:06:52] Conexión a BD exitosa
[2026-06-05 20:06:52] Action: get_alumnos
[2026-06-05 20:06:52] === PROCESANDO get_alumnos ===
[2026-06-05 20:06:52] Curso ID: 19
[2026-06-05 20:06:52] Query alumnos: SELECT u.DNI_U, u.Nombre, u.Apellido
              FROM usuario u
              WHERE u.id_curso = '19'
              AND u.ID_rol = 3
              AND u.ID_Estado = 1
              ORDER BY u.Apellido, u.Nombre
[2026-06-05 20:06:52] Alumnos encontrados: 34
[2026-06-05 20:07:04] === INICIO DE PETICIÓN ===
[2026-06-05 20:07:04] POST data: Array
(
    [action] => get_materias_y_talleres_por_anio
    [anio] => 1
)

[2026-06-05 20:07:04] Sesión activa - DNI: 98989898
[2026-06-05 20:07:04] Rol: Admin
[2026-06-05 20:07:04] Conexión a BD exitosa
[2026-06-05 20:07:04] Action: get_materias_y_talleres_por_anio
[2026-06-05 20:07:04] === PROCESANDO get_materias_y_talleres_por_anio ===
[2026-06-05 20:07:04] Año: 1
[2026-06-05 20:07:04] Query materias: SELECT DISTINCT m.ID_materia, m.Nom_materia
                       FROM materia m
                       INNER JOIN curso c ON m.id_curso = c.ID_curso
                       WHERE c.curso = '1'
                       AND c.division = 'A'
                       AND m.Nom_materia NOT LIKE '%Taller%'
                       AND m.Nom_materia NOT LIKE '%Tutorias%'
                       AND m.Nom_materia NOT LIKE '%Tutoría%'
                       ORDER BY m.Nom_materia
[2026-06-05 20:07:04] Materias encontradas: 10
[2026-06-05 20:07:04] Query talleres: SELECT ID_taller, nombre 
                           FROM talleres 
                           WHERE anio_taller = 'I' 
                           AND activo = 1
                           ORDER BY nombre
[2026-06-05 20:07:04] Talleres encontrados: 6
[2026-06-05 20:07:04] Total items a enviar: 16
[2026-06-05 20:07:08] === INICIO DE PETICIÓN ===
[2026-06-05 20:07:08] POST data: Array
(
    [action] => guardar_previa
    [alumno_id] => 51375037
    [tipo_item] => materia
    [tipo_previa] => 2
    [id_materia] => 21
)

[2026-06-05 20:07:08] Sesión activa - DNI: 98989898
[2026-06-05 20:07:08] Rol: Admin
[2026-06-05 20:07:08] Conexión a BD exitosa
[2026-06-05 20:07:08] Action: guardar_previa
[2026-06-05 20:07:08] === PROCESANDO guardar_previa ===
[2026-06-05 20:07:08] alumno_id: 51375037
[2026-06-05 20:07:08] id_materia: 21
[2026-06-05 20:07:08] id_taller: NULL
[2026-06-05 20:07:08] tipo_item: materia
[2026-06-05 20:07:08] tipo_previa: 2
[2026-06-05 20:07:08] Query check: SELECT ID_previas FROM previas WHERE DNI_U = '51375037' AND ID_materia = '21' AND ID_taller IS NULL
[2026-06-05 20:07:08] Query insert: INSERT INTO previas (DNI_U, ID_materia, ID_taller, Aprobado, ID_tp) 
                  VALUES ('51375037', '21', NULL, 0, '2')
[2026-06-05 20:07:08] Previa guardada correctamente - filas afectadas: 1
[2026-06-05 20:07:10] === INICIO DE PETICIÓN ===
[2026-06-05 20:07:10] POST data: Array
(
    [action] => get_alumnos
    [curso_id] => 19
)

[2026-06-05 20:07:10] Sesión activa - DNI: 98989898
[2026-06-05 20:07:10] Rol: Admin
[2026-06-05 20:07:10] Conexión a BD exitosa
[2026-06-05 20:07:10] Action: get_alumnos
[2026-06-05 20:07:10] === PROCESANDO get_alumnos ===
[2026-06-05 20:07:10] Curso ID: 19
[2026-06-05 20:07:10] Query alumnos: SELECT u.DNI_U, u.Nombre, u.Apellido
              FROM usuario u
              WHERE u.id_curso = '19'
              AND u.ID_rol = 3
              AND u.ID_Estado = 1
              ORDER BY u.Apellido, u.Nombre
[2026-06-05 20:07:10] Alumnos encontrados: 34
[2026-06-05 20:07:17] === INICIO DE PETICIÓN ===
[2026-06-05 20:07:17] POST data: Array
(
    [action] => get_materias_y_talleres_por_anio
    [anio] => 1
)

[2026-06-05 20:07:17] Sesión activa - DNI: 98989898
[2026-06-05 20:07:17] Rol: Admin
[2026-06-05 20:07:17] Conexión a BD exitosa
[2026-06-05 20:07:17] Action: get_materias_y_talleres_por_anio
[2026-06-05 20:07:17] === PROCESANDO get_materias_y_talleres_por_anio ===
[2026-06-05 20:07:17] Año: 1
[2026-06-05 20:07:17] Query materias: SELECT DISTINCT m.ID_materia, m.Nom_materia
                       FROM materia m
                       INNER JOIN curso c ON m.id_curso = c.ID_curso
                       WHERE c.curso = '1'
                       AND c.division = 'A'
                       AND m.Nom_materia NOT LIKE '%Taller%'
                       AND m.Nom_materia NOT LIKE '%Tutorias%'
                       AND m.Nom_materia NOT LIKE '%Tutoría%'
                       ORDER BY m.Nom_materia
[2026-06-05 20:07:17] Materias encontradas: 10
[2026-06-05 20:07:17] Query talleres: SELECT ID_taller, nombre 
                           FROM talleres 
                           WHERE anio_taller = 'I' 
                           AND activo = 1
                           ORDER BY nombre
[2026-06-05 20:07:17] Talleres encontrados: 6
[2026-06-05 20:07:17] Total items a enviar: 16
[2026-06-05 20:07:26] === INICIO DE PETICIÓN ===
[2026-06-05 20:07:26] POST data: Array
(
    [action] => guardar_previa
    [alumno_id] => 51375037
    [tipo_item] => materia
    [tipo_previa] => 2
    [id_materia] => 27
)

[2026-06-05 20:07:26] Sesión activa - DNI: 98989898
[2026-06-05 20:07:26] Rol: Admin
[2026-06-05 20:07:26] Conexión a BD exitosa
[2026-06-05 20:07:26] Action: guardar_previa
[2026-06-05 20:07:26] === PROCESANDO guardar_previa ===
[2026-06-05 20:07:26] alumno_id: 51375037
[2026-06-05 20:07:26] id_materia: 27
[2026-06-05 20:07:26] id_taller: NULL
[2026-06-05 20:07:26] tipo_item: materia
[2026-06-05 20:07:26] tipo_previa: 2
[2026-06-05 20:07:26] Query check: SELECT ID_previas FROM previas WHERE DNI_U = '51375037' AND ID_materia = '27' AND ID_taller IS NULL
[2026-06-05 20:07:26] Query insert: INSERT INTO previas (DNI_U, ID_materia, ID_taller, Aprobado, ID_tp) 
                  VALUES ('51375037', '27', NULL, 0, '2')
[2026-06-05 20:07:26] Previa guardada correctamente - filas afectadas: 1
[2026-06-05 20:07:27] === INICIO DE PETICIÓN ===
[2026-06-05 20:07:27] POST data: Array
(
    [action] => get_alumnos
    [curso_id] => 19
)

[2026-06-05 20:07:27] Sesión activa - DNI: 98989898
[2026-06-05 20:07:27] Rol: Admin
[2026-06-05 20:07:27] Conexión a BD exitosa
[2026-06-05 20:07:27] Action: get_alumnos
[2026-06-05 20:07:27] === PROCESANDO get_alumnos ===
[2026-06-05 20:07:27] Curso ID: 19
[2026-06-05 20:07:27] Query alumnos: SELECT u.DNI_U, u.Nombre, u.Apellido
              FROM usuario u
              WHERE u.id_curso = '19'
              AND u.ID_rol = 3
              AND u.ID_Estado = 1
              ORDER BY u.Apellido, u.Nombre
[2026-06-05 20:07:27] Alumnos encontrados: 34
[2026-06-05 20:07:31] === INICIO DE PETICIÓN ===
[2026-06-05 20:07:31] POST data: Array
(
    [action] => get_materias_y_talleres_por_anio
    [anio] => 1
)

[2026-06-05 20:07:31] Sesión activa - DNI: 98989898
[2026-06-05 20:07:31] Rol: Admin
[2026-06-05 20:07:31] Conexión a BD exitosa
[2026-06-05 20:07:31] Action: get_materias_y_talleres_por_anio
[2026-06-05 20:07:31] === PROCESANDO get_materias_y_talleres_por_anio ===
[2026-06-05 20:07:31] Año: 1
[2026-06-05 20:07:31] Query materias: SELECT DISTINCT m.ID_materia, m.Nom_materia
                       FROM materia m
                       INNER JOIN curso c ON m.id_curso = c.ID_curso
                       WHERE c.curso = '1'
                       AND c.division = 'A'
                       AND m.Nom_materia NOT LIKE '%Taller%'
                       AND m.Nom_materia NOT LIKE '%Tutorias%'
                       AND m.Nom_materia NOT LIKE '%Tutoría%'
                       ORDER BY m.Nom_materia
[2026-06-05 20:07:31] Materias encontradas: 10
[2026-06-05 20:07:31] Query talleres: SELECT ID_taller, nombre 
                           FROM talleres 
                           WHERE anio_taller = 'I' 
                           AND activo = 1
                           ORDER BY nombre
[2026-06-05 20:07:31] Talleres encontrados: 6
[2026-06-05 20:07:31] Total items a enviar: 16
[2026-06-05 20:07:35] === INICIO DE PETICIÓN ===
[2026-06-05 20:07:35] POST data: Array
(
    [action] => guardar_previa
    [alumno_id] => 51375037
    [tipo_item] => materia
    [tipo_previa] => 2
    [id_materia] => 23
)

[2026-06-05 20:07:35] Sesión activa - DNI: 98989898
[2026-06-05 20:07:35] Rol: Admin
[2026-06-05 20:07:35] Conexión a BD exitosa
[2026-06-05 20:07:35] Action: guardar_previa
[2026-06-05 20:07:35] === PROCESANDO guardar_previa ===
[2026-06-05 20:07:35] alumno_id: 51375037
[2026-06-05 20:07:35] id_materia: 23
[2026-06-05 20:07:35] id_taller: NULL
[2026-06-05 20:07:35] tipo_item: materia
[2026-06-05 20:07:35] tipo_previa: 2
[2026-06-05 20:07:35] Query check: SELECT ID_previas FROM previas WHERE DNI_U = '51375037' AND ID_materia = '23' AND ID_taller IS NULL
[2026-06-05 20:07:35] Query insert: INSERT INTO previas (DNI_U, ID_materia, ID_taller, Aprobado, ID_tp) 
                  VALUES ('51375037', '23', NULL, 0, '2')
[2026-06-05 20:07:35] Previa guardada correctamente - filas afectadas: 1
[2026-06-05 20:07:44] === INICIO DE PETICIÓN ===
[2026-06-05 20:07:44] POST data: Array
(
    [action] => get_alumnos
    [curso_id] => 19
)

[2026-06-05 20:07:44] Sesión activa - DNI: 98989898
[2026-06-05 20:07:44] Rol: Admin
[2026-06-05 20:07:44] Conexión a BD exitosa
[2026-06-05 20:07:44] Action: get_alumnos
[2026-06-05 20:07:44] === PROCESANDO get_alumnos ===
[2026-06-05 20:07:44] Curso ID: 19
[2026-06-05 20:07:44] Query alumnos: SELECT u.DNI_U, u.Nombre, u.Apellido
              FROM usuario u
              WHERE u.id_curso = '19'
              AND u.ID_rol = 3
              AND u.ID_Estado = 1
              ORDER BY u.Apellido, u.Nombre
[2026-06-05 20:07:44] Alumnos encontrados: 34
[2026-06-05 20:07:52] === INICIO DE PETICIÓN ===
[2026-06-05 20:07:52] POST data: Array
(
    [action] => get_materias_y_talleres_por_anio
    [anio] => 1
)

[2026-06-05 20:07:52] Sesión activa - DNI: 98989898
[2026-06-05 20:07:52] Rol: Admin
[2026-06-05 20:07:52] Conexión a BD exitosa
[2026-06-05 20:07:52] Action: get_materias_y_talleres_por_anio
[2026-06-05 20:07:52] === PROCESANDO get_materias_y_talleres_por_anio ===
[2026-06-05 20:07:52] Año: 1
[2026-06-05 20:07:52] Query materias: SELECT DISTINCT m.ID_materia, m.Nom_materia
                       FROM materia m
                       INNER JOIN curso c ON m.id_curso = c.ID_curso
                       WHERE c.curso = '1'
                       AND c.division = 'A'
                       AND m.Nom_materia NOT LIKE '%Taller%'
                       AND m.Nom_materia NOT LIKE '%Tutorias%'
                       AND m.Nom_materia NOT LIKE '%Tutoría%'
                       ORDER BY m.Nom_materia
[2026-06-05 20:07:52] Materias encontradas: 10
[2026-06-05 20:07:52] Query talleres: SELECT ID_taller, nombre 
                           FROM talleres 
                           WHERE anio_taller = 'I' 
                           AND activo = 1
                           ORDER BY nombre
[2026-06-05 20:07:52] Talleres encontrados: 6
[2026-06-05 20:07:52] Total items a enviar: 16
[2026-06-05 20:07:56] === INICIO DE PETICIÓN ===
[2026-06-05 20:07:56] POST data: Array
(
    [action] => guardar_previa
    [alumno_id] => 52522707
    [tipo_item] => materia
    [tipo_previa] => 2
    [id_materia] => 28
)

[2026-06-05 20:07:56] Sesión activa - DNI: 98989898
[2026-06-05 20:07:56] Rol: Admin
[2026-06-05 20:07:56] Conexión a BD exitosa
[2026-06-05 20:07:56] Action: guardar_previa
[2026-06-05 20:07:56] === PROCESANDO guardar_previa ===
[2026-06-05 20:07:56] alumno_id: 52522707
[2026-06-05 20:07:56] id_materia: 28
[2026-06-05 20:07:56] id_taller: NULL
[2026-06-05 20:07:56] tipo_item: materia
[2026-06-05 20:07:56] tipo_previa: 2
[2026-06-05 20:07:56] Query check: SELECT ID_previas FROM previas WHERE DNI_U = '52522707' AND ID_materia = '28' AND ID_taller IS NULL
[2026-06-05 20:07:56] Query insert: INSERT INTO previas (DNI_U, ID_materia, ID_taller, Aprobado, ID_tp) 
                  VALUES ('52522707', '28', NULL, 0, '2')
[2026-06-05 20:07:56] Previa guardada correctamente - filas afectadas: 1
[2026-06-05 20:08:00] === INICIO DE PETICIÓN ===
[2026-06-05 20:08:00] POST data: Array
(
    [action] => get_alumnos
    [curso_id] => 19
)

[2026-06-05 20:08:00] Sesión activa - DNI: 98989898
[2026-06-05 20:08:00] Rol: Admin
[2026-06-05 20:08:00] Conexión a BD exitosa
[2026-06-05 20:08:00] Action: get_alumnos
[2026-06-05 20:08:00] === PROCESANDO get_alumnos ===
[2026-06-05 20:08:00] Curso ID: 19
[2026-06-05 20:08:00] Query alumnos: SELECT u.DNI_U, u.Nombre, u.Apellido
              FROM usuario u
              WHERE u.id_curso = '19'
              AND u.ID_rol = 3
              AND u.ID_Estado = 1
              ORDER BY u.Apellido, u.Nombre
[2026-06-05 20:08:00] Alumnos encontrados: 34
[2026-06-05 20:08:20] === INICIO DE PETICIÓN ===
[2026-06-05 20:08:20] POST data: Array
(
    [action] => get_materias_y_talleres_por_anio
    [anio] => 1
)

[2026-06-05 20:08:20] Sesión activa - DNI: 98989898
[2026-06-05 20:08:20] Rol: Admin
[2026-06-05 20:08:20] Conexión a BD exitosa
[2026-06-05 20:08:20] Action: get_materias_y_talleres_por_anio
[2026-06-05 20:08:20] === PROCESANDO get_materias_y_talleres_por_anio ===
[2026-06-05 20:08:20] Año: 1
[2026-06-05 20:08:20] Query materias: SELECT DISTINCT m.ID_materia, m.Nom_materia
                       FROM materia m
                       INNER JOIN curso c ON m.id_curso = c.ID_curso
                       WHERE c.curso = '1'
                       AND c.division = 'A'
                       AND m.Nom_materia NOT LIKE '%Taller%'
                       AND m.Nom_materia NOT LIKE '%Tutorias%'
                       AND m.Nom_materia NOT LIKE '%Tutoría%'
                       ORDER BY m.Nom_materia
[2026-06-05 20:08:20] Materias encontradas: 10
[2026-06-05 20:08:20] Query talleres: SELECT ID_taller, nombre 
                           FROM talleres 
                           WHERE anio_taller = 'I' 
                           AND activo = 1
                           ORDER BY nombre
[2026-06-05 20:08:20] Talleres encontrados: 6
[2026-06-05 20:08:20] Total items a enviar: 16
[2026-06-05 20:08:24] === INICIO DE PETICIÓN ===
[2026-06-05 20:08:24] POST data: Array
(
    [action] => guardar_previa
    [alumno_id] => 52522707
    [tipo_item] => materia
    [tipo_previa] => 2
    [id_materia] => 27
)

[2026-06-05 20:08:24] Sesión activa - DNI: 98989898
[2026-06-05 20:08:24] Rol: Admin
[2026-06-05 20:08:24] Conexión a BD exitosa
[2026-06-05 20:08:24] Action: guardar_previa
[2026-06-05 20:08:24] === PROCESANDO guardar_previa ===
[2026-06-05 20:08:24] alumno_id: 52522707
[2026-06-05 20:08:24] id_materia: 27
[2026-06-05 20:08:24] id_taller: NULL
[2026-06-05 20:08:24] tipo_item: materia
[2026-06-05 20:08:24] tipo_previa: 2
[2026-06-05 20:08:24] Query check: SELECT ID_previas FROM previas WHERE DNI_U = '52522707' AND ID_materia = '27' AND ID_taller IS NULL
[2026-06-05 20:08:24] Query insert: INSERT INTO previas (DNI_U, ID_materia, ID_taller, Aprobado, ID_tp) 
                  VALUES ('52522707', '27', NULL, 0, '2')
[2026-06-05 20:08:24] Previa guardada correctamente - filas afectadas: 1
[2026-06-05 20:08:27] === INICIO DE PETICIÓN ===
[2026-06-05 20:08:27] POST data: Array
(
    [action] => get_alumnos
    [curso_id] => 19
)

[2026-06-05 20:08:27] Sesión activa - DNI: 98989898
[2026-06-05 20:08:27] Rol: Admin
[2026-06-05 20:08:27] Conexión a BD exitosa
[2026-06-05 20:08:27] Action: get_alumnos
[2026-06-05 20:08:27] === PROCESANDO get_alumnos ===
[2026-06-05 20:08:27] Curso ID: 19
[2026-06-05 20:08:27] Query alumnos: SELECT u.DNI_U, u.Nombre, u.Apellido
              FROM usuario u
              WHERE u.id_curso = '19'
              AND u.ID_rol = 3
              AND u.ID_Estado = 1
              ORDER BY u.Apellido, u.Nombre
[2026-06-05 20:08:27] Alumnos encontrados: 34
[2026-06-05 20:08:35] === INICIO DE PETICIÓN ===
[2026-06-05 20:08:35] POST data: Array
(
    [action] => get_materias_y_talleres_por_anio
    [anio] => 1
)

[2026-06-05 20:08:35] Sesión activa - DNI: 98989898
[2026-06-05 20:08:35] Rol: Admin
[2026-06-05 20:08:35] Conexión a BD exitosa
[2026-06-05 20:08:35] Action: get_materias_y_talleres_por_anio
[2026-06-05 20:08:35] === PROCESANDO get_materias_y_talleres_por_anio ===
[2026-06-05 20:08:35] Año: 1
[2026-06-05 20:08:35] Query materias: SELECT DISTINCT m.ID_materia, m.Nom_materia
                       FROM materia m
                       INNER JOIN curso c ON m.id_curso = c.ID_curso
                       WHERE c.curso = '1'
                       AND c.division = 'A'
                       AND m.Nom_materia NOT LIKE '%Taller%'
                       AND m.Nom_materia NOT LIKE '%Tutorias%'
                       AND m.Nom_materia NOT LIKE '%Tutoría%'
                       ORDER BY m.Nom_materia
[2026-06-05 20:08:35] Materias encontradas: 10
[2026-06-05 20:08:35] Query talleres: SELECT ID_taller, nombre 
                           FROM talleres 
                           WHERE anio_taller = 'I' 
                           AND activo = 1
                           ORDER BY nombre
[2026-06-05 20:08:35] Talleres encontrados: 6
[2026-06-05 20:08:35] Total items a enviar: 16
[2026-06-05 20:08:39] === INICIO DE PETICIÓN ===
[2026-06-05 20:08:39] POST data: Array
(
    [action] => guardar_previa
    [alumno_id] => 52522707
    [tipo_item] => materia
    [tipo_previa] => 2
    [id_materia] => 23
)

[2026-06-05 20:08:39] Sesión activa - DNI: 98989898
[2026-06-05 20:08:39] Rol: Admin
[2026-06-05 20:08:39] Conexión a BD exitosa
[2026-06-05 20:08:39] Action: guardar_previa
[2026-06-05 20:08:39] === PROCESANDO guardar_previa ===
[2026-06-05 20:08:39] alumno_id: 52522707
[2026-06-05 20:08:39] id_materia: 23
[2026-06-05 20:08:39] id_taller: NULL
[2026-06-05 20:08:39] tipo_item: materia
[2026-06-05 20:08:39] tipo_previa: 2
[2026-06-05 20:08:39] Query check: SELECT ID_previas FROM previas WHERE DNI_U = '52522707' AND ID_materia = '23' AND ID_taller IS NULL
[2026-06-05 20:08:39] Query insert: INSERT INTO previas (DNI_U, ID_materia, ID_taller, Aprobado, ID_tp) 
                  VALUES ('52522707', '23', NULL, 0, '2')
[2026-06-05 20:08:39] Previa guardada correctamente - filas afectadas: 1
[2026-06-05 20:08:41] === INICIO DE PETICIÓN ===
[2026-06-05 20:08:41] POST data: Array
(
    [action] => get_alumnos
    [curso_id] => 19
)

[2026-06-05 20:08:41] Sesión activa - DNI: 98989898
[2026-06-05 20:08:41] Rol: Admin
[2026-06-05 20:08:41] Conexión a BD exitosa
[2026-06-05 20:08:41] Action: get_alumnos
[2026-06-05 20:08:41] === PROCESANDO get_alumnos ===
[2026-06-05 20:08:41] Curso ID: 19
[2026-06-05 20:08:41] Query alumnos: SELECT u.DNI_U, u.Nombre, u.Apellido
              FROM usuario u
              WHERE u.id_curso = '19'
              AND u.ID_rol = 3
              AND u.ID_Estado = 1
              ORDER BY u.Apellido, u.Nombre
[2026-06-05 20:08:41] Alumnos encontrados: 34
[2026-06-05 20:08:49] === INICIO DE PETICIÓN ===
[2026-06-05 20:08:49] POST data: Array
(
    [action] => get_materias_y_talleres_por_anio
    [anio] => 1
)

[2026-06-05 20:08:49] Sesión activa - DNI: 98989898
[2026-06-05 20:08:49] Rol: Admin
[2026-06-05 20:08:50] Conexión a BD exitosa
[2026-06-05 20:08:50] Action: get_materias_y_talleres_por_anio
[2026-06-05 20:08:50] === PROCESANDO get_materias_y_talleres_por_anio ===
[2026-06-05 20:08:50] Año: 1
[2026-06-05 20:08:50] Query materias: SELECT DISTINCT m.ID_materia, m.Nom_materia
                       FROM materia m
                       INNER JOIN curso c ON m.id_curso = c.ID_curso
                       WHERE c.curso = '1'
                       AND c.division = 'A'
                       AND m.Nom_materia NOT LIKE '%Taller%'
                       AND m.Nom_materia NOT LIKE '%Tutorias%'
                       AND m.Nom_materia NOT LIKE '%Tutoría%'
                       ORDER BY m.Nom_materia
[2026-06-05 20:08:50] Materias encontradas: 10
[2026-06-05 20:08:50] Query talleres: SELECT ID_taller, nombre 
                           FROM talleres 
                           WHERE anio_taller = 'I' 
                           AND activo = 1
                           ORDER BY nombre
[2026-06-05 20:08:50] Talleres encontrados: 6
[2026-06-05 20:08:50] Total items a enviar: 16
[2026-06-05 20:08:55] === INICIO DE PETICIÓN ===
[2026-06-05 20:08:55] POST data: Array
(
    [action] => guardar_previa
    [alumno_id] => 52522707
    [tipo_item] => taller
    [tipo_previa] => 2
    [id_taller] => 8
)

[2026-06-05 20:08:55] Sesión activa - DNI: 98989898
[2026-06-05 20:08:55] Rol: Admin
[2026-06-05 20:08:55] Conexión a BD exitosa
[2026-06-05 20:08:55] Action: guardar_previa
[2026-06-05 20:08:55] === PROCESANDO guardar_previa ===
[2026-06-05 20:08:55] alumno_id: 52522707
[2026-06-05 20:08:55] id_materia: NULL
[2026-06-05 20:08:55] id_taller: 8
[2026-06-05 20:08:55] tipo_item: taller
[2026-06-05 20:08:55] tipo_previa: 2
[2026-06-05 20:08:55] Query check: SELECT ID_previas FROM previas WHERE DNI_U = '52522707' AND ID_taller = '8' AND ID_materia IS NULL
[2026-06-05 20:08:55] Query insert: INSERT INTO previas (DNI_U, ID_materia, ID_taller, Aprobado, ID_tp) 
                  VALUES ('52522707', NULL, '8', 0, '2')
[2026-06-05 20:08:55] Previa guardada correctamente - filas afectadas: 1
[2026-06-05 20:09:16] === INICIO DE PETICIÓN ===
[2026-06-05 20:09:16] POST data: Array
(
    [action] => get_alumnos
    [curso_id] => 19
)

[2026-06-05 20:09:16] Sesión activa - DNI: 98989898
[2026-06-05 20:09:16] Rol: Admin
[2026-06-05 20:09:16] Conexión a BD exitosa
[2026-06-05 20:09:16] Action: get_alumnos
[2026-06-05 20:09:16] === PROCESANDO get_alumnos ===
[2026-06-05 20:09:16] Curso ID: 19
[2026-06-05 20:09:16] Query alumnos: SELECT u.DNI_U, u.Nombre, u.Apellido
              FROM usuario u
              WHERE u.id_curso = '19'
              AND u.ID_rol = 3
              AND u.ID_Estado = 1
              ORDER BY u.Apellido, u.Nombre
[2026-06-05 20:09:16] Alumnos encontrados: 34
[2026-06-05 20:09:24] === INICIO DE PETICIÓN ===
[2026-06-05 20:09:24] POST data: Array
(
    [action] => get_materias_y_talleres_por_anio
    [anio] => 2
)

[2026-06-05 20:09:24] Sesión activa - DNI: 98989898
[2026-06-05 20:09:24] Rol: Admin
[2026-06-05 20:09:24] Conexión a BD exitosa
[2026-06-05 20:09:24] Action: get_materias_y_talleres_por_anio
[2026-06-05 20:09:24] === PROCESANDO get_materias_y_talleres_por_anio ===
[2026-06-05 20:09:24] Año: 2
[2026-06-05 20:09:24] Query materias: SELECT DISTINCT m.ID_materia, m.Nom_materia
                       FROM materia m
                       INNER JOIN curso c ON m.id_curso = c.ID_curso
                       WHERE c.curso = '2'
                       AND c.division = 'A'
                       AND m.Nom_materia NOT LIKE '%Taller%'
                       AND m.Nom_materia NOT LIKE '%Tutorias%'
                       AND m.Nom_materia NOT LIKE '%Tutoría%'
                       ORDER BY m.Nom_materia
[2026-06-05 20:09:24] Materias encontradas: 11
[2026-06-05 20:09:24] Query talleres: SELECT ID_taller, nombre 
                           FROM talleres 
                           WHERE anio_taller = 'II' 
                           AND activo = 1
                           ORDER BY nombre
[2026-06-05 20:09:24] Talleres encontrados: 6
[2026-06-05 20:09:24] Total items a enviar: 17
[2026-06-05 20:09:28] === INICIO DE PETICIÓN ===
[2026-06-05 20:09:28] POST data: Array
(
    [action] => get_materias_y_talleres_por_anio
    [anio] => 1
)

[2026-06-05 20:09:28] Sesión activa - DNI: 98989898
[2026-06-05 20:09:28] Rol: Admin
[2026-06-05 20:09:28] Conexión a BD exitosa
[2026-06-05 20:09:28] Action: get_materias_y_talleres_por_anio
[2026-06-05 20:09:28] === PROCESANDO get_materias_y_talleres_por_anio ===
[2026-06-05 20:09:28] Año: 1
[2026-06-05 20:09:28] Query materias: SELECT DISTINCT m.ID_materia, m.Nom_materia
                       FROM materia m
                       INNER JOIN curso c ON m.id_curso = c.ID_curso
                       WHERE c.curso = '1'
                       AND c.division = 'A'
                       AND m.Nom_materia NOT LIKE '%Taller%'
                       AND m.Nom_materia NOT LIKE '%Tutorias%'
                       AND m.Nom_materia NOT LIKE '%Tutoría%'
                       ORDER BY m.Nom_materia
[2026-06-05 20:09:28] Materias encontradas: 10
[2026-06-05 20:09:28] Query talleres: SELECT ID_taller, nombre 
                           FROM talleres 
                           WHERE anio_taller = 'I' 
                           AND activo = 1
                           ORDER BY nombre
[2026-06-05 20:09:28] Talleres encontrados: 6
[2026-06-05 20:09:28] Total items a enviar: 16
[2026-06-05 20:09:56] === INICIO DE PETICIÓN ===
[2026-06-05 20:09:56] POST data: Array
(
    [action] => guardar_previa
    [alumno_id] => 52105594
    [tipo_item] => materia
    [tipo_previa] => 2
    [id_materia] => 21
)

[2026-06-05 20:09:56] Sesión activa - DNI: 98989898
[2026-06-05 20:09:56] Rol: Admin
[2026-06-05 20:09:56] Conexión a BD exitosa
[2026-06-05 20:09:56] Action: guardar_previa
[2026-06-05 20:09:56] === PROCESANDO guardar_previa ===
[2026-06-05 20:09:56] alumno_id: 52105594
[2026-06-05 20:09:56] id_materia: 21
[2026-06-05 20:09:56] id_taller: NULL
[2026-06-05 20:09:56] tipo_item: materia
[2026-06-05 20:09:56] tipo_previa: 2
[2026-06-05 20:09:56] Query check: SELECT ID_previas FROM previas WHERE DNI_U = '52105594' AND ID_materia = '21' AND ID_taller IS NULL
[2026-06-05 20:09:56] Query insert: INSERT INTO previas (DNI_U, ID_materia, ID_taller, Aprobado, ID_tp) 
                  VALUES ('52105594', '21', NULL, 0, '2')
[2026-06-05 20:09:56] Previa guardada correctamente - filas afectadas: 1
[2026-06-05 20:09:58] === INICIO DE PETICIÓN ===
[2026-06-05 20:09:58] POST data: Array
(
    [action] => get_alumnos
    [curso_id] => 19
)

[2026-06-05 20:09:58] Sesión activa - DNI: 98989898
[2026-06-05 20:09:58] Rol: Admin
[2026-06-05 20:09:58] Conexión a BD exitosa
[2026-06-05 20:09:58] Action: get_alumnos
[2026-06-05 20:09:58] === PROCESANDO get_alumnos ===
[2026-06-05 20:09:58] Curso ID: 19
[2026-06-05 20:09:58] Query alumnos: SELECT u.DNI_U, u.Nombre, u.Apellido
              FROM usuario u
              WHERE u.id_curso = '19'
              AND u.ID_rol = 3
              AND u.ID_Estado = 1
              ORDER BY u.Apellido, u.Nombre
[2026-06-05 20:09:58] Alumnos encontrados: 34
[2026-06-05 20:10:06] === INICIO DE PETICIÓN ===
[2026-06-05 20:10:06] POST data: Array
(
    [action] => get_materias_y_talleres_por_anio
    [anio] => 1
)

[2026-06-05 20:10:06] Sesión activa - DNI: 98989898
[2026-06-05 20:10:06] Rol: Admin
[2026-06-05 20:10:06] Conexión a BD exitosa
[2026-06-05 20:10:06] Action: get_materias_y_talleres_por_anio
[2026-06-05 20:10:06] === PROCESANDO get_materias_y_talleres_por_anio ===
[2026-06-05 20:10:06] Año: 1
[2026-06-05 20:10:06] Query materias: SELECT DISTINCT m.ID_materia, m.Nom_materia
                       FROM materia m
                       INNER JOIN curso c ON m.id_curso = c.ID_curso
                       WHERE c.curso = '1'
                       AND c.division = 'A'
                       AND m.Nom_materia NOT LIKE '%Taller%'
                       AND m.Nom_materia NOT LIKE '%Tutorias%'
                       AND m.Nom_materia NOT LIKE '%Tutoría%'
                       ORDER BY m.Nom_materia
[2026-06-05 20:10:06] Materias encontradas: 10
[2026-06-05 20:10:06] Query talleres: SELECT ID_taller, nombre 
                           FROM talleres 
                           WHERE anio_taller = 'I' 
                           AND activo = 1
                           ORDER BY nombre
[2026-06-05 20:10:06] Talleres encontrados: 6
[2026-06-05 20:10:06] Total items a enviar: 16
[2026-06-05 20:10:11] === INICIO DE PETICIÓN ===
[2026-06-05 20:10:11] POST data: Array
(
    [action] => guardar_previa
    [alumno_id] => 52105594
    [tipo_item] => materia
    [tipo_previa] => 2
    [id_materia] => 27
)

[2026-06-05 20:10:11] Sesión activa - DNI: 98989898
[2026-06-05 20:10:11] Rol: Admin
[2026-06-05 20:10:11] Conexión a BD exitosa
[2026-06-05 20:10:11] Action: guardar_previa
[2026-06-05 20:10:11] === PROCESANDO guardar_previa ===
[2026-06-05 20:10:11] alumno_id: 52105594
[2026-06-05 20:10:11] id_materia: 27
[2026-06-05 20:10:11] id_taller: NULL
[2026-06-05 20:10:11] tipo_item: materia
[2026-06-05 20:10:11] tipo_previa: 2
[2026-06-05 20:10:11] Query check: SELECT ID_previas FROM previas WHERE DNI_U = '52105594' AND ID_materia = '27' AND ID_taller IS NULL
[2026-06-05 20:10:11] Query insert: INSERT INTO previas (DNI_U, ID_materia, ID_taller, Aprobado, ID_tp) 
                  VALUES ('52105594', '27', NULL, 0, '2')
[2026-06-05 20:10:11] Previa guardada correctamente - filas afectadas: 1
[2026-06-05 20:10:12] === INICIO DE PETICIÓN ===
[2026-06-05 20:10:12] POST data: Array
(
    [action] => get_alumnos
    [curso_id] => 19
)

[2026-06-05 20:10:12] Sesión activa - DNI: 98989898
[2026-06-05 20:10:12] Rol: Admin
[2026-06-05 20:10:12] Conexión a BD exitosa
[2026-06-05 20:10:12] Action: get_alumnos
[2026-06-05 20:10:12] === PROCESANDO get_alumnos ===
[2026-06-05 20:10:12] Curso ID: 19
[2026-06-05 20:10:12] Query alumnos: SELECT u.DNI_U, u.Nombre, u.Apellido
              FROM usuario u
              WHERE u.id_curso = '19'
              AND u.ID_rol = 3
              AND u.ID_Estado = 1
              ORDER BY u.Apellido, u.Nombre
[2026-06-05 20:10:12] Alumnos encontrados: 34
[2026-06-05 20:10:17] === INICIO DE PETICIÓN ===
[2026-06-05 20:10:17] POST data: Array
(
    [action] => get_materias_y_talleres_por_anio
    [anio] => 1
)

[2026-06-05 20:10:17] Sesión activa - DNI: 98989898
[2026-06-05 20:10:17] Rol: Admin
[2026-06-05 20:10:17] Conexión a BD exitosa
[2026-06-05 20:10:17] Action: get_materias_y_talleres_por_anio
[2026-06-05 20:10:17] === PROCESANDO get_materias_y_talleres_por_anio ===
[2026-06-05 20:10:17] Año: 1
[2026-06-05 20:10:17] Query materias: SELECT DISTINCT m.ID_materia, m.Nom_materia
                       FROM materia m
                       INNER JOIN curso c ON m.id_curso = c.ID_curso
                       WHERE c.curso = '1'
                       AND c.division = 'A'
                       AND m.Nom_materia NOT LIKE '%Taller%'
                       AND m.Nom_materia NOT LIKE '%Tutorias%'
                       AND m.Nom_materia NOT LIKE '%Tutoría%'
                       ORDER BY m.Nom_materia
[2026-06-05 20:10:17] Materias encontradas: 10
[2026-06-05 20:10:17] Query talleres: SELECT ID_taller, nombre 
                           FROM talleres 
                           WHERE anio_taller = 'I' 
                           AND activo = 1
                           ORDER BY nombre
[2026-06-05 20:10:17] Talleres encontrados: 6
[2026-06-05 20:10:17] Total items a enviar: 16
[2026-06-05 20:10:21] === INICIO DE PETICIÓN ===
[2026-06-05 20:10:21] POST data: Array
(
    [action] => guardar_previa
    [alumno_id] => 52105594
    [tipo_item] => materia
    [tipo_previa] => 2
    [id_materia] => 23
)

[2026-06-05 20:10:21] Sesión activa - DNI: 98989898
[2026-06-05 20:10:21] Rol: Admin
[2026-06-05 20:10:21] Conexión a BD exitosa
[2026-06-05 20:10:21] Action: guardar_previa
[2026-06-05 20:10:21] === PROCESANDO guardar_previa ===
[2026-06-05 20:10:21] alumno_id: 52105594
[2026-06-05 20:10:21] id_materia: 23
[2026-06-05 20:10:21] id_taller: NULL
[2026-06-05 20:10:21] tipo_item: materia
[2026-06-05 20:10:21] tipo_previa: 2
[2026-06-05 20:10:21] Query check: SELECT ID_previas FROM previas WHERE DNI_U = '52105594' AND ID_materia = '23' AND ID_taller IS NULL
[2026-06-05 20:10:21] Query insert: INSERT INTO previas (DNI_U, ID_materia, ID_taller, Aprobado, ID_tp) 
                  VALUES ('52105594', '23', NULL, 0, '2')
[2026-06-05 20:10:21] Previa guardada correctamente - filas afectadas: 1
[2026-06-05 20:10:28] === INICIO DE PETICIÓN ===
[2026-06-05 20:10:28] POST data: Array
(
    [action] => get_alumnos
    [curso_id] => 19
)

[2026-06-05 20:10:28] Sesión activa - DNI: 98989898
[2026-06-05 20:10:28] Rol: Admin
[2026-06-05 20:10:28] Conexión a BD exitosa
[2026-06-05 20:10:28] Action: get_alumnos
[2026-06-05 20:10:28] === PROCESANDO get_alumnos ===
[2026-06-05 20:10:28] Curso ID: 19
[2026-06-05 20:10:28] Query alumnos: SELECT u.DNI_U, u.Nombre, u.Apellido
              FROM usuario u
              WHERE u.id_curso = '19'
              AND u.ID_rol = 3
              AND u.ID_Estado = 1
              ORDER BY u.Apellido, u.Nombre
[2026-06-05 20:10:28] Alumnos encontrados: 34
[2026-06-05 20:10:32] === INICIO DE PETICIÓN ===
[2026-06-05 20:10:32] POST data: Array
(
    [action] => get_materias_y_talleres_por_anio
    [anio] => 1
)

[2026-06-05 20:10:32] Sesión activa - DNI: 98989898
[2026-06-05 20:10:32] Rol: Admin
[2026-06-05 20:10:32] Conexión a BD exitosa
[2026-06-05 20:10:32] Action: get_materias_y_talleres_por_anio
[2026-06-05 20:10:32] === PROCESANDO get_materias_y_talleres_por_anio ===
[2026-06-05 20:10:32] Año: 1
[2026-06-05 20:10:32] Query materias: SELECT DISTINCT m.ID_materia, m.Nom_materia
                       FROM materia m
                       INNER JOIN curso c ON m.id_curso = c.ID_curso
                       WHERE c.curso = '1'
                       AND c.division = 'A'
                       AND m.Nom_materia NOT LIKE '%Taller%'
                       AND m.Nom_materia NOT LIKE '%Tutorias%'
                       AND m.Nom_materia NOT LIKE '%Tutoría%'
                       ORDER BY m.Nom_materia
[2026-06-05 20:10:32] Materias encontradas: 10
[2026-06-05 20:10:32] Query talleres: SELECT ID_taller, nombre 
                           FROM talleres 
                           WHERE anio_taller = 'I' 
                           AND activo = 1
                           ORDER BY nombre
[2026-06-05 20:10:32] Talleres encontrados: 6
[2026-06-05 20:10:32] Total items a enviar: 16
[2026-06-05 20:10:36] === INICIO DE PETICIÓN ===
[2026-06-05 20:10:36] POST data: Array
(
    [action] => guardar_previa
    [alumno_id] => 51375236
    [tipo_item] => materia
    [tipo_previa] => 2
    [id_materia] => 21
)

[2026-06-05 20:10:36] Sesión activa - DNI: 98989898
[2026-06-05 20:10:36] Rol: Admin
[2026-06-05 20:10:36] Conexión a BD exitosa
[2026-06-05 20:10:36] Action: guardar_previa
[2026-06-05 20:10:36] === PROCESANDO guardar_previa ===
[2026-06-05 20:10:36] alumno_id: 51375236
[2026-06-05 20:10:36] id_materia: 21
[2026-06-05 20:10:36] id_taller: NULL
[2026-06-05 20:10:36] tipo_item: materia
[2026-06-05 20:10:36] tipo_previa: 2
[2026-06-05 20:10:36] Query check: SELECT ID_previas FROM previas WHERE DNI_U = '51375236' AND ID_materia = '21' AND ID_taller IS NULL
[2026-06-05 20:10:36] Query insert: INSERT INTO previas (DNI_U, ID_materia, ID_taller, Aprobado, ID_tp) 
                  VALUES ('51375236', '21', NULL, 0, '2')
[2026-06-05 20:10:36] Previa guardada correctamente - filas afectadas: 1
[2026-06-05 20:10:39] === INICIO DE PETICIÓN ===
[2026-06-05 20:10:39] POST data: Array
(
    [action] => get_alumnos
    [curso_id] => 19
)

[2026-06-05 20:10:39] Sesión activa - DNI: 98989898
[2026-06-05 20:10:39] Rol: Admin
[2026-06-05 20:10:39] Conexión a BD exitosa
[2026-06-05 20:10:39] Action: get_alumnos
[2026-06-05 20:10:39] === PROCESANDO get_alumnos ===
[2026-06-05 20:10:39] Curso ID: 19
[2026-06-05 20:10:39] Query alumnos: SELECT u.DNI_U, u.Nombre, u.Apellido
              FROM usuario u
              WHERE u.id_curso = '19'
              AND u.ID_rol = 3
              AND u.ID_Estado = 1
              ORDER BY u.Apellido, u.Nombre
[2026-06-05 20:10:39] Alumnos encontrados: 34
[2026-06-05 20:10:49] === INICIO DE PETICIÓN ===
[2026-06-05 20:10:49] POST data: Array
(
    [action] => get_materias_y_talleres_por_anio
    [anio] => 1
)

[2026-06-05 20:10:49] Sesión activa - DNI: 98989898
[2026-06-05 20:10:49] Rol: Admin
[2026-06-05 20:10:49] Conexión a BD exitosa
[2026-06-05 20:10:49] Action: get_materias_y_talleres_por_anio
[2026-06-05 20:10:49] === PROCESANDO get_materias_y_talleres_por_anio ===
[2026-06-05 20:10:49] Año: 1
[2026-06-05 20:10:49] Query materias: SELECT DISTINCT m.ID_materia, m.Nom_materia
                       FROM materia m
                       INNER JOIN curso c ON m.id_curso = c.ID_curso
                       WHERE c.curso = '1'
                       AND c.division = 'A'
                       AND m.Nom_materia NOT LIKE '%Taller%'
                       AND m.Nom_materia NOT LIKE '%Tutorias%'
                       AND m.Nom_materia NOT LIKE '%Tutoría%'
                       ORDER BY m.Nom_materia
[2026-06-05 20:10:49] Materias encontradas: 10
[2026-06-05 20:10:49] Query talleres: SELECT ID_taller, nombre 
                           FROM talleres 
                           WHERE anio_taller = 'I' 
                           AND activo = 1
                           ORDER BY nombre
[2026-06-05 20:10:49] Talleres encontrados: 6
[2026-06-05 20:10:49] Total items a enviar: 16
[2026-06-05 20:10:52] === INICIO DE PETICIÓN ===
[2026-06-05 20:10:52] POST data: Array
(
    [action] => guardar_previa
    [alumno_id] => 51375236
    [tipo_item] => materia
    [tipo_previa] => 2
    [id_materia] => 28
)

[2026-06-05 20:10:52] Sesión activa - DNI: 98989898
[2026-06-05 20:10:52] Rol: Admin
[2026-06-05 20:10:52] Conexión a BD exitosa
[2026-06-05 20:10:52] Action: guardar_previa
[2026-06-05 20:10:52] === PROCESANDO guardar_previa ===
[2026-06-05 20:10:52] alumno_id: 51375236
[2026-06-05 20:10:52] id_materia: 28
[2026-06-05 20:10:52] id_taller: NULL
[2026-06-05 20:10:52] tipo_item: materia
[2026-06-05 20:10:52] tipo_previa: 2
[2026-06-05 20:10:52] Query check: SELECT ID_previas FROM previas WHERE DNI_U = '51375236' AND ID_materia = '28' AND ID_taller IS NULL
[2026-06-05 20:10:52] Query insert: INSERT INTO previas (DNI_U, ID_materia, ID_taller, Aprobado, ID_tp) 
                  VALUES ('51375236', '28', NULL, 0, '2')
[2026-06-05 20:10:52] Previa guardada correctamente - filas afectadas: 1
[2026-06-05 20:10:56] === INICIO DE PETICIÓN ===
[2026-06-05 20:10:56] POST data: Array
(
    [action] => get_alumnos
    [curso_id] => 19
)

[2026-06-05 20:10:56] Sesión activa - DNI: 98989898
[2026-06-05 20:10:56] Rol: Admin
[2026-06-05 20:10:56] Conexión a BD exitosa
[2026-06-05 20:10:56] Action: get_alumnos
[2026-06-05 20:10:56] === PROCESANDO get_alumnos ===
[2026-06-05 20:10:56] Curso ID: 19
[2026-06-05 20:10:56] Query alumnos: SELECT u.DNI_U, u.Nombre, u.Apellido
              FROM usuario u
              WHERE u.id_curso = '19'
              AND u.ID_rol = 3
              AND u.ID_Estado = 1
              ORDER BY u.Apellido, u.Nombre
[2026-06-05 20:10:56] Alumnos encontrados: 34
[2026-06-05 20:11:03] === INICIO DE PETICIÓN ===
[2026-06-05 20:11:03] POST data: Array
(
    [action] => get_materias_y_talleres_por_anio
    [anio] => 1
)

[2026-06-05 20:11:03] Sesión activa - DNI: 98989898
[2026-06-05 20:11:03] Rol: Admin
[2026-06-05 20:11:03] Conexión a BD exitosa
[2026-06-05 20:11:03] Action: get_materias_y_talleres_por_anio
[2026-06-05 20:11:03] === PROCESANDO get_materias_y_talleres_por_anio ===
[2026-06-05 20:11:03] Año: 1
[2026-06-05 20:11:03] Query materias: SELECT DISTINCT m.ID_materia, m.Nom_materia
                       FROM materia m
                       INNER JOIN curso c ON m.id_curso = c.ID_curso
                       WHERE c.curso = '1'
                       AND c.division = 'A'
                       AND m.Nom_materia NOT LIKE '%Taller%'
                       AND m.Nom_materia NOT LIKE '%Tutorias%'
                       AND m.Nom_materia NOT LIKE '%Tutoría%'
                       ORDER BY m.Nom_materia
[2026-06-05 20:11:03] Materias encontradas: 10
[2026-06-05 20:11:03] Query talleres: SELECT ID_taller, nombre 
                           FROM talleres 
                           WHERE anio_taller = 'I' 
                           AND activo = 1
                           ORDER BY nombre
[2026-06-05 20:11:03] Talleres encontrados: 6
[2026-06-05 20:11:03] Total items a enviar: 16
[2026-06-05 20:11:10] === INICIO DE PETICIÓN ===
[2026-06-05 20:11:10] POST data: Array
(
    [action] => guardar_previa
    [alumno_id] => 51375236
    [tipo_item] => materia
    [tipo_previa] => 2
    [id_materia] => 23
)

[2026-06-05 20:11:10] Sesión activa - DNI: 98989898
[2026-06-05 20:11:10] Rol: Admin
[2026-06-05 20:11:10] Conexión a BD exitosa
[2026-06-05 20:11:10] Action: guardar_previa
[2026-06-05 20:11:10] === PROCESANDO guardar_previa ===
[2026-06-05 20:11:10] alumno_id: 51375236
[2026-06-05 20:11:10] id_materia: 23
[2026-06-05 20:11:10] id_taller: NULL
[2026-06-05 20:11:10] tipo_item: materia
[2026-06-05 20:11:10] tipo_previa: 2
[2026-06-05 20:11:10] Query check: SELECT ID_previas FROM previas WHERE DNI_U = '51375236' AND ID_materia = '23' AND ID_taller IS NULL
[2026-06-05 20:11:10] Query insert: INSERT INTO previas (DNI_U, ID_materia, ID_taller, Aprobado, ID_tp) 
                  VALUES ('51375236', '23', NULL, 0, '2')
[2026-06-05 20:11:10] Previa guardada correctamente - filas afectadas: 1
[2026-06-05 20:11:12] === INICIO DE PETICIÓN ===
[2026-06-05 20:11:12] POST data: Array
(
    [action] => get_alumnos
    [curso_id] => 19
)

[2026-06-05 20:11:12] Sesión activa - DNI: 98989898
[2026-06-05 20:11:12] Rol: Admin
[2026-06-05 20:11:12] Conexión a BD exitosa
[2026-06-05 20:11:12] Action: get_alumnos
[2026-06-05 20:11:12] === PROCESANDO get_alumnos ===
[2026-06-05 20:11:12] Curso ID: 19
[2026-06-05 20:11:12] Query alumnos: SELECT u.DNI_U, u.Nombre, u.Apellido
              FROM usuario u
              WHERE u.id_curso = '19'
              AND u.ID_rol = 3
              AND u.ID_Estado = 1
              ORDER BY u.Apellido, u.Nombre
[2026-06-05 20:11:12] Alumnos encontrados: 34
[2026-06-05 20:11:19] === INICIO DE PETICIÓN ===
[2026-06-05 20:11:19] POST data: Array
(
    [action] => get_materias_y_talleres_por_anio
    [anio] => 1
)

[2026-06-05 20:11:19] Sesión activa - DNI: 98989898
[2026-06-05 20:11:19] Rol: Admin
[2026-06-05 20:11:19] Conexión a BD exitosa
[2026-06-05 20:11:19] Action: get_materias_y_talleres_por_anio
[2026-06-05 20:11:19] === PROCESANDO get_materias_y_talleres_por_anio ===
[2026-06-05 20:11:19] Año: 1
[2026-06-05 20:11:19] Query materias: SELECT DISTINCT m.ID_materia, m.Nom_materia
                       FROM materia m
                       INNER JOIN curso c ON m.id_curso = c.ID_curso
                       WHERE c.curso = '1'
                       AND c.division = 'A'
                       AND m.Nom_materia NOT LIKE '%Taller%'
                       AND m.Nom_materia NOT LIKE '%Tutorias%'
                       AND m.Nom_materia NOT LIKE '%Tutoría%'
                       ORDER BY m.Nom_materia
[2026-06-05 20:11:19] Materias encontradas: 10
[2026-06-05 20:11:19] Query talleres: SELECT ID_taller, nombre 
                           FROM talleres 
                           WHERE anio_taller = 'I' 
                           AND activo = 1
                           ORDER BY nombre
[2026-06-05 20:11:19] Talleres encontrados: 6
[2026-06-05 20:11:19] Total items a enviar: 16
[2026-06-05 20:11:24] === INICIO DE PETICIÓN ===
[2026-06-05 20:11:24] POST data: Array
(
    [action] => guardar_previa
    [alumno_id] => 51375236
    [tipo_item] => taller
    [tipo_previa] => 2
    [id_taller] => 6
)

[2026-06-05 20:11:24] Sesión activa - DNI: 98989898
[2026-06-05 20:11:24] Rol: Admin
[2026-06-05 20:11:25] Conexión a BD exitosa
[2026-06-05 20:11:25] Action: guardar_previa
[2026-06-05 20:11:25] === PROCESANDO guardar_previa ===
[2026-06-05 20:11:25] alumno_id: 51375236
[2026-06-05 20:11:25] id_materia: NULL
[2026-06-05 20:11:25] id_taller: 6
[2026-06-05 20:11:25] tipo_item: taller
[2026-06-05 20:11:25] tipo_previa: 2
[2026-06-05 20:11:25] Query check: SELECT ID_previas FROM previas WHERE DNI_U = '51375236' AND ID_taller = '6' AND ID_materia IS NULL
[2026-06-05 20:11:25] Query insert: INSERT INTO previas (DNI_U, ID_materia, ID_taller, Aprobado, ID_tp) 
                  VALUES ('51375236', NULL, '6', 0, '2')
[2026-06-05 20:11:25] Previa guardada correctamente - filas afectadas: 1
[2026-06-05 20:23:18] === INICIO DE PETICIÓN ===
[2026-06-05 20:23:18] POST data: Array
(
    [action] => get_alumnos
    [curso_id] => 10
)

[2026-06-05 20:23:18] Sesión activa - DNI: 98989898
[2026-06-05 20:23:18] Rol: Admin
[2026-06-05 20:23:18] Conexión a BD exitosa
[2026-06-05 20:23:18] Action: get_alumnos
[2026-06-05 20:23:18] === PROCESANDO get_alumnos ===
[2026-06-05 20:23:18] Curso ID: 10
[2026-06-05 20:23:18] Query alumnos: SELECT u.DNI_U, u.Nombre, u.Apellido
              FROM usuario u
              WHERE u.id_curso = '10'
              AND u.ID_rol = 3
              AND u.ID_Estado = 1
              ORDER BY u.Apellido, u.Nombre
[2026-06-05 20:23:18] Alumnos encontrados: 25
[2026-06-05 20:26:38] === INICIO DE PETICIÓN ===
[2026-06-05 20:26:38] POST data: Array
(
    [action] => get_alumnos
    [curso_id] => 10
)

[2026-06-05 20:26:38] Sesión activa - DNI: 98989898
[2026-06-05 20:26:38] Rol: Admin
[2026-06-05 20:26:38] Conexión a BD exitosa
[2026-06-05 20:26:38] Action: get_alumnos
[2026-06-05 20:26:38] === PROCESANDO get_alumnos ===
[2026-06-05 20:26:38] Curso ID: 10
[2026-06-05 20:26:38] Query alumnos: SELECT u.DNI_U, u.Nombre, u.Apellido
              FROM usuario u
              WHERE u.id_curso = '10'
              AND u.ID_rol = 3
              AND u.ID_Estado = 1
              ORDER BY u.Apellido, u.Nombre
[2026-06-05 20:26:38] Alumnos encontrados: 26
[2026-06-05 20:35:05] === INICIO DE PETICIÓN ===
[2026-06-05 20:35:05] POST data: Array
(
    [action] => get_alumnos
    [curso_id] => 10
)

[2026-06-05 20:35:05] Sesión activa - DNI: 98989898
[2026-06-05 20:35:05] Rol: Admin
[2026-06-05 20:35:05] Conexión a BD exitosa
[2026-06-05 20:35:05] Action: get_alumnos
[2026-06-05 20:35:05] === PROCESANDO get_alumnos ===
[2026-06-05 20:35:05] Curso ID: 10
[2026-06-05 20:35:05] Query alumnos: SELECT u.DNI_U, u.Nombre, u.Apellido
              FROM usuario u
              WHERE u.id_curso = '10'
              AND u.ID_rol = 3
              AND u.ID_Estado = 1
              ORDER BY u.Apellido, u.Nombre
[2026-06-05 20:35:05] Alumnos encontrados: 26
[2026-06-05 20:35:39] === INICIO DE PETICIÓN ===
[2026-06-05 20:35:39] POST data: Array
(
    [action] => get_materias_y_talleres_por_anio
    [anio] => 2
)

[2026-06-05 20:35:39] Sesión activa - DNI: 98989898
[2026-06-05 20:35:39] Rol: Admin
[2026-06-05 20:35:39] Conexión a BD exitosa
[2026-06-05 20:35:39] Action: get_materias_y_talleres_por_anio
[2026-06-05 20:35:39] === PROCESANDO get_materias_y_talleres_por_anio ===
[2026-06-05 20:35:39] Año: 2
[2026-06-05 20:35:39] Query materias: SELECT DISTINCT m.ID_materia, m.Nom_materia
                       FROM materia m
                       INNER JOIN curso c ON m.id_curso = c.ID_curso
                       WHERE c.curso = '2'
                       AND c.division = 'A'
                       AND m.Nom_materia NOT LIKE '%Taller%'
                       AND m.Nom_materia NOT LIKE '%Tutorias%'
                       AND m.Nom_materia NOT LIKE '%Tutoría%'
                       ORDER BY m.Nom_materia
[2026-06-05 20:35:39] Materias encontradas: 11
[2026-06-05 20:35:39] Query talleres: SELECT ID_taller, nombre 
                           FROM talleres 
                           WHERE anio_taller = 'II' 
                           AND activo = 1
                           ORDER BY nombre
[2026-06-05 20:35:39] Talleres encontrados: 6
[2026-06-05 20:35:39] Total items a enviar: 17
[2026-06-05 20:35:44] === INICIO DE PETICIÓN ===
[2026-06-05 20:35:44] POST data: Array
(
    [action] => guardar_previa
    [alumno_id] => 50817660
    [tipo_item] => materia
    [tipo_previa] => 2
    [id_materia] => 84
)

[2026-06-05 20:35:44] Sesión activa - DNI: 98989898
[2026-06-05 20:35:44] Rol: Admin
[2026-06-05 20:35:45] Conexión a BD exitosa
[2026-06-05 20:35:45] Action: guardar_previa
[2026-06-05 20:35:45] === PROCESANDO guardar_previa ===
[2026-06-05 20:35:45] alumno_id: 50817660
[2026-06-05 20:35:45] id_materia: 84
[2026-06-05 20:35:45] id_taller: NULL
[2026-06-05 20:35:45] tipo_item: materia
[2026-06-05 20:35:45] tipo_previa: 2
[2026-06-05 20:35:45] Query check: SELECT ID_previas FROM previas WHERE DNI_U = '50817660' AND ID_materia = '84' AND ID_taller IS NULL
[2026-06-05 20:35:45] Query insert: INSERT INTO previas (DNI_U, ID_materia, ID_taller, Aprobado, ID_tp) 
                  VALUES ('50817660', '84', NULL, 0, '2')
[2026-06-05 20:35:45] Previa guardada correctamente - filas afectadas: 1
[2026-06-05 20:35:51] === INICIO DE PETICIÓN ===
[2026-06-05 20:35:51] POST data: Array
(
    [action] => get_alumnos
    [curso_id] => 10
)

[2026-06-05 20:35:51] Sesión activa - DNI: 98989898
[2026-06-05 20:35:51] Rol: Admin
[2026-06-05 20:35:52] Conexión a BD exitosa
[2026-06-05 20:35:52] Action: get_alumnos
[2026-06-05 20:35:52] === PROCESANDO get_alumnos ===
[2026-06-05 20:35:52] Curso ID: 10
[2026-06-05 20:35:52] Query alumnos: SELECT u.DNI_U, u.Nombre, u.Apellido
              FROM usuario u
              WHERE u.id_curso = '10'
              AND u.ID_rol = 3
              AND u.ID_Estado = 1
              ORDER BY u.Apellido, u.Nombre
[2026-06-05 20:35:52] Alumnos encontrados: 26
[2026-06-05 20:35:56] === INICIO DE PETICIÓN ===
[2026-06-05 20:35:56] POST data: Array
(
    [action] => get_materias_y_talleres_por_anio
    [anio] => 2
)

[2026-06-05 20:35:56] Sesión activa - DNI: 98989898
[2026-06-05 20:35:56] Rol: Admin
[2026-06-05 20:35:56] Conexión a BD exitosa
[2026-06-05 20:35:56] Action: get_materias_y_talleres_por_anio
[2026-06-05 20:35:56] === PROCESANDO get_materias_y_talleres_por_anio ===
[2026-06-05 20:35:56] Año: 2
[2026-06-05 20:35:56] Query materias: SELECT DISTINCT m.ID_materia, m.Nom_materia
                       FROM materia m
                       INNER JOIN curso c ON m.id_curso = c.ID_curso
                       WHERE c.curso = '2'
                       AND c.division = 'A'
                       AND m.Nom_materia NOT LIKE '%Taller%'
                       AND m.Nom_materia NOT LIKE '%Tutorias%'
                       AND m.Nom_materia NOT LIKE '%Tutoría%'
                       ORDER BY m.Nom_materia
[2026-06-05 20:35:56] Materias encontradas: 11
[2026-06-05 20:35:56] Query talleres: SELECT ID_taller, nombre 
                           FROM talleres 
                           WHERE anio_taller = 'II' 
                           AND activo = 1
                           ORDER BY nombre
[2026-06-05 20:35:56] Talleres encontrados: 6
[2026-06-05 20:35:56] Total items a enviar: 17
[2026-06-05 20:36:01] === INICIO DE PETICIÓN ===
[2026-06-05 20:36:01] POST data: Array
(
    [action] => guardar_previa
    [alumno_id] => 50817660
    [tipo_item] => materia
    [tipo_previa] => 2
    [id_materia] => 82
)

[2026-06-05 20:36:01] Sesión activa - DNI: 98989898
[2026-06-05 20:36:01] Rol: Admin
[2026-06-05 20:36:01] Conexión a BD exitosa
[2026-06-05 20:36:01] Action: guardar_previa
[2026-06-05 20:36:01] === PROCESANDO guardar_previa ===
[2026-06-05 20:36:01] alumno_id: 50817660
[2026-06-05 20:36:01] id_materia: 82
[2026-06-05 20:36:01] id_taller: NULL
[2026-06-05 20:36:01] tipo_item: materia
[2026-06-05 20:36:01] tipo_previa: 2
[2026-06-05 20:36:01] Query check: SELECT ID_previas FROM previas WHERE DNI_U = '50817660' AND ID_materia = '82' AND ID_taller IS NULL
[2026-06-05 20:36:01] Query insert: INSERT INTO previas (DNI_U, ID_materia, ID_taller, Aprobado, ID_tp) 
                  VALUES ('50817660', '82', NULL, 0, '2')
[2026-06-05 20:36:01] Previa guardada correctamente - filas afectadas: 1
[2026-06-05 20:37:47] === INICIO DE PETICIÓN ===
[2026-06-05 20:37:47] POST data: Array
(
    [action] => get_alumnos
    [curso_id] => 10
)

[2026-06-05 20:37:47] Sesión activa - DNI: 98989898
[2026-06-05 20:37:47] Rol: Admin
[2026-06-05 20:37:47] Conexión a BD exitosa
[2026-06-05 20:37:47] Action: get_alumnos
[2026-06-05 20:37:47] === PROCESANDO get_alumnos ===
[2026-06-05 20:37:47] Curso ID: 10
[2026-06-05 20:37:47] Query alumnos: SELECT u.DNI_U, u.Nombre, u.Apellido
              FROM usuario u
              WHERE u.id_curso = '10'
              AND u.ID_rol = 3
              AND u.ID_Estado = 1
              ORDER BY u.Apellido, u.Nombre
[2026-06-05 20:37:47] Alumnos encontrados: 26
[2026-06-05 20:40:57] === INICIO DE PETICIÓN ===
[2026-06-05 20:40:57] POST data: Array
(
    [action] => get_alumnos
    [curso_id] => 10
)

[2026-06-05 20:40:57] Sesión activa - DNI: 98989898
[2026-06-05 20:40:57] Rol: Admin
[2026-06-05 20:40:57] Conexión a BD exitosa
[2026-06-05 20:40:57] Action: get_alumnos
[2026-06-05 20:40:57] === PROCESANDO get_alumnos ===
[2026-06-05 20:40:57] Curso ID: 10
[2026-06-05 20:40:57] Query alumnos: SELECT u.DNI_U, u.Nombre, u.Apellido
              FROM usuario u
              WHERE u.id_curso = '10'
              AND u.ID_rol = 3
              AND u.ID_Estado = 1
              ORDER BY u.Apellido, u.Nombre
[2026-06-05 20:40:57] Alumnos encontrados: 26
[2026-06-05 20:41:10] === INICIO DE PETICIÓN ===
[2026-06-05 20:41:10] POST data: Array
(
    [action] => get_materias_y_talleres_por_anio
    [anio] => 2
)

[2026-06-05 20:41:10] Sesión activa - DNI: 98989898
[2026-06-05 20:41:10] Rol: Admin
[2026-06-05 20:41:10] Conexión a BD exitosa
[2026-06-05 20:41:10] Action: get_materias_y_talleres_por_anio
[2026-06-05 20:41:10] === PROCESANDO get_materias_y_talleres_por_anio ===
[2026-06-05 20:41:10] Año: 2
[2026-06-05 20:41:10] Query materias: SELECT DISTINCT m.ID_materia, m.Nom_materia
                       FROM materia m
                       INNER JOIN curso c ON m.id_curso = c.ID_curso
                       WHERE c.curso = '2'
                       AND c.division = 'A'
                       AND m.Nom_materia NOT LIKE '%Taller%'
                       AND m.Nom_materia NOT LIKE '%Tutorias%'
                       AND m.Nom_materia NOT LIKE '%Tutoría%'
                       ORDER BY m.Nom_materia
[2026-06-05 20:41:10] Materias encontradas: 11
[2026-06-05 20:41:10] Query talleres: SELECT ID_taller, nombre 
                           FROM talleres 
                           WHERE anio_taller = 'II' 
                           AND activo = 1
                           ORDER BY nombre
[2026-06-05 20:41:10] Talleres encontrados: 6
[2026-06-05 20:41:10] Total items a enviar: 17
[2026-06-05 20:41:17] === INICIO DE PETICIÓN ===
[2026-06-05 20:41:17] POST data: Array
(
    [action] => guardar_previa
    [alumno_id] => 51305507
    [tipo_item] => taller
    [tipo_previa] => 2
    [id_taller] => 2
)

[2026-06-05 20:41:17] Sesión activa - DNI: 98989898
[2026-06-05 20:41:17] Rol: Admin
[2026-06-05 20:41:17] Conexión a BD exitosa
[2026-06-05 20:41:17] Action: guardar_previa
[2026-06-05 20:41:17] === PROCESANDO guardar_previa ===
[2026-06-05 20:41:17] alumno_id: 51305507
[2026-06-05 20:41:17] id_materia: NULL
[2026-06-05 20:41:17] id_taller: 2
[2026-06-05 20:41:17] tipo_item: taller
[2026-06-05 20:41:17] tipo_previa: 2
[2026-06-05 20:41:17] Query check: SELECT ID_previas FROM previas WHERE DNI_U = '51305507' AND ID_taller = '2' AND ID_materia IS NULL
[2026-06-05 20:41:17] Query insert: INSERT INTO previas (DNI_U, ID_materia, ID_taller, Aprobado, ID_tp) 
                  VALUES ('51305507', NULL, '2', 0, '2')
[2026-06-05 20:41:17] Previa guardada correctamente - filas afectadas: 1
[2026-06-05 20:42:25] === INICIO DE PETICIÓN ===
[2026-06-05 20:42:25] POST data: Array
(
    [action] => get_alumnos
    [curso_id] => 10
)

[2026-06-05 20:42:25] Sesión activa - DNI: 98989898
[2026-06-05 20:42:25] Rol: Admin
[2026-06-05 20:42:25] Conexión a BD exitosa
[2026-06-05 20:42:25] Action: get_alumnos
[2026-06-05 20:42:25] === PROCESANDO get_alumnos ===
[2026-06-05 20:42:25] Curso ID: 10
[2026-06-05 20:42:25] Query alumnos: SELECT u.DNI_U, u.Nombre, u.Apellido
              FROM usuario u
              WHERE u.id_curso = '10'
              AND u.ID_rol = 3
              AND u.ID_Estado = 1
              ORDER BY u.Apellido, u.Nombre
[2026-06-05 20:42:25] Alumnos encontrados: 26
[2026-06-05 20:42:29] === INICIO DE PETICIÓN ===
[2026-06-05 20:42:29] POST data: Array
(
    [action] => get_materias_y_talleres_por_anio
    [anio] => 2
)

[2026-06-05 20:42:29] Sesión activa - DNI: 98989898
[2026-06-05 20:42:29] Rol: Admin
[2026-06-05 20:42:29] Conexión a BD exitosa
[2026-06-05 20:42:29] Action: get_materias_y_talleres_por_anio
[2026-06-05 20:42:29] === PROCESANDO get_materias_y_talleres_por_anio ===
[2026-06-05 20:42:29] Año: 2
[2026-06-05 20:42:29] Query materias: SELECT DISTINCT m.ID_materia, m.Nom_materia
                       FROM materia m
                       INNER JOIN curso c ON m.id_curso = c.ID_curso
                       WHERE c.curso = '2'
                       AND c.division = 'A'
                       AND m.Nom_materia NOT LIKE '%Taller%'
                       AND m.Nom_materia NOT LIKE '%Tutorias%'
                       AND m.Nom_materia NOT LIKE '%Tutoría%'
                       ORDER BY m.Nom_materia
[2026-06-05 20:42:29] Materias encontradas: 11
[2026-06-05 20:42:29] Query talleres: SELECT ID_taller, nombre 
                           FROM talleres 
                           WHERE anio_taller = 'II' 
                           AND activo = 1
                           ORDER BY nombre
[2026-06-05 20:42:29] Talleres encontrados: 6
[2026-06-05 20:42:29] Total items a enviar: 17
[2026-06-05 20:42:33] === INICIO DE PETICIÓN ===
[2026-06-05 20:42:33] POST data: Array
(
    [action] => guardar_previa
    [alumno_id] => 50730060
    [tipo_item] => taller
    [tipo_previa] => 2
    [id_taller] => 9
)

[2026-06-05 20:42:33] Sesión activa - DNI: 98989898
[2026-06-05 20:42:33] Rol: Admin
[2026-06-05 20:42:33] Conexión a BD exitosa
[2026-06-05 20:42:33] Action: guardar_previa
[2026-06-05 20:42:33] === PROCESANDO guardar_previa ===
[2026-06-05 20:42:33] alumno_id: 50730060
[2026-06-05 20:42:33] id_materia: NULL
[2026-06-05 20:42:33] id_taller: 9
[2026-06-05 20:42:33] tipo_item: taller
[2026-06-05 20:42:33] tipo_previa: 2
[2026-06-05 20:42:33] Query check: SELECT ID_previas FROM previas WHERE DNI_U = '50730060' AND ID_taller = '9' AND ID_materia IS NULL
[2026-06-05 20:42:33] Query insert: INSERT INTO previas (DNI_U, ID_materia, ID_taller, Aprobado, ID_tp) 
                  VALUES ('50730060', NULL, '9', 0, '2')
[2026-06-05 20:42:33] Previa guardada correctamente - filas afectadas: 1
[2026-06-05 20:44:58] === INICIO DE PETICIÓN ===
[2026-06-05 20:44:58] POST data: Array
(
    [action] => get_alumnos
    [curso_id] => 12
)

[2026-06-05 20:44:58] Sesión activa - DNI: 98989898
[2026-06-05 20:44:58] Rol: Admin
[2026-06-05 20:44:58] Conexión a BD exitosa
[2026-06-05 20:44:58] Action: get_alumnos
[2026-06-05 20:44:58] === PROCESANDO get_alumnos ===
[2026-06-05 20:44:58] Curso ID: 12
[2026-06-05 20:44:58] Query alumnos: SELECT u.DNI_U, u.Nombre, u.Apellido
              FROM usuario u
              WHERE u.id_curso = '12'
              AND u.ID_rol = 3
              AND u.ID_Estado = 1
              ORDER BY u.Apellido, u.Nombre
[2026-06-05 20:44:58] Alumnos encontrados: 30
[2026-06-05 20:45:13] === INICIO DE PETICIÓN ===
[2026-06-05 20:45:13] POST data: Array
(
    [action] => get_alumnos
    [curso_id] => 11
)

[2026-06-05 20:45:13] Sesión activa - DNI: 98989898
[2026-06-05 20:45:13] Rol: Admin
[2026-06-05 20:45:13] Conexión a BD exitosa
[2026-06-05 20:45:13] Action: get_alumnos
[2026-06-05 20:45:13] === PROCESANDO get_alumnos ===
[2026-06-05 20:45:13] Curso ID: 11
[2026-06-05 20:45:13] Query alumnos: SELECT u.DNI_U, u.Nombre, u.Apellido
              FROM usuario u
              WHERE u.id_curso = '11'
              AND u.ID_rol = 3
              AND u.ID_Estado = 1
              ORDER BY u.Apellido, u.Nombre
[2026-06-05 20:45:13] Alumnos encontrados: 23
[2026-06-05 20:45:23] === INICIO DE PETICIÓN ===
[2026-06-05 20:45:23] POST data: Array
(
    [action] => get_materias_y_talleres_por_anio
    [anio] => 1
)

[2026-06-05 20:45:23] Sesión activa - DNI: 98989898
[2026-06-05 20:45:23] Rol: Admin
[2026-06-05 20:45:23] Conexión a BD exitosa
[2026-06-05 20:45:23] Action: get_materias_y_talleres_por_anio
[2026-06-05 20:45:23] === PROCESANDO get_materias_y_talleres_por_anio ===
[2026-06-05 20:45:23] Año: 1
[2026-06-05 20:45:23] Query materias: SELECT DISTINCT m.ID_materia, m.Nom_materia
                       FROM materia m
                       INNER JOIN curso c ON m.id_curso = c.ID_curso
                       WHERE c.curso = '1'
                       AND c.division = 'A'
                       AND m.Nom_materia NOT LIKE '%Taller%'
                       AND m.Nom_materia NOT LIKE '%Tutorias%'
                       AND m.Nom_materia NOT LIKE '%Tutoría%'
                       ORDER BY m.Nom_materia
[2026-06-05 20:45:23] Materias encontradas: 10
[2026-06-05 20:45:23] Query talleres: SELECT ID_taller, nombre 
                           FROM talleres 
                           WHERE anio_taller = 'I' 
                           AND activo = 1
                           ORDER BY nombre
[2026-06-05 20:45:23] Talleres encontrados: 6
[2026-06-05 20:45:23] Total items a enviar: 16
[2026-06-05 20:45:27] === INICIO DE PETICIÓN ===
[2026-06-05 20:45:27] POST data: Array
(
    [action] => guardar_previa
    [alumno_id] => 50942584
    [tipo_item] => materia
    [tipo_previa] => 2
    [id_materia] => 23
)

[2026-06-05 20:45:27] Sesión activa - DNI: 98989898
[2026-06-05 20:45:27] Rol: Admin
[2026-06-05 20:45:27] Conexión a BD exitosa
[2026-06-05 20:45:27] Action: guardar_previa
[2026-06-05 20:45:27] === PROCESANDO guardar_previa ===
[2026-06-05 20:45:27] alumno_id: 50942584
[2026-06-05 20:45:27] id_materia: 23
[2026-06-05 20:45:27] id_taller: NULL
[2026-06-05 20:45:27] tipo_item: materia
[2026-06-05 20:45:27] tipo_previa: 2
[2026-06-05 20:45:27] Query check: SELECT ID_previas FROM previas WHERE DNI_U = '50942584' AND ID_materia = '23' AND ID_taller IS NULL
[2026-06-05 20:45:27] Query insert: INSERT INTO previas (DNI_U, ID_materia, ID_taller, Aprobado, ID_tp) 
                  VALUES ('50942584', '23', NULL, 0, '2')
[2026-06-05 20:45:27] Previa guardada correctamente - filas afectadas: 1
[2026-06-05 20:45:30] === INICIO DE PETICIÓN ===
[2026-06-05 20:45:30] POST data: Array
(
    [action] => get_alumnos
    [curso_id] => 11
)

[2026-06-05 20:45:30] Sesión activa - DNI: 98989898
[2026-06-05 20:45:30] Rol: Admin
[2026-06-05 20:45:30] Conexión a BD exitosa
[2026-06-05 20:45:30] Action: get_alumnos
[2026-06-05 20:45:30] === PROCESANDO get_alumnos ===
[2026-06-05 20:45:30] Curso ID: 11
[2026-06-05 20:45:30] Query alumnos: SELECT u.DNI_U, u.Nombre, u.Apellido
              FROM usuario u
              WHERE u.id_curso = '11'
              AND u.ID_rol = 3
              AND u.ID_Estado = 1
              ORDER BY u.Apellido, u.Nombre
[2026-06-05 20:45:30] Alumnos encontrados: 23
[2026-06-05 20:45:39] === INICIO DE PETICIÓN ===
[2026-06-05 20:45:39] POST data: Array
(
    [action] => get_materias_y_talleres_por_anio
    [anio] => 2
)

[2026-06-05 20:45:39] Sesión activa - DNI: 98989898
[2026-06-05 20:45:39] Rol: Admin
[2026-06-05 20:45:40] Conexión a BD exitosa
[2026-06-05 20:45:40] Action: get_materias_y_talleres_por_anio
[2026-06-05 20:45:40] === PROCESANDO get_materias_y_talleres_por_anio ===
[2026-06-05 20:45:40] Año: 2
[2026-06-05 20:45:40] Query materias: SELECT DISTINCT m.ID_materia, m.Nom_materia
                       FROM materia m
                       INNER JOIN curso c ON m.id_curso = c.ID_curso
                       WHERE c.curso = '2'
                       AND c.division = 'A'
                       AND m.Nom_materia NOT LIKE '%Taller%'
                       AND m.Nom_materia NOT LIKE '%Tutorias%'
                       AND m.Nom_materia NOT LIKE '%Tutoría%'
                       ORDER BY m.Nom_materia
[2026-06-05 20:45:40] Materias encontradas: 11
[2026-06-05 20:45:40] Query talleres: SELECT ID_taller, nombre 
                           FROM talleres 
                           WHERE anio_taller = 'II' 
                           AND activo = 1
                           ORDER BY nombre
[2026-06-05 20:45:40] Talleres encontrados: 6
[2026-06-05 20:45:40] Total items a enviar: 17
[2026-06-05 20:45:45] === INICIO DE PETICIÓN ===
[2026-06-05 20:45:45] POST data: Array
(
    [action] => guardar_previa
    [alumno_id] => 50942584
    [tipo_item] => materia
    [tipo_previa] => 2
    [id_materia] => 82
)

[2026-06-05 20:45:45] Sesión activa - DNI: 98989898
[2026-06-05 20:45:45] Rol: Admin
[2026-06-05 20:45:45] Conexión a BD exitosa
[2026-06-05 20:45:45] Action: guardar_previa
[2026-06-05 20:45:45] === PROCESANDO guardar_previa ===
[2026-06-05 20:45:45] alumno_id: 50942584
[2026-06-05 20:45:45] id_materia: 82
[2026-06-05 20:45:45] id_taller: NULL
[2026-06-05 20:45:45] tipo_item: materia
[2026-06-05 20:45:45] tipo_previa: 2
[2026-06-05 20:45:45] Query check: SELECT ID_previas FROM previas WHERE DNI_U = '50942584' AND ID_materia = '82' AND ID_taller IS NULL
[2026-06-05 20:45:45] Query insert: INSERT INTO previas (DNI_U, ID_materia, ID_taller, Aprobado, ID_tp) 
                  VALUES ('50942584', '82', NULL, 0, '2')
[2026-06-05 20:45:45] Previa guardada correctamente - filas afectadas: 1
[2026-06-05 20:46:04] === INICIO DE PETICIÓN ===
[2026-06-05 20:46:04] POST data: Array
(
    [action] => get_alumnos
    [curso_id] => 11
)

[2026-06-05 20:46:04] Sesión activa - DNI: 98989898
[2026-06-05 20:46:04] Rol: Admin
[2026-06-05 20:46:04] Conexión a BD exitosa
[2026-06-05 20:46:04] Action: get_alumnos
[2026-06-05 20:46:04] === PROCESANDO get_alumnos ===
[2026-06-05 20:46:04] Curso ID: 11
[2026-06-05 20:46:04] Query alumnos: SELECT u.DNI_U, u.Nombre, u.Apellido
              FROM usuario u
              WHERE u.id_curso = '11'
              AND u.ID_rol = 3
              AND u.ID_Estado = 1
              ORDER BY u.Apellido, u.Nombre
[2026-06-05 20:46:04] Alumnos encontrados: 23
[2026-06-05 20:46:10] === INICIO DE PETICIÓN ===
[2026-06-05 20:46:10] POST data: Array
(
    [action] => get_materias_y_talleres_por_anio
    [anio] => 2
)

[2026-06-05 20:46:10] Sesión activa - DNI: 98989898
[2026-06-05 20:46:10] Rol: Admin
[2026-06-05 20:46:10] Conexión a BD exitosa
[2026-06-05 20:46:10] Action: get_materias_y_talleres_por_anio
[2026-06-05 20:46:10] === PROCESANDO get_materias_y_talleres_por_anio ===
[2026-06-05 20:46:10] Año: 2
[2026-06-05 20:46:10] Query materias: SELECT DISTINCT m.ID_materia, m.Nom_materia
                       FROM materia m
                       INNER JOIN curso c ON m.id_curso = c.ID_curso
                       WHERE c.curso = '2'
                       AND c.division = 'A'
                       AND m.Nom_materia NOT LIKE '%Taller%'
                       AND m.Nom_materia NOT LIKE '%Tutorias%'
                       AND m.Nom_materia NOT LIKE '%Tutoría%'
                       ORDER BY m.Nom_materia
[2026-06-05 20:46:10] Materias encontradas: 11
[2026-06-05 20:46:10] Query talleres: SELECT ID_taller, nombre 
                           FROM talleres 
                           WHERE anio_taller = 'II' 
                           AND activo = 1
                           ORDER BY nombre
[2026-06-05 20:46:10] Talleres encontrados: 6
[2026-06-05 20:46:10] Total items a enviar: 17
[2026-06-05 20:46:14] === INICIO DE PETICIÓN ===
[2026-06-05 20:46:14] POST data: Array
(
    [action] => guardar_previa
    [alumno_id] => 49871637
    [tipo_item] => taller
    [tipo_previa] => 2
    [id_taller] => 2
)

[2026-06-05 20:46:14] Sesión activa - DNI: 98989898
[2026-06-05 20:46:14] Rol: Admin
[2026-06-05 20:46:14] Conexión a BD exitosa
[2026-06-05 20:46:14] Action: guardar_previa
[2026-06-05 20:46:14] === PROCESANDO guardar_previa ===
[2026-06-05 20:46:14] alumno_id: 49871637
[2026-06-05 20:46:14] id_materia: NULL
[2026-06-05 20:46:14] id_taller: 2
[2026-06-05 20:46:14] tipo_item: taller
[2026-06-05 20:46:14] tipo_previa: 2
[2026-06-05 20:46:14] Query check: SELECT ID_previas FROM previas WHERE DNI_U = '49871637' AND ID_taller = '2' AND ID_materia IS NULL
[2026-06-05 20:46:14] Query insert: INSERT INTO previas (DNI_U, ID_materia, ID_taller, Aprobado, ID_tp) 
                  VALUES ('49871637', NULL, '2', 0, '2')
[2026-06-05 20:46:14] Previa guardada correctamente - filas afectadas: 1
[2026-06-05 20:46:41] === INICIO DE PETICIÓN ===
[2026-06-05 20:46:41] POST data: Array
(
    [action] => get_alumnos
    [curso_id] => 11
)

[2026-06-05 20:46:41] Sesión activa - DNI: 98989898
[2026-06-05 20:46:41] Rol: Admin
[2026-06-05 20:46:41] Conexión a BD exitosa
[2026-06-05 20:46:41] Action: get_alumnos
[2026-06-05 20:46:41] === PROCESANDO get_alumnos ===
[2026-06-05 20:46:41] Curso ID: 11
[2026-06-05 20:46:41] Query alumnos: SELECT u.DNI_U, u.Nombre, u.Apellido
              FROM usuario u
              WHERE u.id_curso = '11'
              AND u.ID_rol = 3
              AND u.ID_Estado = 1
              ORDER BY u.Apellido, u.Nombre
[2026-06-05 20:46:41] Alumnos encontrados: 23
[2026-06-05 20:46:48] === INICIO DE PETICIÓN ===
[2026-06-05 20:46:48] POST data: Array
(
    [action] => get_materias_y_talleres_por_anio
    [anio] => 2
)

[2026-06-05 20:46:48] Sesión activa - DNI: 98989898
[2026-06-05 20:46:48] Rol: Admin
[2026-06-05 20:46:48] Conexión a BD exitosa
[2026-06-05 20:46:48] Action: get_materias_y_talleres_por_anio
[2026-06-05 20:46:48] === PROCESANDO get_materias_y_talleres_por_anio ===
[2026-06-05 20:46:48] Año: 2
[2026-06-05 20:46:48] Query materias: SELECT DISTINCT m.ID_materia, m.Nom_materia
                       FROM materia m
                       INNER JOIN curso c ON m.id_curso = c.ID_curso
                       WHERE c.curso = '2'
                       AND c.division = 'A'
                       AND m.Nom_materia NOT LIKE '%Taller%'
                       AND m.Nom_materia NOT LIKE '%Tutorias%'
                       AND m.Nom_materia NOT LIKE '%Tutoría%'
                       ORDER BY m.Nom_materia
[2026-06-05 20:46:48] Materias encontradas: 11
[2026-06-05 20:46:48] Query talleres: SELECT ID_taller, nombre 
                           FROM talleres 
                           WHERE anio_taller = 'II' 
                           AND activo = 1
                           ORDER BY nombre
[2026-06-05 20:46:48] Talleres encontrados: 6
[2026-06-05 20:46:48] Total items a enviar: 17
[2026-06-05 20:46:53] === INICIO DE PETICIÓN ===
[2026-06-05 20:46:53] POST data: Array
(
    [action] => guardar_previa
    [alumno_id] => 49941752
    [tipo_item] => materia
    [tipo_previa] => 2
    [id_materia] => 90
)

[2026-06-05 20:46:53] Sesión activa - DNI: 98989898
[2026-06-05 20:46:53] Rol: Admin
[2026-06-05 20:46:53] Conexión a BD exitosa
[2026-06-05 20:46:53] Action: guardar_previa
[2026-06-05 20:46:53] === PROCESANDO guardar_previa ===
[2026-06-05 20:46:53] alumno_id: 49941752
[2026-06-05 20:46:53] id_materia: 90
[2026-06-05 20:46:53] id_taller: NULL
[2026-06-05 20:46:53] tipo_item: materia
[2026-06-05 20:46:53] tipo_previa: 2
[2026-06-05 20:46:53] Query check: SELECT ID_previas FROM previas WHERE DNI_U = '49941752' AND ID_materia = '90' AND ID_taller IS NULL
[2026-06-05 20:46:53] Query insert: INSERT INTO previas (DNI_U, ID_materia, ID_taller, Aprobado, ID_tp) 
                  VALUES ('49941752', '90', NULL, 0, '2')
[2026-06-05 20:46:53] Previa guardada correctamente - filas afectadas: 1
[2026-06-05 20:49:31] === INICIO DE PETICIÓN ===
[2026-06-05 20:49:31] POST data: Array
(
    [action] => get_alumnos
    [curso_id] => 11
)

[2026-06-05 20:49:31] Sesión activa - DNI: 98989898
[2026-06-05 20:49:31] Rol: Admin
[2026-06-05 20:49:31] Conexión a BD exitosa
[2026-06-05 20:49:31] Action: get_alumnos
[2026-06-05 20:49:31] === PROCESANDO get_alumnos ===
[2026-06-05 20:49:31] Curso ID: 11
[2026-06-05 20:49:31] Query alumnos: SELECT u.DNI_U, u.Nombre, u.Apellido
              FROM usuario u
              WHERE u.id_curso = '11'
              AND u.ID_rol = 3
              AND u.ID_Estado = 1
              ORDER BY u.Apellido, u.Nombre
[2026-06-05 20:49:31] Alumnos encontrados: 23
[2026-06-05 20:49:52] === INICIO DE PETICIÓN ===
[2026-06-05 20:49:52] POST data: Array
(
    [action] => get_materias_y_talleres_por_anio
    [anio] => 2
)

[2026-06-05 20:49:52] Sesión activa - DNI: 98989898
[2026-06-05 20:49:52] Rol: Admin
[2026-06-05 20:49:52] Conexión a BD exitosa
[2026-06-05 20:49:52] Action: get_materias_y_talleres_por_anio
[2026-06-05 20:49:52] === PROCESANDO get_materias_y_talleres_por_anio ===
[2026-06-05 20:49:52] Año: 2
[2026-06-05 20:49:52] Query materias: SELECT DISTINCT m.ID_materia, m.Nom_materia
                       FROM materia m
                       INNER JOIN curso c ON m.id_curso = c.ID_curso
                       WHERE c.curso = '2'
                       AND c.division = 'A'
                       AND m.Nom_materia NOT LIKE '%Taller%'
                       AND m.Nom_materia NOT LIKE '%Tutorias%'
                       AND m.Nom_materia NOT LIKE '%Tutoría%'
                       ORDER BY m.Nom_materia
[2026-06-05 20:49:52] Materias encontradas: 11
[2026-06-05 20:49:52] Query talleres: SELECT ID_taller, nombre 
                           FROM talleres 
                           WHERE anio_taller = 'II' 
                           AND activo = 1
                           ORDER BY nombre
[2026-06-05 20:49:52] Talleres encontrados: 6
[2026-06-05 20:49:52] Total items a enviar: 17
[2026-06-05 20:49:56] === INICIO DE PETICIÓN ===
[2026-06-05 20:49:56] POST data: Array
(
    [action] => guardar_previa
    [alumno_id] => 49993324
    [tipo_item] => materia
    [tipo_previa] => 2
    [id_materia] => 85
)

[2026-06-05 20:49:56] Sesión activa - DNI: 98989898
[2026-06-05 20:49:56] Rol: Admin
[2026-06-05 20:49:56] Conexión a BD exitosa
[2026-06-05 20:49:56] Action: guardar_previa
[2026-06-05 20:49:56] === PROCESANDO guardar_previa ===
[2026-06-05 20:49:56] alumno_id: 49993324
[2026-06-05 20:49:56] id_materia: 85
[2026-06-05 20:49:56] id_taller: NULL
[2026-06-05 20:49:56] tipo_item: materia
[2026-06-05 20:49:56] tipo_previa: 2
[2026-06-05 20:49:56] Query check: SELECT ID_previas FROM previas WHERE DNI_U = '49993324' AND ID_materia = '85' AND ID_taller IS NULL
[2026-06-05 20:49:56] Query insert: INSERT INTO previas (DNI_U, ID_materia, ID_taller, Aprobado, ID_tp) 
                  VALUES ('49993324', '85', NULL, 0, '2')
[2026-06-05 20:49:56] Previa guardada correctamente - filas afectadas: 1
[2026-06-05 20:49:59] === INICIO DE PETICIÓN ===
[2026-06-05 20:49:59] POST data: Array
(
    [action] => get_alumnos
    [curso_id] => 11
)

[2026-06-05 20:49:59] Sesión activa - DNI: 98989898
[2026-06-05 20:49:59] Rol: Admin
[2026-06-05 20:50:00] Conexión a BD exitosa
[2026-06-05 20:50:00] Action: get_alumnos
[2026-06-05 20:50:00] === PROCESANDO get_alumnos ===
[2026-06-05 20:50:00] Curso ID: 11
[2026-06-05 20:50:00] Query alumnos: SELECT u.DNI_U, u.Nombre, u.Apellido
              FROM usuario u
              WHERE u.id_curso = '11'
              AND u.ID_rol = 3
              AND u.ID_Estado = 1
              ORDER BY u.Apellido, u.Nombre
[2026-06-05 20:50:00] Alumnos encontrados: 23
[2026-06-05 20:50:05] === INICIO DE PETICIÓN ===
[2026-06-05 20:50:05] POST data: Array
(
    [action] => get_materias_y_talleres_por_anio
    [anio] => 2
)

[2026-06-05 20:50:05] Sesión activa - DNI: 98989898
[2026-06-05 20:50:05] Rol: Admin
[2026-06-05 20:50:05] Conexión a BD exitosa
[2026-06-05 20:50:05] Action: get_materias_y_talleres_por_anio
[2026-06-05 20:50:05] === PROCESANDO get_materias_y_talleres_por_anio ===
[2026-06-05 20:50:05] Año: 2
[2026-06-05 20:50:05] Query materias: SELECT DISTINCT m.ID_materia, m.Nom_materia
                       FROM materia m
                       INNER JOIN curso c ON m.id_curso = c.ID_curso
                       WHERE c.curso = '2'
                       AND c.division = 'A'
                       AND m.Nom_materia NOT LIKE '%Taller%'
                       AND m.Nom_materia NOT LIKE '%Tutorias%'
                       AND m.Nom_materia NOT LIKE '%Tutoría%'
                       ORDER BY m.Nom_materia
[2026-06-05 20:50:05] Materias encontradas: 11
[2026-06-05 20:50:05] Query talleres: SELECT ID_taller, nombre 
                           FROM talleres 
                           WHERE anio_taller = 'II' 
                           AND activo = 1
                           ORDER BY nombre
[2026-06-05 20:50:05] Talleres encontrados: 6
[2026-06-05 20:50:05] Total items a enviar: 17
[2026-06-05 20:50:09] === INICIO DE PETICIÓN ===
[2026-06-05 20:50:09] POST data: Array
(
    [action] => guardar_previa
    [alumno_id] => 49993324
    [tipo_item] => materia
    [tipo_previa] => 2
    [id_materia] => 88
)

[2026-06-05 20:50:09] Sesión activa - DNI: 98989898
[2026-06-05 20:50:09] Rol: Admin
[2026-06-05 20:50:09] Conexión a BD exitosa
[2026-06-05 20:50:09] Action: guardar_previa
[2026-06-05 20:50:09] === PROCESANDO guardar_previa ===
[2026-06-05 20:50:09] alumno_id: 49993324
[2026-06-05 20:50:09] id_materia: 88
[2026-06-05 20:50:09] id_taller: NULL
[2026-06-05 20:50:09] tipo_item: materia
[2026-06-05 20:50:09] tipo_previa: 2
[2026-06-05 20:50:09] Query check: SELECT ID_previas FROM previas WHERE DNI_U = '49993324' AND ID_materia = '88' AND ID_taller IS NULL
[2026-06-05 20:50:09] Query insert: INSERT INTO previas (DNI_U, ID_materia, ID_taller, Aprobado, ID_tp) 
                  VALUES ('49993324', '88', NULL, 0, '2')
[2026-06-05 20:50:09] Previa guardada correctamente - filas afectadas: 1
[2026-06-05 20:50:16] === INICIO DE PETICIÓN ===
[2026-06-05 20:50:16] POST data: Array
(
    [action] => get_alumnos
    [curso_id] => 11
)

[2026-06-05 20:50:16] Sesión activa - DNI: 98989898
[2026-06-05 20:50:16] Rol: Admin
[2026-06-05 20:50:16] Conexión a BD exitosa
[2026-06-05 20:50:16] Action: get_alumnos
[2026-06-05 20:50:16] === PROCESANDO get_alumnos ===
[2026-06-05 20:50:16] Curso ID: 11
[2026-06-05 20:50:16] Query alumnos: SELECT u.DNI_U, u.Nombre, u.Apellido
              FROM usuario u
              WHERE u.id_curso = '11'
              AND u.ID_rol = 3
              AND u.ID_Estado = 1
              ORDER BY u.Apellido, u.Nombre
[2026-06-05 20:50:16] Alumnos encontrados: 23
[2026-06-05 20:50:19] === INICIO DE PETICIÓN ===
[2026-06-05 20:50:19] POST data: Array
(
    [action] => get_materias_y_talleres_por_anio
    [anio] => 2
)

[2026-06-05 20:50:19] Sesión activa - DNI: 98989898
[2026-06-05 20:50:19] Rol: Admin
[2026-06-05 20:50:19] Conexión a BD exitosa
[2026-06-05 20:50:19] Action: get_materias_y_talleres_por_anio
[2026-06-05 20:50:19] === PROCESANDO get_materias_y_talleres_por_anio ===
[2026-06-05 20:50:19] Año: 2
[2026-06-05 20:50:19] Query materias: SELECT DISTINCT m.ID_materia, m.Nom_materia
                       FROM materia m
                       INNER JOIN curso c ON m.id_curso = c.ID_curso
                       WHERE c.curso = '2'
                       AND c.division = 'A'
                       AND m.Nom_materia NOT LIKE '%Taller%'
                       AND m.Nom_materia NOT LIKE '%Tutorias%'
                       AND m.Nom_materia NOT LIKE '%Tutoría%'
                       ORDER BY m.Nom_materia
[2026-06-05 20:50:19] Materias encontradas: 11
[2026-06-05 20:50:19] Query talleres: SELECT ID_taller, nombre 
                           FROM talleres 
                           WHERE anio_taller = 'II' 
                           AND activo = 1
                           ORDER BY nombre
[2026-06-05 20:50:19] Talleres encontrados: 6
[2026-06-05 20:50:19] Total items a enviar: 17
[2026-06-05 20:50:25] === INICIO DE PETICIÓN ===
[2026-06-05 20:50:25] POST data: Array
(
    [action] => guardar_previa
    [alumno_id] => 49993324
    [tipo_item] => taller
    [tipo_previa] => 2
    [id_taller] => 12
)

[2026-06-05 20:50:25] Sesión activa - DNI: 98989898
[2026-06-05 20:50:25] Rol: Admin
[2026-06-05 20:50:25] Conexión a BD exitosa
[2026-06-05 20:50:25] Action: guardar_previa
[2026-06-05 20:50:25] === PROCESANDO guardar_previa ===
[2026-06-05 20:50:25] alumno_id: 49993324
[2026-06-05 20:50:25] id_materia: NULL
[2026-06-05 20:50:25] id_taller: 12
[2026-06-05 20:50:25] tipo_item: taller
[2026-06-05 20:50:25] tipo_previa: 2
[2026-06-05 20:50:25] Query check: SELECT ID_previas FROM previas WHERE DNI_U = '49993324' AND ID_taller = '12' AND ID_materia IS NULL
[2026-06-05 20:50:25] Query insert: INSERT INTO previas (DNI_U, ID_materia, ID_taller, Aprobado, ID_tp) 
                  VALUES ('49993324', NULL, '12', 0, '2')
[2026-06-05 20:50:25] Previa guardada correctamente - filas afectadas: 1
[2026-06-05 20:50:38] === INICIO DE PETICIÓN ===
[2026-06-05 20:50:38] POST data: Array
(
    [action] => editar_previa
    [previa_id] => 758
    [tipo_previa] => 2
    [aprobado] => 1
)

[2026-06-05 20:50:38] Sesión activa - DNI: 98989898
[2026-06-05 20:50:38] Rol: Admin
[2026-06-05 20:50:38] Conexión a BD exitosa
[2026-06-05 20:50:38] Action: editar_previa
[2026-06-05 20:50:38] === editar_previa ===
[2026-06-05 20:50:38] previa_id: 758, tipo_previa: 2, aprobado: 1
[2026-06-05 20:50:38] Query: UPDATE previas SET ID_tp = '2', Aprobado = '1' WHERE ID_previas = '758'
[2026-06-05 20:53:32] === INICIO DE PETICIÓN ===
[2026-06-05 20:53:32] POST data: Array
(
    [action] => get_alumnos
    [curso_id] => 11
)

[2026-06-05 20:53:32] Sesión activa - DNI: 98989898
[2026-06-05 20:53:32] Rol: Admin
[2026-06-05 20:53:32] Conexión a BD exitosa
[2026-06-05 20:53:32] Action: get_alumnos
[2026-06-05 20:53:32] === PROCESANDO get_alumnos ===
[2026-06-05 20:53:32] Curso ID: 11
[2026-06-05 20:53:32] Query alumnos: SELECT u.DNI_U, u.Nombre, u.Apellido
              FROM usuario u
              WHERE u.id_curso = '11'
              AND u.ID_rol = 3
              AND u.ID_Estado = 1
              ORDER BY u.Apellido, u.Nombre
[2026-06-05 20:53:32] Alumnos encontrados: 24
[2026-06-05 20:53:35] === INICIO DE PETICIÓN ===
[2026-06-05 20:53:35] POST data: Array
(
    [action] => get_materias_y_talleres_por_anio
    [anio] => 1
)

[2026-06-05 20:53:35] Sesión activa - DNI: 98989898
[2026-06-05 20:53:35] Rol: Admin
[2026-06-05 20:53:35] Conexión a BD exitosa
[2026-06-05 20:53:35] Action: get_materias_y_talleres_por_anio
[2026-06-05 20:53:35] === PROCESANDO get_materias_y_talleres_por_anio ===
[2026-06-05 20:53:35] Año: 1
[2026-06-05 20:53:35] Query materias: SELECT DISTINCT m.ID_materia, m.Nom_materia
                       FROM materia m
                       INNER JOIN curso c ON m.id_curso = c.ID_curso
                       WHERE c.curso = '1'
                       AND c.division = 'A'
                       AND m.Nom_materia NOT LIKE '%Taller%'
                       AND m.Nom_materia NOT LIKE '%Tutorias%'
                       AND m.Nom_materia NOT LIKE '%Tutoría%'
                       ORDER BY m.Nom_materia
[2026-06-05 20:53:35] Materias encontradas: 10
[2026-06-05 20:53:35] Query talleres: SELECT ID_taller, nombre 
                           FROM talleres 
                           WHERE anio_taller = 'I' 
                           AND activo = 1
                           ORDER BY nombre
[2026-06-05 20:53:35] Talleres encontrados: 6
[2026-06-05 20:53:35] Total items a enviar: 16
[2026-06-05 20:53:42] === INICIO DE PETICIÓN ===
[2026-06-05 20:53:42] POST data: Array
(
    [action] => guardar_previa
    [alumno_id] => 49476301
    [tipo_item] => taller
    [tipo_previa] => 1
    [id_taller] => 4
)

[2026-06-05 20:53:42] Sesión activa - DNI: 98989898
[2026-06-05 20:53:42] Rol: Admin
[2026-06-05 20:53:42] Conexión a BD exitosa
[2026-06-05 20:53:42] Action: guardar_previa
[2026-06-05 20:53:42] === PROCESANDO guardar_previa ===
[2026-06-05 20:53:42] alumno_id: 49476301
[2026-06-05 20:53:42] id_materia: NULL
[2026-06-05 20:53:42] id_taller: 4
[2026-06-05 20:53:42] tipo_item: taller
[2026-06-05 20:53:42] tipo_previa: 1
[2026-06-05 20:53:42] Query check: SELECT ID_previas FROM previas WHERE DNI_U = '49476301' AND ID_taller = '4' AND ID_materia IS NULL
[2026-06-05 20:53:42] Query insert: INSERT INTO previas (DNI_U, ID_materia, ID_taller, Aprobado, ID_tp) 
                  VALUES ('49476301', NULL, '4', 0, '1')
[2026-06-05 20:53:42] Previa guardada correctamente - filas afectadas: 1
[2026-06-05 20:53:57] === INICIO DE PETICIÓN ===
[2026-06-05 20:53:57] POST data: Array
(
    [action] => get_alumnos
    [curso_id] => 11
)

[2026-06-05 20:53:57] Sesión activa - DNI: 98989898
[2026-06-05 20:53:57] Rol: Admin
[2026-06-05 20:53:57] Conexión a BD exitosa
[2026-06-05 20:53:57] Action: get_alumnos
[2026-06-05 20:53:57] === PROCESANDO get_alumnos ===
[2026-06-05 20:53:57] Curso ID: 11
[2026-06-05 20:53:57] Query alumnos: SELECT u.DNI_U, u.Nombre, u.Apellido
              FROM usuario u
              WHERE u.id_curso = '11'
              AND u.ID_rol = 3
              AND u.ID_Estado = 1
              ORDER BY u.Apellido, u.Nombre
[2026-06-05 20:53:57] Alumnos encontrados: 24
[2026-06-05 20:54:03] === INICIO DE PETICIÓN ===
[2026-06-05 20:54:03] POST data: Array
(
    [action] => get_materias_y_talleres_por_anio
    [anio] => 2
)

[2026-06-05 20:54:03] Sesión activa - DNI: 98989898
[2026-06-05 20:54:03] Rol: Admin
[2026-06-05 20:54:03] Conexión a BD exitosa
[2026-06-05 20:54:03] Action: get_materias_y_talleres_por_anio
[2026-06-05 20:54:03] === PROCESANDO get_materias_y_talleres_por_anio ===
[2026-06-05 20:54:03] Año: 2
[2026-06-05 20:54:03] Query materias: SELECT DISTINCT m.ID_materia, m.Nom_materia
                       FROM materia m
                       INNER JOIN curso c ON m.id_curso = c.ID_curso
                       WHERE c.curso = '2'
                       AND c.division = 'A'
                       AND m.Nom_materia NOT LIKE '%Taller%'
                       AND m.Nom_materia NOT LIKE '%Tutorias%'
                       AND m.Nom_materia NOT LIKE '%Tutoría%'
                       ORDER BY m.Nom_materia
[2026-06-05 20:54:03] Materias encontradas: 11
[2026-06-05 20:54:03] Query talleres: SELECT ID_taller, nombre 
                           FROM talleres 
                           WHERE anio_taller = 'II' 
                           AND activo = 1
                           ORDER BY nombre
[2026-06-05 20:54:03] Talleres encontrados: 6
[2026-06-05 20:54:03] Total items a enviar: 17
[2026-06-05 20:54:08] === INICIO DE PETICIÓN ===
[2026-06-05 20:54:08] POST data: Array
(
    [action] => guardar_previa
    [alumno_id] => 49476301
    [tipo_item] => taller
    [tipo_previa] => 1
    [id_taller] => 5
)

[2026-06-05 20:54:08] Sesión activa - DNI: 98989898
[2026-06-05 20:54:08] Rol: Admin
[2026-06-05 20:54:08] Conexión a BD exitosa
[2026-06-05 20:54:08] Action: guardar_previa
[2026-06-05 20:54:08] === PROCESANDO guardar_previa ===
[2026-06-05 20:54:08] alumno_id: 49476301
[2026-06-05 20:54:08] id_materia: NULL
[2026-06-05 20:54:08] id_taller: 5
[2026-06-05 20:54:08] tipo_item: taller
[2026-06-05 20:54:08] tipo_previa: 1
[2026-06-05 20:54:08] Query check: SELECT ID_previas FROM previas WHERE DNI_U = '49476301' AND ID_taller = '5' AND ID_materia IS NULL
[2026-06-05 20:54:08] Query insert: INSERT INTO previas (DNI_U, ID_materia, ID_taller, Aprobado, ID_tp) 
                  VALUES ('49476301', NULL, '5', 0, '1')
[2026-06-05 20:54:08] Previa guardada correctamente - filas afectadas: 1
[2026-06-05 20:54:10] === INICIO DE PETICIÓN ===
[2026-06-05 20:54:10] POST data: Array
(
    [action] => get_alumnos
    [curso_id] => 11
)

[2026-06-05 20:54:10] Sesión activa - DNI: 98989898
[2026-06-05 20:54:10] Rol: Admin
[2026-06-05 20:54:10] Conexión a BD exitosa
[2026-06-05 20:54:10] Action: get_alumnos
[2026-06-05 20:54:10] === PROCESANDO get_alumnos ===
[2026-06-05 20:54:10] Curso ID: 11
[2026-06-05 20:54:10] Query alumnos: SELECT u.DNI_U, u.Nombre, u.Apellido
              FROM usuario u
              WHERE u.id_curso = '11'
              AND u.ID_rol = 3
              AND u.ID_Estado = 1
              ORDER BY u.Apellido, u.Nombre
[2026-06-05 20:54:10] Alumnos encontrados: 24
[2026-06-05 20:54:15] === INICIO DE PETICIÓN ===
[2026-06-05 20:54:15] POST data: Array
(
    [action] => get_materias_y_talleres_por_anio
    [anio] => 1
)

[2026-06-05 20:54:15] Sesión activa - DNI: 98989898
[2026-06-05 20:54:15] Rol: Admin
[2026-06-05 20:54:15] Conexión a BD exitosa
[2026-06-05 20:54:15] Action: get_materias_y_talleres_por_anio
[2026-06-05 20:54:15] === PROCESANDO get_materias_y_talleres_por_anio ===
[2026-06-05 20:54:15] Año: 1
[2026-06-05 20:54:15] Query materias: SELECT DISTINCT m.ID_materia, m.Nom_materia
                       FROM materia m
                       INNER JOIN curso c ON m.id_curso = c.ID_curso
                       WHERE c.curso = '1'
                       AND c.division = 'A'
                       AND m.Nom_materia NOT LIKE '%Taller%'
                       AND m.Nom_materia NOT LIKE '%Tutorias%'
                       AND m.Nom_materia NOT LIKE '%Tutoría%'
                       ORDER BY m.Nom_materia
[2026-06-05 20:54:15] Materias encontradas: 10
[2026-06-05 20:54:15] Query talleres: SELECT ID_taller, nombre 
                           FROM talleres 
                           WHERE anio_taller = 'I' 
                           AND activo = 1
                           ORDER BY nombre
[2026-06-05 20:54:15] Talleres encontrados: 6
[2026-06-05 20:54:15] Total items a enviar: 16
[2026-06-05 20:54:21] === INICIO DE PETICIÓN ===
[2026-06-05 20:54:21] POST data: Array
(
    [action] => guardar_previa
    [alumno_id] => 49476301
    [tipo_item] => taller
    [tipo_previa] => 1
    [id_taller] => 6
)

[2026-06-05 20:54:21] Sesión activa - DNI: 98989898
[2026-06-05 20:54:21] Rol: Admin
[2026-06-05 20:54:21] Conexión a BD exitosa
[2026-06-05 20:54:21] Action: guardar_previa
[2026-06-05 20:54:21] === PROCESANDO guardar_previa ===
[2026-06-05 20:54:21] alumno_id: 49476301
[2026-06-05 20:54:21] id_materia: NULL
[2026-06-05 20:54:21] id_taller: 6
[2026-06-05 20:54:21] tipo_item: taller
[2026-06-05 20:54:21] tipo_previa: 1
[2026-06-05 20:54:21] Query check: SELECT ID_previas FROM previas WHERE DNI_U = '49476301' AND ID_taller = '6' AND ID_materia IS NULL
[2026-06-05 20:54:21] Query insert: INSERT INTO previas (DNI_U, ID_materia, ID_taller, Aprobado, ID_tp) 
                  VALUES ('49476301', NULL, '6', 0, '1')
[2026-06-05 20:54:21] Previa guardada correctamente - filas afectadas: 1
[2026-06-05 20:54:22] === INICIO DE PETICIÓN ===
[2026-06-05 20:54:22] POST data: Array
(
    [action] => get_alumnos
    [curso_id] => 11
)

[2026-06-05 20:54:22] Sesión activa - DNI: 98989898
[2026-06-05 20:54:22] Rol: Admin
[2026-06-05 20:54:22] Conexión a BD exitosa
[2026-06-05 20:54:22] Action: get_alumnos
[2026-06-05 20:54:22] === PROCESANDO get_alumnos ===
[2026-06-05 20:54:22] Curso ID: 11
[2026-06-05 20:54:22] Query alumnos: SELECT u.DNI_U, u.Nombre, u.Apellido
              FROM usuario u
              WHERE u.id_curso = '11'
              AND u.ID_rol = 3
              AND u.ID_Estado = 1
              ORDER BY u.Apellido, u.Nombre
[2026-06-05 20:54:22] Alumnos encontrados: 24
[2026-06-05 20:54:25] === INICIO DE PETICIÓN ===
[2026-06-05 20:54:25] POST data: Array
(
    [action] => get_materias_y_talleres_por_anio
    [anio] => 2
)

[2026-06-05 20:54:25] Sesión activa - DNI: 98989898
[2026-06-05 20:54:25] Rol: Admin
[2026-06-05 20:54:25] Conexión a BD exitosa
[2026-06-05 20:54:25] Action: get_materias_y_talleres_por_anio
[2026-06-05 20:54:25] === PROCESANDO get_materias_y_talleres_por_anio ===
[2026-06-05 20:54:25] Año: 2
[2026-06-05 20:54:25] Query materias: SELECT DISTINCT m.ID_materia, m.Nom_materia
                       FROM materia m
                       INNER JOIN curso c ON m.id_curso = c.ID_curso
                       WHERE c.curso = '2'
                       AND c.division = 'A'
                       AND m.Nom_materia NOT LIKE '%Taller%'
                       AND m.Nom_materia NOT LIKE '%Tutorias%'
                       AND m.Nom_materia NOT LIKE '%Tutoría%'
                       ORDER BY m.Nom_materia
[2026-06-05 20:54:25] Materias encontradas: 11
[2026-06-05 20:54:25] Query talleres: SELECT ID_taller, nombre 
                           FROM talleres 
                           WHERE anio_taller = 'II' 
                           AND activo = 1
                           ORDER BY nombre
[2026-06-05 20:54:25] Talleres encontrados: 6
[2026-06-05 20:54:25] Total items a enviar: 17
[2026-06-05 20:54:29] === INICIO DE PETICIÓN ===
[2026-06-05 20:54:29] POST data: Array
(
    [action] => guardar_previa
    [alumno_id] => 49476301
    [tipo_item] => taller
    [tipo_previa] => 1
    [id_taller] => 7
)

[2026-06-05 20:54:29] Sesión activa - DNI: 98989898
[2026-06-05 20:54:29] Rol: Admin
[2026-06-05 20:54:29] Conexión a BD exitosa
[2026-06-05 20:54:29] Action: guardar_previa
[2026-06-05 20:54:29] === PROCESANDO guardar_previa ===
[2026-06-05 20:54:29] alumno_id: 49476301
[2026-06-05 20:54:29] id_materia: NULL
[2026-06-05 20:54:29] id_taller: 7
[2026-06-05 20:54:29] tipo_item: taller
[2026-06-05 20:54:29] tipo_previa: 1
[2026-06-05 20:54:29] Query check: SELECT ID_previas FROM previas WHERE DNI_U = '49476301' AND ID_taller = '7' AND ID_materia IS NULL
[2026-06-05 20:54:29] Query insert: INSERT INTO previas (DNI_U, ID_materia, ID_taller, Aprobado, ID_tp) 
                  VALUES ('49476301', NULL, '7', 0, '1')
[2026-06-05 20:54:29] Previa guardada correctamente - filas afectadas: 1
[2026-06-05 20:54:32] === INICIO DE PETICIÓN ===
[2026-06-05 20:54:32] POST data: Array
(
    [action] => get_alumnos
    [curso_id] => 11
)

[2026-06-05 20:54:32] Sesión activa - DNI: 98989898
[2026-06-05 20:54:32] Rol: Admin
[2026-06-05 20:54:32] Conexión a BD exitosa
[2026-06-05 20:54:32] Action: get_alumnos
[2026-06-05 20:54:32] === PROCESANDO get_alumnos ===
[2026-06-05 20:54:32] Curso ID: 11
[2026-06-05 20:54:32] Query alumnos: SELECT u.DNI_U, u.Nombre, u.Apellido
              FROM usuario u
              WHERE u.id_curso = '11'
              AND u.ID_rol = 3
              AND u.ID_Estado = 1
              ORDER BY u.Apellido, u.Nombre
[2026-06-05 20:54:32] Alumnos encontrados: 24
[2026-06-05 20:54:38] === INICIO DE PETICIÓN ===
[2026-06-05 20:54:38] POST data: Array
(
    [action] => get_materias_y_talleres_por_anio
    [anio] => 1
)

[2026-06-05 20:54:38] Sesión activa - DNI: 98989898
[2026-06-05 20:54:38] Rol: Admin
[2026-06-05 20:54:38] Conexión a BD exitosa
[2026-06-05 20:54:38] Action: get_materias_y_talleres_por_anio
[2026-06-05 20:54:38] === PROCESANDO get_materias_y_talleres_por_anio ===
[2026-06-05 20:54:38] Año: 1
[2026-06-05 20:54:38] Query materias: SELECT DISTINCT m.ID_materia, m.Nom_materia
                       FROM materia m
                       INNER JOIN curso c ON m.id_curso = c.ID_curso
                       WHERE c.curso = '1'
                       AND c.division = 'A'
                       AND m.Nom_materia NOT LIKE '%Taller%'
                       AND m.Nom_materia NOT LIKE '%Tutorias%'
                       AND m.Nom_materia NOT LIKE '%Tutoría%'
                       ORDER BY m.Nom_materia
[2026-06-05 20:54:38] Materias encontradas: 10
[2026-06-05 20:54:38] Query talleres: SELECT ID_taller, nombre 
                           FROM talleres 
                           WHERE anio_taller = 'I' 
                           AND activo = 1
                           ORDER BY nombre
[2026-06-05 20:54:38] Talleres encontrados: 6
[2026-06-05 20:54:38] Total items a enviar: 16
[2026-06-05 20:54:44] === INICIO DE PETICIÓN ===
[2026-06-05 20:54:44] POST data: Array
(
    [action] => guardar_previa
    [alumno_id] => 49476301
    [tipo_item] => taller
    [tipo_previa] => 1
    [id_taller] => 11
)

[2026-06-05 20:54:44] Sesión activa - DNI: 98989898
[2026-06-05 20:54:44] Rol: Admin
[2026-06-05 20:54:45] Conexión a BD exitosa
[2026-06-05 20:54:45] Action: guardar_previa
[2026-06-05 20:54:45] === PROCESANDO guardar_previa ===
[2026-06-05 20:54:45] alumno_id: 49476301
[2026-06-05 20:54:45] id_materia: NULL
[2026-06-05 20:54:45] id_taller: 11
[2026-06-05 20:54:45] tipo_item: taller
[2026-06-05 20:54:45] tipo_previa: 1
[2026-06-05 20:54:45] Query check: SELECT ID_previas FROM previas WHERE DNI_U = '49476301' AND ID_taller = '11' AND ID_materia IS NULL
[2026-06-05 20:54:45] Query insert: INSERT INTO previas (DNI_U, ID_materia, ID_taller, Aprobado, ID_tp) 
                  VALUES ('49476301', NULL, '11', 0, '1')
[2026-06-05 20:54:45] Previa guardada correctamente - filas afectadas: 1
[2026-06-05 20:54:46] === INICIO DE PETICIÓN ===
[2026-06-05 20:54:46] POST data: Array
(
    [action] => get_alumnos
    [curso_id] => 11
)

[2026-06-05 20:54:46] Sesión activa - DNI: 98989898
[2026-06-05 20:54:46] Rol: Admin
[2026-06-05 20:54:46] Conexión a BD exitosa
[2026-06-05 20:54:46] Action: get_alumnos
[2026-06-05 20:54:46] === PROCESANDO get_alumnos ===
[2026-06-05 20:54:46] Curso ID: 11
[2026-06-05 20:54:46] Query alumnos: SELECT u.DNI_U, u.Nombre, u.Apellido
              FROM usuario u
              WHERE u.id_curso = '11'
              AND u.ID_rol = 3
              AND u.ID_Estado = 1
              ORDER BY u.Apellido, u.Nombre
[2026-06-05 20:54:46] Alumnos encontrados: 24
[2026-06-05 20:54:49] === INICIO DE PETICIÓN ===
[2026-06-05 20:54:49] POST data: Array
(
    [action] => get_materias_y_talleres_por_anio
    [anio] => 2
)

[2026-06-05 20:54:49] Sesión activa - DNI: 98989898
[2026-06-05 20:54:49] Rol: Admin
[2026-06-05 20:54:49] Conexión a BD exitosa
[2026-06-05 20:54:49] Action: get_materias_y_talleres_por_anio
[2026-06-05 20:54:49] === PROCESANDO get_materias_y_talleres_por_anio ===
[2026-06-05 20:54:49] Año: 2
[2026-06-05 20:54:49] Query materias: SELECT DISTINCT m.ID_materia, m.Nom_materia
                       FROM materia m
                       INNER JOIN curso c ON m.id_curso = c.ID_curso
                       WHERE c.curso = '2'
                       AND c.division = 'A'
                       AND m.Nom_materia NOT LIKE '%Taller%'
                       AND m.Nom_materia NOT LIKE '%Tutorias%'
                       AND m.Nom_materia NOT LIKE '%Tutoría%'
                       ORDER BY m.Nom_materia
[2026-06-05 20:54:49] Materias encontradas: 11
[2026-06-05 20:54:49] Query talleres: SELECT ID_taller, nombre 
                           FROM talleres 
                           WHERE anio_taller = 'II' 
                           AND activo = 1
                           ORDER BY nombre
[2026-06-05 20:54:49] Talleres encontrados: 6
[2026-06-05 20:54:49] Total items a enviar: 17
[2026-06-05 20:54:53] === INICIO DE PETICIÓN ===
[2026-06-05 20:54:53] POST data: Array
(
    [action] => guardar_previa
    [alumno_id] => 49476301
    [tipo_item] => taller
    [tipo_previa] => 1
    [id_taller] => 12
)

[2026-06-05 20:54:53] Sesión activa - DNI: 98989898
[2026-06-05 20:54:53] Rol: Admin
[2026-06-05 20:54:53] Conexión a BD exitosa
[2026-06-05 20:54:53] Action: guardar_previa
[2026-06-05 20:54:53] === PROCESANDO guardar_previa ===
[2026-06-05 20:54:53] alumno_id: 49476301
[2026-06-05 20:54:53] id_materia: NULL
[2026-06-05 20:54:53] id_taller: 12
[2026-06-05 20:54:53] tipo_item: taller
[2026-06-05 20:54:53] tipo_previa: 1
[2026-06-05 20:54:53] Query check: SELECT ID_previas FROM previas WHERE DNI_U = '49476301' AND ID_taller = '12' AND ID_materia IS NULL
[2026-06-05 20:54:53] Query insert: INSERT INTO previas (DNI_U, ID_materia, ID_taller, Aprobado, ID_tp) 
                  VALUES ('49476301', NULL, '12', 0, '1')
[2026-06-05 20:54:53] Previa guardada correctamente - filas afectadas: 1
[2026-06-05 20:54:55] === INICIO DE PETICIÓN ===
[2026-06-05 20:54:55] POST data: Array
(
    [action] => get_alumnos
    [curso_id] => 11
)

[2026-06-05 20:54:55] Sesión activa - DNI: 98989898
[2026-06-05 20:54:55] Rol: Admin
[2026-06-05 20:54:55] Conexión a BD exitosa
[2026-06-05 20:54:55] Action: get_alumnos
[2026-06-05 20:54:55] === PROCESANDO get_alumnos ===
[2026-06-05 20:54:55] Curso ID: 11
[2026-06-05 20:54:55] Query alumnos: SELECT u.DNI_U, u.Nombre, u.Apellido
              FROM usuario u
              WHERE u.id_curso = '11'
              AND u.ID_rol = 3
              AND u.ID_Estado = 1
              ORDER BY u.Apellido, u.Nombre
[2026-06-05 20:54:55] Alumnos encontrados: 24
[2026-06-05 20:55:02] === INICIO DE PETICIÓN ===
[2026-06-05 20:55:02] POST data: Array
(
    [action] => get_materias_y_talleres_por_anio
    [anio] => 1
)

[2026-06-05 20:55:02] Sesión activa - DNI: 98989898
[2026-06-05 20:55:02] Rol: Admin
[2026-06-05 20:55:02] Conexión a BD exitosa
[2026-06-05 20:55:02] Action: get_materias_y_talleres_por_anio
[2026-06-05 20:55:02] === PROCESANDO get_materias_y_talleres_por_anio ===
[2026-06-05 20:55:02] Año: 1
[2026-06-05 20:55:02] Query materias: SELECT DISTINCT m.ID_materia, m.Nom_materia
                       FROM materia m
                       INNER JOIN curso c ON m.id_curso = c.ID_curso
                       WHERE c.curso = '1'
                       AND c.division = 'A'
                       AND m.Nom_materia NOT LIKE '%Taller%'
                       AND m.Nom_materia NOT LIKE '%Tutorias%'
                       AND m.Nom_materia NOT LIKE '%Tutoría%'
                       ORDER BY m.Nom_materia
[2026-06-05 20:55:02] Materias encontradas: 10
[2026-06-05 20:55:02] Query talleres: SELECT ID_taller, nombre 
                           FROM talleres 
                           WHERE anio_taller = 'I' 
                           AND activo = 1
                           ORDER BY nombre
[2026-06-05 20:55:02] Talleres encontrados: 6
[2026-06-05 20:55:02] Total items a enviar: 16
[2026-06-05 20:55:06] === INICIO DE PETICIÓN ===
[2026-06-05 20:55:06] POST data: Array
(
    [action] => guardar_previa
    [alumno_id] => 49476301
    [tipo_item] => taller
    [tipo_previa] => 1
    [id_taller] => 10
)

[2026-06-05 20:55:06] Sesión activa - DNI: 98989898
[2026-06-05 20:55:06] Rol: Admin
[2026-06-05 20:55:06] Conexión a BD exitosa
[2026-06-05 20:55:06] Action: guardar_previa
[2026-06-05 20:55:06] === PROCESANDO guardar_previa ===
[2026-06-05 20:55:06] alumno_id: 49476301
[2026-06-05 20:55:06] id_materia: NULL
[2026-06-05 20:55:06] id_taller: 10
[2026-06-05 20:55:06] tipo_item: taller
[2026-06-05 20:55:06] tipo_previa: 1
[2026-06-05 20:55:06] Query check: SELECT ID_previas FROM previas WHERE DNI_U = '49476301' AND ID_taller = '10' AND ID_materia IS NULL
[2026-06-05 20:55:06] Query insert: INSERT INTO previas (DNI_U, ID_materia, ID_taller, Aprobado, ID_tp) 
                  VALUES ('49476301', NULL, '10', 0, '1')
[2026-06-05 20:55:06] Previa guardada correctamente - filas afectadas: 1
[2026-06-05 20:55:07] === INICIO DE PETICIÓN ===
[2026-06-05 20:55:07] POST data: Array
(
    [action] => get_alumnos
    [curso_id] => 11
)

[2026-06-05 20:55:07] Sesión activa - DNI: 98989898
[2026-06-05 20:55:07] Rol: Admin
[2026-06-05 20:55:07] Conexión a BD exitosa
[2026-06-05 20:55:07] Action: get_alumnos
[2026-06-05 20:55:07] === PROCESANDO get_alumnos ===
[2026-06-05 20:55:07] Curso ID: 11
[2026-06-05 20:55:07] Query alumnos: SELECT u.DNI_U, u.Nombre, u.Apellido
              FROM usuario u
              WHERE u.id_curso = '11'
              AND u.ID_rol = 3
              AND u.ID_Estado = 1
              ORDER BY u.Apellido, u.Nombre
[2026-06-05 20:55:07] Alumnos encontrados: 24
[2026-06-05 20:55:11] === INICIO DE PETICIÓN ===
[2026-06-05 20:55:11] POST data: Array
(
    [action] => get_materias_y_talleres_por_anio
    [anio] => 2
)

[2026-06-05 20:55:11] Sesión activa - DNI: 98989898
[2026-06-05 20:55:11] Rol: Admin
[2026-06-05 20:55:11] Conexión a BD exitosa
[2026-06-05 20:55:11] Action: get_materias_y_talleres_por_anio
[2026-06-05 20:55:11] === PROCESANDO get_materias_y_talleres_por_anio ===
[2026-06-05 20:55:11] Año: 2
[2026-06-05 20:55:11] Query materias: SELECT DISTINCT m.ID_materia, m.Nom_materia
                       FROM materia m
                       INNER JOIN curso c ON m.id_curso = c.ID_curso
                       WHERE c.curso = '2'
                       AND c.division = 'A'
                       AND m.Nom_materia NOT LIKE '%Taller%'
                       AND m.Nom_materia NOT LIKE '%Tutorias%'
                       AND m.Nom_materia NOT LIKE '%Tutoría%'
                       ORDER BY m.Nom_materia
[2026-06-05 20:55:11] Materias encontradas: 11
[2026-06-05 20:55:11] Query talleres: SELECT ID_taller, nombre 
                           FROM talleres 
                           WHERE anio_taller = 'II' 
                           AND activo = 1
                           ORDER BY nombre
[2026-06-05 20:55:11] Talleres encontrados: 6
[2026-06-05 20:55:11] Total items a enviar: 17
[2026-06-05 20:55:13] === INICIO DE PETICIÓN ===
[2026-06-05 20:55:13] POST data: Array
(
    [action] => get_materias_y_talleres_por_anio
    [anio] => 1
)

[2026-06-05 20:55:13] Sesión activa - DNI: 98989898
[2026-06-05 20:55:13] Rol: Admin
[2026-06-05 20:55:13] Conexión a BD exitosa
[2026-06-05 20:55:13] Action: get_materias_y_talleres_por_anio
[2026-06-05 20:55:13] === PROCESANDO get_materias_y_talleres_por_anio ===
[2026-06-05 20:55:13] Año: 1
[2026-06-05 20:55:13] Query materias: SELECT DISTINCT m.ID_materia, m.Nom_materia
                       FROM materia m
                       INNER JOIN curso c ON m.id_curso = c.ID_curso
                       WHERE c.curso = '1'
                       AND c.division = 'A'
                       AND m.Nom_materia NOT LIKE '%Taller%'
                       AND m.Nom_materia NOT LIKE '%Tutorias%'
                       AND m.Nom_materia NOT LIKE '%Tutoría%'
                       ORDER BY m.Nom_materia
[2026-06-05 20:55:13] Materias encontradas: 10
[2026-06-05 20:55:13] Query talleres: SELECT ID_taller, nombre 
                           FROM talleres 
                           WHERE anio_taller = 'I' 
                           AND activo = 1
                           ORDER BY nombre
[2026-06-05 20:55:13] Talleres encontrados: 6
[2026-06-05 20:55:13] Total items a enviar: 16
[2026-06-05 20:55:16] === INICIO DE PETICIÓN ===
[2026-06-05 20:55:16] POST data: Array
(
    [action] => guardar_previa
    [alumno_id] => 49476301
    [tipo_item] => taller
    [tipo_previa] => 1
    [id_taller] => 8
)

[2026-06-05 20:55:16] Sesión activa - DNI: 98989898
[2026-06-05 20:55:16] Rol: Admin
[2026-06-05 20:55:16] Conexión a BD exitosa
[2026-06-05 20:55:16] Action: guardar_previa
[2026-06-05 20:55:16] === PROCESANDO guardar_previa ===
[2026-06-05 20:55:16] alumno_id: 49476301
[2026-06-05 20:55:16] id_materia: NULL
[2026-06-05 20:55:16] id_taller: 8
[2026-06-05 20:55:16] tipo_item: taller
[2026-06-05 20:55:16] tipo_previa: 1
[2026-06-05 20:55:16] Query check: SELECT ID_previas FROM previas WHERE DNI_U = '49476301' AND ID_taller = '8' AND ID_materia IS NULL
[2026-06-05 20:55:16] Query insert: INSERT INTO previas (DNI_U, ID_materia, ID_taller, Aprobado, ID_tp) 
                  VALUES ('49476301', NULL, '8', 0, '1')
[2026-06-05 20:55:16] Previa guardada correctamente - filas afectadas: 1
[2026-06-05 20:55:18] === INICIO DE PETICIÓN ===
[2026-06-05 20:55:18] POST data: Array
(
    [action] => get_alumnos
    [curso_id] => 11
)

[2026-06-05 20:55:18] Sesión activa - DNI: 98989898
[2026-06-05 20:55:18] Rol: Admin
[2026-06-05 20:55:18] Conexión a BD exitosa
[2026-06-05 20:55:18] Action: get_alumnos
[2026-06-05 20:55:18] === PROCESANDO get_alumnos ===
[2026-06-05 20:55:18] Curso ID: 11
[2026-06-05 20:55:18] Query alumnos: SELECT u.DNI_U, u.Nombre, u.Apellido
              FROM usuario u
              WHERE u.id_curso = '11'
              AND u.ID_rol = 3
              AND u.ID_Estado = 1
              ORDER BY u.Apellido, u.Nombre
[2026-06-05 20:55:18] Alumnos encontrados: 24
[2026-06-05 20:55:21] === INICIO DE PETICIÓN ===
[2026-06-05 20:55:21] POST data: Array
(
    [action] => get_materias_y_talleres_por_anio
    [anio] => 2
)

[2026-06-05 20:55:21] Sesión activa - DNI: 98989898
[2026-06-05 20:55:21] Rol: Admin
[2026-06-05 20:55:21] Conexión a BD exitosa
[2026-06-05 20:55:21] Action: get_materias_y_talleres_por_anio
[2026-06-05 20:55:21] === PROCESANDO get_materias_y_talleres_por_anio ===
[2026-06-05 20:55:21] Año: 2
[2026-06-05 20:55:21] Query materias: SELECT DISTINCT m.ID_materia, m.Nom_materia
                       FROM materia m
                       INNER JOIN curso c ON m.id_curso = c.ID_curso
                       WHERE c.curso = '2'
                       AND c.division = 'A'
                       AND m.Nom_materia NOT LIKE '%Taller%'
                       AND m.Nom_materia NOT LIKE '%Tutorias%'
                       AND m.Nom_materia NOT LIKE '%Tutoría%'
                       ORDER BY m.Nom_materia
[2026-06-05 20:55:21] Materias encontradas: 11
[2026-06-05 20:55:21] Query talleres: SELECT ID_taller, nombre 
                           FROM talleres 
                           WHERE anio_taller = 'II' 
                           AND activo = 1
                           ORDER BY nombre
[2026-06-05 20:55:21] Talleres encontrados: 6
[2026-06-05 20:55:21] Total items a enviar: 17
[2026-06-05 20:55:28] === INICIO DE PETICIÓN ===
[2026-06-05 20:55:28] POST data: Array
(
    [action] => guardar_previa
    [alumno_id] => 49476301
    [tipo_item] => taller
    [tipo_previa] => 1
    [id_taller] => 9
)

[2026-06-05 20:55:28] Sesión activa - DNI: 98989898
[2026-06-05 20:55:28] Rol: Admin
[2026-06-05 20:55:28] Conexión a BD exitosa
[2026-06-05 20:55:28] Action: guardar_previa
[2026-06-05 20:55:28] === PROCESANDO guardar_previa ===
[2026-06-05 20:55:28] alumno_id: 49476301
[2026-06-05 20:55:28] id_materia: NULL
[2026-06-05 20:55:28] id_taller: 9
[2026-06-05 20:55:28] tipo_item: taller
[2026-06-05 20:55:28] tipo_previa: 1
[2026-06-05 20:55:28] Query check: SELECT ID_previas FROM previas WHERE DNI_U = '49476301' AND ID_taller = '9' AND ID_materia IS NULL
[2026-06-05 20:55:28] Query insert: INSERT INTO previas (DNI_U, ID_materia, ID_taller, Aprobado, ID_tp) 
                  VALUES ('49476301', NULL, '9', 0, '1')
[2026-06-05 20:55:28] Previa guardada correctamente - filas afectadas: 1
[2026-06-05 20:55:29] === INICIO DE PETICIÓN ===
[2026-06-05 20:55:29] POST data: Array
(
    [action] => get_alumnos
    [curso_id] => 11
)

[2026-06-05 20:55:29] Sesión activa - DNI: 98989898
[2026-06-05 20:55:29] Rol: Admin
[2026-06-05 20:55:29] Conexión a BD exitosa
[2026-06-05 20:55:29] Action: get_alumnos
[2026-06-05 20:55:29] === PROCESANDO get_alumnos ===
[2026-06-05 20:55:29] Curso ID: 11
[2026-06-05 20:55:29] Query alumnos: SELECT u.DNI_U, u.Nombre, u.Apellido
              FROM usuario u
              WHERE u.id_curso = '11'
              AND u.ID_rol = 3
              AND u.ID_Estado = 1
              ORDER BY u.Apellido, u.Nombre
[2026-06-05 20:55:29] Alumnos encontrados: 24
[2026-06-05 20:55:35] === INICIO DE PETICIÓN ===
[2026-06-05 20:55:35] POST data: Array
(
    [action] => get_materias_y_talleres_por_anio
    [anio] => 2
)

[2026-06-05 20:55:35] Sesión activa - DNI: 98989898
[2026-06-05 20:55:35] Rol: Admin
[2026-06-05 20:55:35] Conexión a BD exitosa
[2026-06-05 20:55:35] Action: get_materias_y_talleres_por_anio
[2026-06-05 20:55:35] === PROCESANDO get_materias_y_talleres_por_anio ===
[2026-06-05 20:55:35] Año: 2
[2026-06-05 20:55:35] Query materias: SELECT DISTINCT m.ID_materia, m.Nom_materia
                       FROM materia m
                       INNER JOIN curso c ON m.id_curso = c.ID_curso
                       WHERE c.curso = '2'
                       AND c.division = 'A'
                       AND m.Nom_materia NOT LIKE '%Taller%'
                       AND m.Nom_materia NOT LIKE '%Tutorias%'
                       AND m.Nom_materia NOT LIKE '%Tutoría%'
                       ORDER BY m.Nom_materia
[2026-06-05 20:55:35] Materias encontradas: 11
[2026-06-05 20:55:35] Query talleres: SELECT ID_taller, nombre 
                           FROM talleres 
                           WHERE anio_taller = 'II' 
                           AND activo = 1
                           ORDER BY nombre
[2026-06-05 20:55:35] Talleres encontrados: 6
[2026-06-05 20:55:35] Total items a enviar: 17
[2026-06-05 20:55:39] === INICIO DE PETICIÓN ===
[2026-06-05 20:55:39] POST data: Array
(
    [action] => guardar_previa
    [alumno_id] => 49476301
    [tipo_item] => taller
    [tipo_previa] => 1
    [id_taller] => 3
)

[2026-06-05 20:55:39] Sesión activa - DNI: 98989898
[2026-06-05 20:55:39] Rol: Admin
[2026-06-05 20:55:39] Conexión a BD exitosa
[2026-06-05 20:55:39] Action: guardar_previa
[2026-06-05 20:55:39] === PROCESANDO guardar_previa ===
[2026-06-05 20:55:39] alumno_id: 49476301
[2026-06-05 20:55:39] id_materia: NULL
[2026-06-05 20:55:39] id_taller: 3
[2026-06-05 20:55:39] tipo_item: taller
[2026-06-05 20:55:39] tipo_previa: 1
[2026-06-05 20:55:39] Query check: SELECT ID_previas FROM previas WHERE DNI_U = '49476301' AND ID_taller = '3' AND ID_materia IS NULL
[2026-06-05 20:55:39] Query insert: INSERT INTO previas (DNI_U, ID_materia, ID_taller, Aprobado, ID_tp) 
                  VALUES ('49476301', NULL, '3', 0, '1')
[2026-06-05 20:55:39] Previa guardada correctamente - filas afectadas: 1
[2026-06-05 22:07:25] === INICIO DE PETICIÓN ===
[2026-06-05 22:07:25] POST data: Array
(
    [action] => get_alumnos
    [curso_id] => 7
)

[2026-06-05 22:07:25] Sesión activa - DNI: 98989898
[2026-06-05 22:07:25] Rol: Admin
[2026-06-05 22:07:25] Conexión a BD exitosa
[2026-06-05 22:07:25] Action: get_alumnos
[2026-06-05 22:07:25] === PROCESANDO get_alumnos ===
[2026-06-05 22:07:25] Curso ID: 7
[2026-06-05 22:07:25] Query alumnos: SELECT u.DNI_U, u.Nombre, u.Apellido
              FROM usuario u
              WHERE u.id_curso = '7'
              AND u.ID_rol = 3
              AND u.ID_Estado = 1
              ORDER BY u.Apellido, u.Nombre
[2026-06-05 22:07:25] Alumnos encontrados: 19
[2026-06-05 22:07:34] === INICIO DE PETICIÓN ===
[2026-06-05 22:07:34] POST data: Array
(
    [action] => get_materias_y_talleres_por_anio
    [anio] => 1
)

[2026-06-05 22:07:34] Sesión activa - DNI: 98989898
[2026-06-05 22:07:34] Rol: Admin
[2026-06-05 22:07:34] Conexión a BD exitosa
[2026-06-05 22:07:34] Action: get_materias_y_talleres_por_anio
[2026-06-05 22:07:34] === PROCESANDO get_materias_y_talleres_por_anio ===
[2026-06-05 22:07:34] Año: 1
[2026-06-05 22:07:34] Query materias: SELECT DISTINCT m.ID_materia, m.Nom_materia
                       FROM materia m
                       INNER JOIN curso c ON m.id_curso = c.ID_curso
                       WHERE c.curso = '1'
                       AND c.division = 'A'
                       AND m.Nom_materia NOT LIKE '%Taller%'
                       AND m.Nom_materia NOT LIKE '%Tutorias%'
                       AND m.Nom_materia NOT LIKE '%Tutoría%'
                       ORDER BY m.Nom_materia
[2026-06-05 22:07:34] Materias encontradas: 10
[2026-06-05 22:07:34] Query talleres: SELECT ID_taller, nombre 
                           FROM talleres 
                           WHERE anio_taller = 'I' 
                           AND activo = 1
                           ORDER BY nombre
[2026-06-05 22:07:34] Talleres encontrados: 6
[2026-06-05 22:07:34] Total items a enviar: 16
[2026-06-05 22:07:39] === INICIO DE PETICIÓN ===
[2026-06-05 22:07:39] POST data: Array
(
    [action] => guardar_previa
    [alumno_id] => 52065759
    [tipo_item] => materia
    [tipo_previa] => 2
    [id_materia] => 21
)

[2026-06-05 22:07:39] Sesión activa - DNI: 98989898
[2026-06-05 22:07:39] Rol: Admin
[2026-06-05 22:07:39] Conexión a BD exitosa
[2026-06-05 22:07:39] Action: guardar_previa
[2026-06-05 22:07:39] === PROCESANDO guardar_previa ===
[2026-06-05 22:07:39] alumno_id: 52065759
[2026-06-05 22:07:39] id_materia: 21
[2026-06-05 22:07:39] id_taller: NULL
[2026-06-05 22:07:39] tipo_item: materia
[2026-06-05 22:07:39] tipo_previa: 2
[2026-06-05 22:07:39] Query check: SELECT ID_previas FROM previas WHERE DNI_U = '52065759' AND ID_materia = '21' AND ID_taller IS NULL
[2026-06-05 22:07:39] Ya existe previa para este alumno en este ítem
[2026-06-05 22:09:05] === INICIO DE PETICIÓN ===
[2026-06-05 22:09:05] POST data: Array
(
    [action] => get_alumnos
    [curso_id] => 7
)

[2026-06-05 22:09:05] Sesión activa - DNI: 98989898
[2026-06-05 22:09:05] Rol: Admin
[2026-06-05 22:09:05] Conexión a BD exitosa
[2026-06-05 22:09:05] Action: get_alumnos
[2026-06-05 22:09:05] === PROCESANDO get_alumnos ===
[2026-06-05 22:09:05] Curso ID: 7
[2026-06-05 22:09:05] Query alumnos: SELECT u.DNI_U, u.Nombre, u.Apellido
              FROM usuario u
              WHERE u.id_curso = '7'
              AND u.ID_rol = 3
              AND u.ID_Estado = 1
              ORDER BY u.Apellido, u.Nombre
[2026-06-05 22:09:05] Alumnos encontrados: 19
[2026-06-05 22:09:09] === INICIO DE PETICIÓN ===
[2026-06-05 22:09:09] POST data: Array
(
    [action] => get_materias_y_talleres_por_anio
    [anio] => 1
)

[2026-06-05 22:09:09] Sesión activa - DNI: 98989898
[2026-06-05 22:09:09] Rol: Admin
[2026-06-05 22:09:09] Conexión a BD exitosa
[2026-06-05 22:09:09] Action: get_materias_y_talleres_por_anio
[2026-06-05 22:09:09] === PROCESANDO get_materias_y_talleres_por_anio ===
[2026-06-05 22:09:09] Año: 1
[2026-06-05 22:09:09] Query materias: SELECT DISTINCT m.ID_materia, m.Nom_materia
                       FROM materia m
                       INNER JOIN curso c ON m.id_curso = c.ID_curso
                       WHERE c.curso = '1'
                       AND c.division = 'A'
                       AND m.Nom_materia NOT LIKE '%Taller%'
                       AND m.Nom_materia NOT LIKE '%Tutorias%'
                       AND m.Nom_materia NOT LIKE '%Tutoría%'
                       ORDER BY m.Nom_materia
[2026-06-05 22:09:09] Materias encontradas: 10
[2026-06-05 22:09:09] Query talleres: SELECT ID_taller, nombre 
                           FROM talleres 
                           WHERE anio_taller = 'I' 
                           AND activo = 1
                           ORDER BY nombre
[2026-06-05 22:09:09] Talleres encontrados: 6
[2026-06-05 22:09:09] Total items a enviar: 16
[2026-06-05 22:09:16] === INICIO DE PETICIÓN ===
[2026-06-05 22:09:16] POST data: Array
(
    [action] => guardar_previa
    [alumno_id] => 52306833
    [tipo_item] => taller
    [tipo_previa] => 2
    [id_taller] => 10
)

[2026-06-05 22:09:16] Sesión activa - DNI: 98989898
[2026-06-05 22:09:16] Rol: Admin
[2026-06-05 22:09:16] Conexión a BD exitosa
[2026-06-05 22:09:16] Action: guardar_previa
[2026-06-05 22:09:16] === PROCESANDO guardar_previa ===
[2026-06-05 22:09:16] alumno_id: 52306833
[2026-06-05 22:09:16] id_materia: NULL
[2026-06-05 22:09:16] id_taller: 10
[2026-06-05 22:09:16] tipo_item: taller
[2026-06-05 22:09:16] tipo_previa: 2
[2026-06-05 22:09:16] Query check: SELECT ID_previas FROM previas WHERE DNI_U = '52306833' AND ID_taller = '10' AND ID_materia IS NULL
[2026-06-05 22:09:16] Query insert: INSERT INTO previas (DNI_U, ID_materia, ID_taller, Aprobado, ID_tp) 
                  VALUES ('52306833', NULL, '10', 0, '2')
[2026-06-05 22:09:16] Previa guardada correctamente - filas afectadas: 1
[2026-06-05 22:09:20] === INICIO DE PETICIÓN ===
[2026-06-05 22:09:20] POST data: Array
(
    [action] => get_alumnos
    [curso_id] => 7
)

[2026-06-05 22:09:20] Sesión activa - DNI: 98989898
[2026-06-05 22:09:20] Rol: Admin
[2026-06-05 22:09:20] Conexión a BD exitosa
[2026-06-05 22:09:20] Action: get_alumnos
[2026-06-05 22:09:20] === PROCESANDO get_alumnos ===
[2026-06-05 22:09:20] Curso ID: 7
[2026-06-05 22:09:20] Query alumnos: SELECT u.DNI_U, u.Nombre, u.Apellido
              FROM usuario u
              WHERE u.id_curso = '7'
              AND u.ID_rol = 3
              AND u.ID_Estado = 1
              ORDER BY u.Apellido, u.Nombre
[2026-06-05 22:09:20] Alumnos encontrados: 19
[2026-06-05 22:09:25] === INICIO DE PETICIÓN ===
[2026-06-05 22:09:25] POST data: Array
(
    [action] => get_materias_y_talleres_por_anio
    [anio] => 1
)

[2026-06-05 22:09:25] Sesión activa - DNI: 98989898
[2026-06-05 22:09:25] Rol: Admin
[2026-06-05 22:09:25] Conexión a BD exitosa
[2026-06-05 22:09:25] Action: get_materias_y_talleres_por_anio
[2026-06-05 22:09:25] === PROCESANDO get_materias_y_talleres_por_anio ===
[2026-06-05 22:09:25] Año: 1
[2026-06-05 22:09:25] Query materias: SELECT DISTINCT m.ID_materia, m.Nom_materia
                       FROM materia m
                       INNER JOIN curso c ON m.id_curso = c.ID_curso
                       WHERE c.curso = '1'
                       AND c.division = 'A'
                       AND m.Nom_materia NOT LIKE '%Taller%'
                       AND m.Nom_materia NOT LIKE '%Tutorias%'
                       AND m.Nom_materia NOT LIKE '%Tutoría%'
                       ORDER BY m.Nom_materia
[2026-06-05 22:09:25] Materias encontradas: 10
[2026-06-05 22:09:25] Query talleres: SELECT ID_taller, nombre 
                           FROM talleres 
                           WHERE anio_taller = 'I' 
                           AND activo = 1
                           ORDER BY nombre
[2026-06-05 22:09:25] Talleres encontrados: 6
[2026-06-05 22:09:25] Total items a enviar: 16
[2026-06-05 22:09:30] === INICIO DE PETICIÓN ===
[2026-06-05 22:09:30] POST data: Array
(
    [action] => guardar_previa
    [alumno_id] => 52306833
    [tipo_item] => taller
    [tipo_previa] => 2
    [id_taller] => 11
)

[2026-06-05 22:09:30] Sesión activa - DNI: 98989898
[2026-06-05 22:09:30] Rol: Admin
[2026-06-05 22:09:30] Conexión a BD exitosa
[2026-06-05 22:09:30] Action: guardar_previa
[2026-06-05 22:09:30] === PROCESANDO guardar_previa ===
[2026-06-05 22:09:30] alumno_id: 52306833
[2026-06-05 22:09:30] id_materia: NULL
[2026-06-05 22:09:30] id_taller: 11
[2026-06-05 22:09:30] tipo_item: taller
[2026-06-05 22:09:30] tipo_previa: 2
[2026-06-05 22:09:30] Query check: SELECT ID_previas FROM previas WHERE DNI_U = '52306833' AND ID_taller = '11' AND ID_materia IS NULL
[2026-06-05 22:09:30] Query insert: INSERT INTO previas (DNI_U, ID_materia, ID_taller, Aprobado, ID_tp) 
                  VALUES ('52306833', NULL, '11', 0, '2')
[2026-06-05 22:09:30] Previa guardada correctamente - filas afectadas: 1
[2026-06-05 22:10:35] === INICIO DE PETICIÓN ===
[2026-06-05 22:10:35] POST data: Array
(
    [action] => get_alumnos
    [curso_id] => 7
)

[2026-06-05 22:10:35] Sesión activa - DNI: 98989898
[2026-06-05 22:10:35] Rol: Admin
[2026-06-05 22:10:35] Conexión a BD exitosa
[2026-06-05 22:10:35] Action: get_alumnos
[2026-06-05 22:10:35] === PROCESANDO get_alumnos ===
[2026-06-05 22:10:35] Curso ID: 7
[2026-06-05 22:10:35] Query alumnos: SELECT u.DNI_U, u.Nombre, u.Apellido
              FROM usuario u
              WHERE u.id_curso = '7'
              AND u.ID_rol = 3
              AND u.ID_Estado = 1
              ORDER BY u.Apellido, u.Nombre
[2026-06-05 22:10:35] Alumnos encontrados: 19
[2026-06-05 22:10:38] === INICIO DE PETICIÓN ===
[2026-06-05 22:10:38] POST data: Array
(
    [action] => get_materias_y_talleres_por_anio
    [anio] => 1
)

[2026-06-05 22:10:38] Sesión activa - DNI: 98989898
[2026-06-05 22:10:38] Rol: Admin
[2026-06-05 22:10:38] Conexión a BD exitosa
[2026-06-05 22:10:38] Action: get_materias_y_talleres_por_anio
[2026-06-05 22:10:38] === PROCESANDO get_materias_y_talleres_por_anio ===
[2026-06-05 22:10:38] Año: 1
[2026-06-05 22:10:38] Query materias: SELECT DISTINCT m.ID_materia, m.Nom_materia
                       FROM materia m
                       INNER JOIN curso c ON m.id_curso = c.ID_curso
                       WHERE c.curso = '1'
                       AND c.division = 'A'
                       AND m.Nom_materia NOT LIKE '%Taller%'
                       AND m.Nom_materia NOT LIKE '%Tutorias%'
                       AND m.Nom_materia NOT LIKE '%Tutoría%'
                       ORDER BY m.Nom_materia
[2026-06-05 22:10:38] Materias encontradas: 10
[2026-06-05 22:10:38] Query talleres: SELECT ID_taller, nombre 
                           FROM talleres 
                           WHERE anio_taller = 'I' 
                           AND activo = 1
                           ORDER BY nombre
[2026-06-05 22:10:38] Talleres encontrados: 6
[2026-06-05 22:10:38] Total items a enviar: 16
[2026-06-05 22:10:42] === INICIO DE PETICIÓN ===
[2026-06-05 22:10:42] POST data: Array
(
    [action] => guardar_previa
    [alumno_id] => 51544816
    [tipo_item] => taller
    [tipo_previa] => 2
    [id_taller] => 1
)

[2026-06-05 22:10:42] Sesión activa - DNI: 98989898
[2026-06-05 22:10:42] Rol: Admin
[2026-06-05 22:10:42] Conexión a BD exitosa
[2026-06-05 22:10:42] Action: guardar_previa
[2026-06-05 22:10:42] === PROCESANDO guardar_previa ===
[2026-06-05 22:10:42] alumno_id: 51544816
[2026-06-05 22:10:42] id_materia: NULL
[2026-06-05 22:10:42] id_taller: 1
[2026-06-05 22:10:42] tipo_item: taller
[2026-06-05 22:10:42] tipo_previa: 2
[2026-06-05 22:10:42] Query check: SELECT ID_previas FROM previas WHERE DNI_U = '51544816' AND ID_taller = '1' AND ID_materia IS NULL
[2026-06-05 22:10:42] Query insert: INSERT INTO previas (DNI_U, ID_materia, ID_taller, Aprobado, ID_tp) 
                  VALUES ('51544816', NULL, '1', 0, '2')
[2026-06-05 22:10:42] Previa guardada correctamente - filas afectadas: 1
[2026-06-05 22:10:44] === INICIO DE PETICIÓN ===
[2026-06-05 22:10:44] POST data: Array
(
    [action] => get_alumnos
    [curso_id] => 7
)

[2026-06-05 22:10:44] Sesión activa - DNI: 98989898
[2026-06-05 22:10:44] Rol: Admin
[2026-06-05 22:10:44] Conexión a BD exitosa
[2026-06-05 22:10:44] Action: get_alumnos
[2026-06-05 22:10:44] === PROCESANDO get_alumnos ===
[2026-06-05 22:10:44] Curso ID: 7
[2026-06-05 22:10:44] Query alumnos: SELECT u.DNI_U, u.Nombre, u.Apellido
              FROM usuario u
              WHERE u.id_curso = '7'
              AND u.ID_rol = 3
              AND u.ID_Estado = 1
              ORDER BY u.Apellido, u.Nombre
[2026-06-05 22:10:44] Alumnos encontrados: 19
[2026-06-05 22:10:58] === INICIO DE PETICIÓN ===
[2026-06-05 22:10:58] POST data: Array
(
    [action] => get_materias_y_talleres_por_anio
    [anio] => 1
)

[2026-06-05 22:10:58] Sesión activa - DNI: 98989898
[2026-06-05 22:10:58] Rol: Admin
[2026-06-05 22:10:58] Conexión a BD exitosa
[2026-06-05 22:10:58] Action: get_materias_y_talleres_por_anio
[2026-06-05 22:10:58] === PROCESANDO get_materias_y_talleres_por_anio ===
[2026-06-05 22:10:58] Año: 1
[2026-06-05 22:10:58] Query materias: SELECT DISTINCT m.ID_materia, m.Nom_materia
                       FROM materia m
                       INNER JOIN curso c ON m.id_curso = c.ID_curso
                       WHERE c.curso = '1'
                       AND c.division = 'A'
                       AND m.Nom_materia NOT LIKE '%Taller%'
                       AND m.Nom_materia NOT LIKE '%Tutorias%'
                       AND m.Nom_materia NOT LIKE '%Tutoría%'
                       ORDER BY m.Nom_materia
[2026-06-05 22:10:58] Materias encontradas: 10
[2026-06-05 22:10:58] Query talleres: SELECT ID_taller, nombre 
                           FROM talleres 
                           WHERE anio_taller = 'I' 
                           AND activo = 1
                           ORDER BY nombre
[2026-06-05 22:10:58] Talleres encontrados: 6
[2026-06-05 22:10:58] Total items a enviar: 16
[2026-06-05 22:11:03] === INICIO DE PETICIÓN ===
[2026-06-05 22:11:03] POST data: Array
(
    [action] => guardar_previa
    [alumno_id] => 51544816
    [tipo_item] => taller
    [tipo_previa] => 2
    [id_taller] => 8
)

[2026-06-05 22:11:03] Sesión activa - DNI: 98989898
[2026-06-05 22:11:03] Rol: Admin
[2026-06-05 22:11:03] Conexión a BD exitosa
[2026-06-05 22:11:03] Action: guardar_previa
[2026-06-05 22:11:03] === PROCESANDO guardar_previa ===
[2026-06-05 22:11:03] alumno_id: 51544816
[2026-06-05 22:11:03] id_materia: NULL
[2026-06-05 22:11:03] id_taller: 8
[2026-06-05 22:11:03] tipo_item: taller
[2026-06-05 22:11:03] tipo_previa: 2
[2026-06-05 22:11:03] Query check: SELECT ID_previas FROM previas WHERE DNI_U = '51544816' AND ID_taller = '8' AND ID_materia IS NULL
[2026-06-05 22:11:03] Query insert: INSERT INTO previas (DNI_U, ID_materia, ID_taller, Aprobado, ID_tp) 
                  VALUES ('51544816', NULL, '8', 0, '2')
[2026-06-05 22:11:03] Previa guardada correctamente - filas afectadas: 1
[2026-06-08 15:38:55] === INICIO DE PETICIÓN ===
[2026-06-08 15:38:55] POST data: Array
(
    [action] => get_alumnos
    [curso_id] => 7
)

[2026-06-08 15:38:55] Sesión activa - DNI: 29632933
[2026-06-08 15:38:55] Rol: Preceptor
[2026-06-08 15:38:55] Conexión a BD exitosa
[2026-06-08 15:38:55] Action: get_alumnos
[2026-06-08 15:38:55] === PROCESANDO get_alumnos ===
[2026-06-08 15:38:55] Curso ID: 7
[2026-06-08 15:38:55] Query alumnos: SELECT u.DNI_U, u.Nombre, u.Apellido
              FROM usuario u
              WHERE u.id_curso = '7'
              AND u.ID_rol = 3
              AND u.ID_Estado = 1
              ORDER BY u.Apellido, u.Nombre
[2026-06-08 15:38:55] Alumnos encontrados: 19
[2026-06-08 15:39:06] === INICIO DE PETICIÓN ===
[2026-06-08 15:39:06] POST data: Array
(
    [action] => get_materias_y_talleres_por_anio
    [anio] => 1
)

[2026-06-08 15:39:06] Sesión activa - DNI: 29632933
[2026-06-08 15:39:06] Rol: Preceptor
[2026-06-08 15:39:06] Conexión a BD exitosa
[2026-06-08 15:39:06] Action: get_materias_y_talleres_por_anio
[2026-06-08 15:39:06] === PROCESANDO get_materias_y_talleres_por_anio ===
[2026-06-08 15:39:06] Año: 1
[2026-06-08 15:39:06] Query materias: SELECT DISTINCT m.ID_materia, m.Nom_materia
                       FROM materia m
                       INNER JOIN curso c ON m.id_curso = c.ID_curso
                       WHERE c.curso = '1'
                       AND c.division = 'A'
                       AND m.Nom_materia NOT LIKE '%Taller%'
                       AND m.Nom_materia NOT LIKE '%Tutorias%'
                       AND m.Nom_materia NOT LIKE '%Tutoría%'
                       ORDER BY m.Nom_materia
[2026-06-08 15:39:06] Materias encontradas: 10
[2026-06-08 15:39:06] Query talleres: SELECT ID_taller, nombre 
                           FROM talleres 
                           WHERE anio_taller = 'I' 
                           AND activo = 1
                           ORDER BY nombre
[2026-06-08 15:39:06] Talleres encontrados: 6
[2026-06-08 15:39:06] Total items a enviar: 16
[2026-06-08 17:11:57] === INICIO DE PETICIÓN ===
[2026-06-08 17:11:57] POST data: Array
(
    [action] => get_alumnos
    [curso_id] => 17
)

[2026-06-08 17:11:57] Sesión activa - DNI: 37325413
[2026-06-08 17:11:57] Rol: Preceptor
[2026-06-08 17:11:57] Conexión a BD exitosa
[2026-06-08 17:11:57] Action: get_alumnos
[2026-06-08 17:11:57] === PROCESANDO get_alumnos ===
[2026-06-08 17:11:57] Curso ID: 17
[2026-06-08 17:11:57] Query alumnos: SELECT u.DNI_U, u.Nombre, u.Apellido
              FROM usuario u
              WHERE u.id_curso = '17'
              AND u.ID_rol = 3
              AND u.ID_Estado = 1
              ORDER BY u.Apellido, u.Nombre
[2026-06-08 17:11:57] Alumnos encontrados: 27
[2026-06-08 17:12:38] === INICIO DE PETICIÓN ===
[2026-06-08 17:12:38] POST data: Array
(
    [action] => get_materias_y_talleres_por_anio
    [anio] => 4
)

[2026-06-08 17:12:38] Sesión activa - DNI: 37325413
[2026-06-08 17:12:38] Rol: Preceptor
[2026-06-08 17:12:38] Conexión a BD exitosa
[2026-06-08 17:12:38] Action: get_materias_y_talleres_por_anio
[2026-06-08 17:12:38] === PROCESANDO get_materias_y_talleres_por_anio ===
[2026-06-08 17:12:38] Año: 4
[2026-06-08 17:12:38] Query materias: SELECT DISTINCT m.ID_materia, m.Nom_materia
                       FROM materia m
                       INNER JOIN curso c ON m.id_curso = c.ID_curso
                       WHERE c.curso = '4'
                       AND c.division = 'A'
                       AND m.Nom_materia NOT LIKE '%Taller%'
                       AND m.Nom_materia NOT LIKE '%Tutorias%'
                       AND m.Nom_materia NOT LIKE '%Tutoría%'
                       ORDER BY m.Nom_materia
[2026-06-08 17:12:38] Materias encontradas: 14
[2026-06-08 17:12:38] Total items a enviar: 14
[2026-06-08 17:25:41] === INICIO DE PETICIÓN ===
[2026-06-08 17:25:41] POST data: Array
(
    [action] => editar_previa
    [previa_id] => 335
    [tipo_previa] => 2
    [aprobado] => 1
)

[2026-06-08 17:25:41] Sesión activa - DNI: 37325413
[2026-06-08 17:25:41] Rol: Preceptor
[2026-06-08 17:25:41] Conexión a BD exitosa
[2026-06-08 17:25:41] Action: editar_previa
[2026-06-08 17:25:41] === editar_previa ===
[2026-06-08 17:25:41] previa_id: 335, tipo_previa: 2, aprobado: 1
[2026-06-08 17:25:41] Query: UPDATE previas SET ID_tp = '2', Aprobado = '1' WHERE ID_previas = '335'
[2026-06-10 07:44:41] === INICIO DE PETICIÓN ===
[2026-06-10 07:44:41] POST data: Array
(
    [action] => get_alumnos
    [curso_id] => 17
)

[2026-06-10 07:44:41] Sesión activa - DNI: 37325413
[2026-06-10 07:44:41] Rol: Preceptor
[2026-06-10 07:44:41] Conexión a BD exitosa
[2026-06-10 07:44:41] Action: get_alumnos
[2026-06-10 07:44:41] === PROCESANDO get_alumnos ===
[2026-06-10 07:44:41] Curso ID: 17
[2026-06-10 07:44:41] Query alumnos: SELECT u.DNI_U, u.Nombre, u.Apellido
              FROM usuario u
              WHERE u.id_curso = '17'
              AND u.ID_rol = 3
              AND u.ID_Estado = 1
              ORDER BY u.Apellido, u.Nombre
[2026-06-10 07:44:41] Alumnos encontrados: 27
[2026-06-10 07:59:44] === INICIO DE PETICIÓN ===
[2026-06-10 07:59:44] POST data: Array
(
    [action] => get_alumnos
    [curso_id] => 10
)

[2026-06-10 07:59:44] Sesión activa - DNI: 32736064
[2026-06-10 07:59:44] Rol: Preceptor
[2026-06-10 07:59:44] Conexión a BD exitosa
[2026-06-10 07:59:44] Action: get_alumnos
[2026-06-10 07:59:44] === PROCESANDO get_alumnos ===
[2026-06-10 07:59:44] Curso ID: 10
[2026-06-10 07:59:44] Query alumnos: SELECT u.DNI_U, u.Nombre, u.Apellido
              FROM usuario u
              WHERE u.id_curso = '10'
              AND u.ID_rol = 3
              AND u.ID_Estado = 1
              ORDER BY u.Apellido, u.Nombre
[2026-06-10 07:59:44] Alumnos encontrados: 26
[2026-06-10 15:38:31] === INICIO DE PETICIÓN ===
[2026-06-10 15:38:31] POST data: Array
(
    [action] => get_alumnos
    [curso_id] => 17
)

[2026-06-10 15:38:31] Sesión activa - DNI: 37325413
[2026-06-10 15:38:31] Rol: Preceptor
[2026-06-10 15:38:31] Conexión a BD exitosa
[2026-06-10 15:38:31] Action: get_alumnos
[2026-06-10 15:38:31] === PROCESANDO get_alumnos ===
[2026-06-10 15:38:31] Curso ID: 17
[2026-06-10 15:38:31] Query alumnos: SELECT u.DNI_U, u.Nombre, u.Apellido
              FROM usuario u
              WHERE u.id_curso = '17'
              AND u.ID_rol = 3
              AND u.ID_Estado = 1
              ORDER BY u.Apellido, u.Nombre
[2026-06-10 15:38:31] Alumnos encontrados: 27
[2026-06-10 15:40:54] === INICIO DE PETICIÓN ===
[2026-06-10 15:40:54] POST data: Array
(
    [action] => editar_previa
    [previa_id] => 353
    [tipo_previa] => 2
    [aprobado] => 1
)

[2026-06-10 15:40:54] Sesión activa - DNI: 37325413
[2026-06-10 15:40:54] Rol: Preceptor
[2026-06-10 15:40:54] Conexión a BD exitosa
[2026-06-10 15:40:54] Action: editar_previa
[2026-06-10 15:40:54] === editar_previa ===
[2026-06-10 15:40:54] previa_id: 353, tipo_previa: 2, aprobado: 1
[2026-06-10 15:40:54] Query: UPDATE previas SET ID_tp = '2', Aprobado = '1' WHERE ID_previas = '353'
[2026-06-10 15:42:56] === INICIO DE PETICIÓN ===
[2026-06-10 15:42:56] POST data: Array
(
    [action] => editar_previa
    [previa_id] => 374
    [tipo_previa] => 2
    [aprobado] => 1
)

[2026-06-10 15:42:56] Sesión activa - DNI: 37325413
[2026-06-10 15:42:56] Rol: Preceptor
[2026-06-10 15:42:56] Conexión a BD exitosa
[2026-06-10 15:42:56] Action: editar_previa
[2026-06-10 15:42:56] === editar_previa ===
[2026-06-10 15:42:56] previa_id: 374, tipo_previa: 2, aprobado: 1
[2026-06-10 15:42:56] Query: UPDATE previas SET ID_tp = '2', Aprobado = '1' WHERE ID_previas = '374'
[2026-06-11 13:33:05] === INICIO DE PETICIÓN ===
[2026-06-11 13:33:05] POST data: Array
(
    [action] => get_alumnos
    [curso_id] => 12
)

[2026-06-11 13:33:05] Sesión activa - DNI: 98989898
[2026-06-11 13:33:05] Rol: Admin
[2026-06-11 13:33:05] Conexión a BD exitosa
[2026-06-11 13:33:05] Action: get_alumnos
[2026-06-11 13:33:05] === PROCESANDO get_alumnos ===
[2026-06-11 13:33:05] Curso ID: 12
[2026-06-11 13:33:05] Query alumnos: SELECT u.DNI_U, u.Nombre, u.Apellido
              FROM usuario u
              WHERE u.id_curso = '12'
              AND u.ID_rol = 3
              AND u.ID_Estado = 1
              ORDER BY u.Apellido, u.Nombre
[2026-06-11 13:33:05] Alumnos encontrados: 30
[2026-06-11 15:40:50] === INICIO DE PETICIÓN ===
[2026-06-11 15:40:50] POST data: Array
(
    [action] => get_alumnos
    [curso_id] => 12
)

[2026-06-11 15:40:50] Sesión activa - DNI: 98989898
[2026-06-11 15:40:50] Rol: Admin
[2026-06-11 15:40:50] Conexión a BD exitosa
[2026-06-11 15:40:50] Action: get_alumnos
[2026-06-11 15:40:50] === PROCESANDO get_alumnos ===
[2026-06-11 15:40:50] Curso ID: 12
[2026-06-11 15:40:50] Query alumnos: SELECT u.DNI_U, u.Nombre, u.Apellido
              FROM usuario u
              WHERE u.id_curso = '12'
              AND u.ID_rol = 3
              AND u.ID_Estado = 1
              ORDER BY u.Apellido, u.Nombre
[2026-06-11 15:40:50] Alumnos encontrados: 30
[2026-06-11 15:41:07] === INICIO DE PETICIÓN ===
[2026-06-11 15:41:07] POST data: Array
(
    [action] => get_materias_y_talleres_por_anio
    [anio] => 2
)

[2026-06-11 15:41:07] Sesión activa - DNI: 98989898
[2026-06-11 15:41:07] Rol: Admin
[2026-06-11 15:41:07] Conexión a BD exitosa
[2026-06-11 15:41:07] Action: get_materias_y_talleres_por_anio
[2026-06-11 15:41:07] === PROCESANDO get_materias_y_talleres_por_anio ===
[2026-06-11 15:41:07] Año: 2
[2026-06-11 15:41:07] Query materias: SELECT DISTINCT m.ID_materia, m.Nom_materia
                       FROM materia m
                       INNER JOIN curso c ON m.id_curso = c.ID_curso
                       WHERE c.curso = '2'
                       AND c.division = 'A'
                       AND m.Nom_materia NOT LIKE '%Taller%'
                       AND m.Nom_materia NOT LIKE '%Tutorias%'
                       AND m.Nom_materia NOT LIKE '%Tutoría%'
                       ORDER BY m.Nom_materia
[2026-06-11 15:41:07] Materias encontradas: 11
[2026-06-11 15:41:07] Query talleres: SELECT ID_taller, nombre 
                           FROM talleres 
                           WHERE anio_taller = 'II' 
                           AND activo = 1
                           ORDER BY nombre
[2026-06-11 15:41:07] Talleres encontrados: 6
[2026-06-11 15:41:07] Total items a enviar: 17
[2026-06-11 15:41:16] === INICIO DE PETICIÓN ===
[2026-06-11 15:41:16] POST data: Array
(
    [action] => guardar_previa
    [alumno_id] => 50456587
    [tipo_item] => materia
    [tipo_previa] => 2
    [id_materia] => 84
)

[2026-06-11 15:41:16] Sesión activa - DNI: 98989898
[2026-06-11 15:41:16] Rol: Admin
[2026-06-11 15:41:16] Conexión a BD exitosa
[2026-06-11 15:41:16] Action: guardar_previa
[2026-06-11 15:41:16] === PROCESANDO guardar_previa ===
[2026-06-11 15:41:16] alumno_id: 50456587
[2026-06-11 15:41:16] id_materia: 84
[2026-06-11 15:41:16] id_taller: NULL
[2026-06-11 15:41:16] tipo_item: materia
[2026-06-11 15:41:16] tipo_previa: 2
[2026-06-11 15:41:16] Query check: SELECT ID_previas FROM previas WHERE DNI_U = '50456587' AND ID_materia = '84' AND ID_taller IS NULL
[2026-06-11 15:41:16] Query insert: INSERT INTO previas (DNI_U, ID_materia, ID_taller, Aprobado, ID_tp) 
                  VALUES ('50456587', '84', NULL, 0, '2')
[2026-06-11 15:41:16] Previa guardada correctamente - filas afectadas: 1
[2026-06-11 15:41:27] === INICIO DE PETICIÓN ===
[2026-06-11 15:41:27] POST data: Array
(
    [action] => get_alumnos
    [curso_id] => 12
)

[2026-06-11 15:41:27] Sesión activa - DNI: 98989898
[2026-06-11 15:41:27] Rol: Admin
[2026-06-11 15:41:27] Conexión a BD exitosa
[2026-06-11 15:41:27] Action: get_alumnos
[2026-06-11 15:41:27] === PROCESANDO get_alumnos ===
[2026-06-11 15:41:27] Curso ID: 12
[2026-06-11 15:41:27] Query alumnos: SELECT u.DNI_U, u.Nombre, u.Apellido
              FROM usuario u
              WHERE u.id_curso = '12'
              AND u.ID_rol = 3
              AND u.ID_Estado = 1
              ORDER BY u.Apellido, u.Nombre
[2026-06-11 15:41:27] Alumnos encontrados: 30
[2026-06-11 15:41:34] === INICIO DE PETICIÓN ===
[2026-06-11 15:41:34] POST data: Array
(
    [action] => get_materias_y_talleres_por_anio
    [anio] => 2
)

[2026-06-11 15:41:34] Sesión activa - DNI: 98989898
[2026-06-11 15:41:34] Rol: Admin
[2026-06-11 15:41:34] Conexión a BD exitosa
[2026-06-11 15:41:34] Action: get_materias_y_talleres_por_anio
[2026-06-11 15:41:34] === PROCESANDO get_materias_y_talleres_por_anio ===
[2026-06-11 15:41:34] Año: 2
[2026-06-11 15:41:34] Query materias: SELECT DISTINCT m.ID_materia, m.Nom_materia
                       FROM materia m
                       INNER JOIN curso c ON m.id_curso = c.ID_curso
                       WHERE c.curso = '2'
                       AND c.division = 'A'
                       AND m.Nom_materia NOT LIKE '%Taller%'
                       AND m.Nom_materia NOT LIKE '%Tutorias%'
                       AND m.Nom_materia NOT LIKE '%Tutoría%'
                       ORDER BY m.Nom_materia
[2026-06-11 15:41:34] Materias encontradas: 11
[2026-06-11 15:41:34] Query talleres: SELECT ID_taller, nombre 
                           FROM talleres 
                           WHERE anio_taller = 'II' 
                           AND activo = 1
                           ORDER BY nombre
[2026-06-11 15:41:34] Talleres encontrados: 6
[2026-06-11 15:41:34] Total items a enviar: 17
[2026-06-11 15:41:39] === INICIO DE PETICIÓN ===
[2026-06-11 15:41:39] POST data: Array
(
    [action] => guardar_previa
    [alumno_id] => 50659802
    [tipo_item] => materia
    [tipo_previa] => 2
    [id_materia] => 84
)

[2026-06-11 15:41:39] Sesión activa - DNI: 98989898
[2026-06-11 15:41:39] Rol: Admin
[2026-06-11 15:41:39] Conexión a BD exitosa
[2026-06-11 15:41:39] Action: guardar_previa
[2026-06-11 15:41:39] === PROCESANDO guardar_previa ===
[2026-06-11 15:41:39] alumno_id: 50659802
[2026-06-11 15:41:39] id_materia: 84
[2026-06-11 15:41:39] id_taller: NULL
[2026-06-11 15:41:39] tipo_item: materia
[2026-06-11 15:41:39] tipo_previa: 2
[2026-06-11 15:41:39] Query check: SELECT ID_previas FROM previas WHERE DNI_U = '50659802' AND ID_materia = '84' AND ID_taller IS NULL
[2026-06-11 15:41:39] Query insert: INSERT INTO previas (DNI_U, ID_materia, ID_taller, Aprobado, ID_tp) 
                  VALUES ('50659802', '84', NULL, 0, '2')
[2026-06-11 15:41:39] Previa guardada correctamente - filas afectadas: 1
[2026-06-11 15:41:47] === INICIO DE PETICIÓN ===
[2026-06-11 15:41:47] POST data: Array
(
    [action] => get_alumnos
    [curso_id] => 12
)

[2026-06-11 15:41:47] Sesión activa - DNI: 98989898
[2026-06-11 15:41:47] Rol: Admin
[2026-06-11 15:41:47] Conexión a BD exitosa
[2026-06-11 15:41:47] Action: get_alumnos
[2026-06-11 15:41:47] === PROCESANDO get_alumnos ===
[2026-06-11 15:41:47] Curso ID: 12
[2026-06-11 15:41:47] Query alumnos: SELECT u.DNI_U, u.Nombre, u.Apellido
              FROM usuario u
              WHERE u.id_curso = '12'
              AND u.ID_rol = 3
              AND u.ID_Estado = 1
              ORDER BY u.Apellido, u.Nombre
[2026-06-11 15:41:47] Alumnos encontrados: 30
[2026-06-11 15:41:52] === INICIO DE PETICIÓN ===
[2026-06-11 15:41:52] POST data: Array
(
    [action] => get_materias_y_talleres_por_anio
    [anio] => 1
)

[2026-06-11 15:41:52] Sesión activa - DNI: 98989898
[2026-06-11 15:41:52] Rol: Admin
[2026-06-11 15:41:52] Conexión a BD exitosa
[2026-06-11 15:41:52] Action: get_materias_y_talleres_por_anio
[2026-06-11 15:41:52] === PROCESANDO get_materias_y_talleres_por_anio ===
[2026-06-11 15:41:52] Año: 1
[2026-06-11 15:41:52] Query materias: SELECT DISTINCT m.ID_materia, m.Nom_materia
                       FROM materia m
                       INNER JOIN curso c ON m.id_curso = c.ID_curso
                       WHERE c.curso = '1'
                       AND c.division = 'A'
                       AND m.Nom_materia NOT LIKE '%Taller%'
                       AND m.Nom_materia NOT LIKE '%Tutorias%'
                       AND m.Nom_materia NOT LIKE '%Tutoría%'
                       ORDER BY m.Nom_materia
[2026-06-11 15:41:52] Materias encontradas: 10
[2026-06-11 15:41:52] Query talleres: SELECT ID_taller, nombre 
                           FROM talleres 
                           WHERE anio_taller = 'I' 
                           AND activo = 1
                           ORDER BY nombre
[2026-06-11 15:41:52] Talleres encontrados: 6
[2026-06-11 15:41:52] Total items a enviar: 16
[2026-06-11 15:41:57] === INICIO DE PETICIÓN ===
[2026-06-11 15:41:57] POST data: Array
(
    [action] => get_alumnos
    [curso_id] => 6
)

[2026-06-11 15:41:57] Sesión activa - DNI: 98989898
[2026-06-11 15:41:57] Rol: Admin
[2026-06-11 15:41:57] Conexión a BD exitosa
[2026-06-11 15:41:57] Action: get_alumnos
[2026-06-11 15:41:57] === PROCESANDO get_alumnos ===
[2026-06-11 15:41:57] Curso ID: 6
[2026-06-11 15:41:57] Query alumnos: SELECT u.DNI_U, u.Nombre, u.Apellido
              FROM usuario u
              WHERE u.id_curso = '6'
              AND u.ID_rol = 3
              AND u.ID_Estado = 1
              ORDER BY u.Apellido, u.Nombre
[2026-06-11 15:41:57] Alumnos encontrados: 29
[2026-06-11 15:42:00] === INICIO DE PETICIÓN ===
[2026-06-11 15:42:00] POST data: Array
(
    [action] => get_alumnos
    [curso_id] => 12
)

[2026-06-11 15:42:00] Sesión activa - DNI: 98989898
[2026-06-11 15:42:00] Rol: Admin
[2026-06-11 15:42:00] Conexión a BD exitosa
[2026-06-11 15:42:00] Action: get_alumnos
[2026-06-11 15:42:00] === PROCESANDO get_alumnos ===
[2026-06-11 15:42:00] Curso ID: 12
[2026-06-11 15:42:00] Query alumnos: SELECT u.DNI_U, u.Nombre, u.Apellido
              FROM usuario u
              WHERE u.id_curso = '12'
              AND u.ID_rol = 3
              AND u.ID_Estado = 1
              ORDER BY u.Apellido, u.Nombre
[2026-06-11 15:42:00] Alumnos encontrados: 30
[2026-06-11 15:42:07] === INICIO DE PETICIÓN ===
[2026-06-11 15:42:07] POST data: Array
(
    [action] => get_materias_y_talleres_por_anio
    [anio] => 2
)

[2026-06-11 15:42:07] Sesión activa - DNI: 98989898
[2026-06-11 15:42:07] Rol: Admin
[2026-06-11 15:42:07] Conexión a BD exitosa
[2026-06-11 15:42:07] Action: get_materias_y_talleres_por_anio
[2026-06-11 15:42:07] === PROCESANDO get_materias_y_talleres_por_anio ===
[2026-06-11 15:42:07] Año: 2
[2026-06-11 15:42:07] Query materias: SELECT DISTINCT m.ID_materia, m.Nom_materia
                       FROM materia m
                       INNER JOIN curso c ON m.id_curso = c.ID_curso
                       WHERE c.curso = '2'
                       AND c.division = 'A'
                       AND m.Nom_materia NOT LIKE '%Taller%'
                       AND m.Nom_materia NOT LIKE '%Tutorias%'
                       AND m.Nom_materia NOT LIKE '%Tutoría%'
                       ORDER BY m.Nom_materia
[2026-06-11 15:42:07] Materias encontradas: 11
[2026-06-11 15:42:07] Query talleres: SELECT ID_taller, nombre 
                           FROM talleres 
                           WHERE anio_taller = 'II' 
                           AND activo = 1
                           ORDER BY nombre
[2026-06-11 15:42:07] Talleres encontrados: 6
[2026-06-11 15:42:07] Total items a enviar: 17
[2026-06-11 15:42:08] === INICIO DE PETICIÓN ===
[2026-06-11 15:42:08] POST data: Array
(
    [action] => get_materias_y_talleres_por_anio
    [anio] => 1
)

[2026-06-11 15:42:08] Sesión activa - DNI: 98989898
[2026-06-11 15:42:08] Rol: Admin
[2026-06-11 15:42:08] Conexión a BD exitosa
[2026-06-11 15:42:08] Action: get_materias_y_talleres_por_anio
[2026-06-11 15:42:08] === PROCESANDO get_materias_y_talleres_por_anio ===
[2026-06-11 15:42:08] Año: 1
[2026-06-11 15:42:08] Query materias: SELECT DISTINCT m.ID_materia, m.Nom_materia
                       FROM materia m
                       INNER JOIN curso c ON m.id_curso = c.ID_curso
                       WHERE c.curso = '1'
                       AND c.division = 'A'
                       AND m.Nom_materia NOT LIKE '%Taller%'
                       AND m.Nom_materia NOT LIKE '%Tutorias%'
                       AND m.Nom_materia NOT LIKE '%Tutoría%'
                       ORDER BY m.Nom_materia
[2026-06-11 15:42:08] Materias encontradas: 10
[2026-06-11 15:42:08] Query talleres: SELECT ID_taller, nombre 
                           FROM talleres 
                           WHERE anio_taller = 'I' 
                           AND activo = 1
                           ORDER BY nombre
[2026-06-11 15:42:08] Talleres encontrados: 6
[2026-06-11 15:42:08] Total items a enviar: 16
[2026-06-11 15:42:22] === INICIO DE PETICIÓN ===
[2026-06-11 15:42:22] POST data: Array
(
    [action] => guardar_previa
    [alumno_id] => 50730449
    [tipo_item] => materia
    [tipo_previa] => 2
    [id_materia] => 21
)

[2026-06-11 15:42:22] Sesión activa - DNI: 98989898
[2026-06-11 15:42:22] Rol: Admin
[2026-06-11 15:42:22] Conexión a BD exitosa
[2026-06-11 15:42:22] Action: guardar_previa
[2026-06-11 15:42:22] === PROCESANDO guardar_previa ===
[2026-06-11 15:42:22] alumno_id: 50730449
[2026-06-11 15:42:22] id_materia: 21
[2026-06-11 15:42:22] id_taller: NULL
[2026-06-11 15:42:22] tipo_item: materia
[2026-06-11 15:42:22] tipo_previa: 2
[2026-06-11 15:42:22] Query check: SELECT ID_previas FROM previas WHERE DNI_U = '50730449' AND ID_materia = '21' AND ID_taller IS NULL
[2026-06-11 15:42:22] Query insert: INSERT INTO previas (DNI_U, ID_materia, ID_taller, Aprobado, ID_tp) 
                  VALUES ('50730449', '21', NULL, 0, '2')
[2026-06-11 15:42:22] Previa guardada correctamente - filas afectadas: 1
[2026-06-11 15:42:34] === INICIO DE PETICIÓN ===
[2026-06-11 15:42:34] POST data: Array
(
    [action] => get_alumnos
    [curso_id] => 12
)

[2026-06-11 15:42:34] Sesión activa - DNI: 98989898
[2026-06-11 15:42:34] Rol: Admin
[2026-06-11 15:42:34] Conexión a BD exitosa
[2026-06-11 15:42:34] Action: get_alumnos
[2026-06-11 15:42:34] === PROCESANDO get_alumnos ===
[2026-06-11 15:42:34] Curso ID: 12
[2026-06-11 15:42:34] Query alumnos: SELECT u.DNI_U, u.Nombre, u.Apellido
              FROM usuario u
              WHERE u.id_curso = '12'
              AND u.ID_rol = 3
              AND u.ID_Estado = 1
              ORDER BY u.Apellido, u.Nombre
[2026-06-11 15:42:34] Alumnos encontrados: 30
[2026-06-11 15:42:44] === INICIO DE PETICIÓN ===
[2026-06-11 15:42:44] POST data: Array
(
    [action] => get_materias_y_talleres_por_anio
    [anio] => 2
)

[2026-06-11 15:42:44] Sesión activa - DNI: 98989898
[2026-06-11 15:42:44] Rol: Admin
[2026-06-11 15:42:44] Conexión a BD exitosa
[2026-06-11 15:42:44] Action: get_materias_y_talleres_por_anio
[2026-06-11 15:42:44] === PROCESANDO get_materias_y_talleres_por_anio ===
[2026-06-11 15:42:44] Año: 2
[2026-06-11 15:42:44] Query materias: SELECT DISTINCT m.ID_materia, m.Nom_materia
                       FROM materia m
                       INNER JOIN curso c ON m.id_curso = c.ID_curso
                       WHERE c.curso = '2'
                       AND c.division = 'A'
                       AND m.Nom_materia NOT LIKE '%Taller%'
                       AND m.Nom_materia NOT LIKE '%Tutorias%'
                       AND m.Nom_materia NOT LIKE '%Tutoría%'
                       ORDER BY m.Nom_materia
[2026-06-11 15:42:44] Materias encontradas: 11
[2026-06-11 15:42:44] Query talleres: SELECT ID_taller, nombre 
                           FROM talleres 
                           WHERE anio_taller = 'II' 
                           AND activo = 1
                           ORDER BY nombre
[2026-06-11 15:42:44] Talleres encontrados: 6
[2026-06-11 15:42:44] Total items a enviar: 17
[2026-06-11 15:42:51] === INICIO DE PETICIÓN ===
[2026-06-11 15:42:51] POST data: Array
(
    [action] => guardar_previa
    [alumno_id] => 50730449
    [tipo_item] => materia
    [tipo_previa] => 2
    [id_materia] => 81
)

[2026-06-11 15:42:51] Sesión activa - DNI: 98989898
[2026-06-11 15:42:51] Rol: Admin
[2026-06-11 15:42:51] Conexión a BD exitosa
[2026-06-11 15:42:51] Action: guardar_previa
[2026-06-11 15:42:51] === PROCESANDO guardar_previa ===
[2026-06-11 15:42:51] alumno_id: 50730449
[2026-06-11 15:42:51] id_materia: 81
[2026-06-11 15:42:51] id_taller: NULL
[2026-06-11 15:42:51] tipo_item: materia
[2026-06-11 15:42:51] tipo_previa: 2
[2026-06-11 15:42:51] Query check: SELECT ID_previas FROM previas WHERE DNI_U = '50730449' AND ID_materia = '81' AND ID_taller IS NULL
[2026-06-11 15:42:51] Query insert: INSERT INTO previas (DNI_U, ID_materia, ID_taller, Aprobado, ID_tp) 
                  VALUES ('50730449', '81', NULL, 0, '2')
[2026-06-11 15:42:51] Previa guardada correctamente - filas afectadas: 1
[2026-06-11 15:42:56] === INICIO DE PETICIÓN ===
[2026-06-11 15:42:56] POST data: Array
(
    [action] => get_alumnos
    [curso_id] => 12
)

[2026-06-11 15:42:56] Sesión activa - DNI: 98989898
[2026-06-11 15:42:56] Rol: Admin
[2026-06-11 15:42:56] Conexión a BD exitosa
[2026-06-11 15:42:56] Action: get_alumnos
[2026-06-11 15:42:56] === PROCESANDO get_alumnos ===
[2026-06-11 15:42:56] Curso ID: 12
[2026-06-11 15:42:56] Query alumnos: SELECT u.DNI_U, u.Nombre, u.Apellido
              FROM usuario u
              WHERE u.id_curso = '12'
              AND u.ID_rol = 3
              AND u.ID_Estado = 1
              ORDER BY u.Apellido, u.Nombre
[2026-06-11 15:42:56] Alumnos encontrados: 30
[2026-06-11 15:43:00] === INICIO DE PETICIÓN ===
[2026-06-11 15:43:00] POST data: Array
(
    [action] => get_materias_y_talleres_por_anio
    [anio] => 2
)

[2026-06-11 15:43:00] Sesión activa - DNI: 98989898
[2026-06-11 15:43:00] Rol: Admin
[2026-06-11 15:43:00] Conexión a BD exitosa
[2026-06-11 15:43:00] Action: get_materias_y_talleres_por_anio
[2026-06-11 15:43:00] === PROCESANDO get_materias_y_talleres_por_anio ===
[2026-06-11 15:43:00] Año: 2
[2026-06-11 15:43:00] Query materias: SELECT DISTINCT m.ID_materia, m.Nom_materia
                       FROM materia m
                       INNER JOIN curso c ON m.id_curso = c.ID_curso
                       WHERE c.curso = '2'
                       AND c.division = 'A'
                       AND m.Nom_materia NOT LIKE '%Taller%'
                       AND m.Nom_materia NOT LIKE '%Tutorias%'
                       AND m.Nom_materia NOT LIKE '%Tutoría%'
                       ORDER BY m.Nom_materia
[2026-06-11 15:43:00] Materias encontradas: 11
[2026-06-11 15:43:00] Query talleres: SELECT ID_taller, nombre 
                           FROM talleres 
                           WHERE anio_taller = 'II' 
                           AND activo = 1
                           ORDER BY nombre
[2026-06-11 15:43:00] Talleres encontrados: 6
[2026-06-11 15:43:00] Total items a enviar: 17
[2026-06-11 15:43:06] === INICIO DE PETICIÓN ===
[2026-06-11 15:43:06] POST data: Array
(
    [action] => guardar_previa
    [alumno_id] => 50730449
    [tipo_item] => materia
    [tipo_previa] => 2
    [id_materia] => 84
)

[2026-06-11 15:43:06] Sesión activa - DNI: 98989898
[2026-06-11 15:43:06] Rol: Admin
[2026-06-11 15:43:06] Conexión a BD exitosa
[2026-06-11 15:43:06] Action: guardar_previa
[2026-06-11 15:43:06] === PROCESANDO guardar_previa ===
[2026-06-11 15:43:06] alumno_id: 50730449
[2026-06-11 15:43:06] id_materia: 84
[2026-06-11 15:43:06] id_taller: NULL
[2026-06-11 15:43:06] tipo_item: materia
[2026-06-11 15:43:06] tipo_previa: 2
[2026-06-11 15:43:06] Query check: SELECT ID_previas FROM previas WHERE DNI_U = '50730449' AND ID_materia = '84' AND ID_taller IS NULL
[2026-06-11 15:43:06] Query insert: INSERT INTO previas (DNI_U, ID_materia, ID_taller, Aprobado, ID_tp) 
                  VALUES ('50730449', '84', NULL, 0, '2')
[2026-06-11 15:43:06] Previa guardada correctamente - filas afectadas: 1
[2026-06-11 15:43:15] === INICIO DE PETICIÓN ===
[2026-06-11 15:43:15] POST data: Array
(
    [action] => get_alumnos
    [curso_id] => 12
)

[2026-06-11 15:43:15] Sesión activa - DNI: 98989898
[2026-06-11 15:43:15] Rol: Admin
[2026-06-11 15:43:15] Conexión a BD exitosa
[2026-06-11 15:43:15] Action: get_alumnos
[2026-06-11 15:43:15] === PROCESANDO get_alumnos ===
[2026-06-11 15:43:15] Curso ID: 12
[2026-06-11 15:43:15] Query alumnos: SELECT u.DNI_U, u.Nombre, u.Apellido
              FROM usuario u
              WHERE u.id_curso = '12'
              AND u.ID_rol = 3
              AND u.ID_Estado = 1
              ORDER BY u.Apellido, u.Nombre
[2026-06-11 15:43:15] Alumnos encontrados: 30
[2026-06-11 15:43:22] === INICIO DE PETICIÓN ===
[2026-06-11 15:43:22] POST data: Array
(
    [action] => get_materias_y_talleres_por_anio
    [anio] => 1
)

[2026-06-11 15:43:22] Sesión activa - DNI: 98989898
[2026-06-11 15:43:22] Rol: Admin
[2026-06-11 15:43:22] Conexión a BD exitosa
[2026-06-11 15:43:22] Action: get_materias_y_talleres_por_anio
[2026-06-11 15:43:22] === PROCESANDO get_materias_y_talleres_por_anio ===
[2026-06-11 15:43:22] Año: 1
[2026-06-11 15:43:22] Query materias: SELECT DISTINCT m.ID_materia, m.Nom_materia
                       FROM materia m
                       INNER JOIN curso c ON m.id_curso = c.ID_curso
                       WHERE c.curso = '1'
                       AND c.division = 'A'
                       AND m.Nom_materia NOT LIKE '%Taller%'
                       AND m.Nom_materia NOT LIKE '%Tutorias%'
                       AND m.Nom_materia NOT LIKE '%Tutoría%'
                       ORDER BY m.Nom_materia
[2026-06-11 15:43:22] Materias encontradas: 10
[2026-06-11 15:43:22] Query talleres: SELECT ID_taller, nombre 
                           FROM talleres 
                           WHERE anio_taller = 'I' 
                           AND activo = 1
                           ORDER BY nombre
[2026-06-11 15:43:22] Talleres encontrados: 6
[2026-06-11 15:43:22] Total items a enviar: 16
[2026-06-11 15:43:29] === INICIO DE PETICIÓN ===
[2026-06-11 15:43:29] POST data: Array
(
    [action] => guardar_previa
    [alumno_id] => 50458305
    [tipo_item] => materia
    [tipo_previa] => 2
    [id_materia] => 23
)

[2026-06-11 15:43:29] Sesión activa - DNI: 98989898
[2026-06-11 15:43:29] Rol: Admin
[2026-06-11 15:43:29] Conexión a BD exitosa
[2026-06-11 15:43:29] Action: guardar_previa
[2026-06-11 15:43:29] === PROCESANDO guardar_previa ===
[2026-06-11 15:43:29] alumno_id: 50458305
[2026-06-11 15:43:29] id_materia: 23
[2026-06-11 15:43:29] id_taller: NULL
[2026-06-11 15:43:29] tipo_item: materia
[2026-06-11 15:43:29] tipo_previa: 2
[2026-06-11 15:43:29] Query check: SELECT ID_previas FROM previas WHERE DNI_U = '50458305' AND ID_materia = '23' AND ID_taller IS NULL
[2026-06-11 15:43:29] Query insert: INSERT INTO previas (DNI_U, ID_materia, ID_taller, Aprobado, ID_tp) 
                  VALUES ('50458305', '23', NULL, 0, '2')
[2026-06-11 15:43:29] Previa guardada correctamente - filas afectadas: 1
[2026-06-11 15:43:33] === INICIO DE PETICIÓN ===
[2026-06-11 15:43:33] POST data: Array
(
    [action] => get_alumnos
    [curso_id] => 12
)

[2026-06-11 15:43:33] Sesión activa - DNI: 98989898
[2026-06-11 15:43:33] Rol: Admin
[2026-06-11 15:43:33] Conexión a BD exitosa
[2026-06-11 15:43:33] Action: get_alumnos
[2026-06-11 15:43:33] === PROCESANDO get_alumnos ===
[2026-06-11 15:43:33] Curso ID: 12
[2026-06-11 15:43:33] Query alumnos: SELECT u.DNI_U, u.Nombre, u.Apellido
              FROM usuario u
              WHERE u.id_curso = '12'
              AND u.ID_rol = 3
              AND u.ID_Estado = 1
              ORDER BY u.Apellido, u.Nombre
[2026-06-11 15:43:33] Alumnos encontrados: 30
[2026-06-11 15:43:37] === INICIO DE PETICIÓN ===
[2026-06-11 15:43:37] POST data: Array
(
    [action] => get_materias_y_talleres_por_anio
    [anio] => 2
)

[2026-06-11 15:43:37] Sesión activa - DNI: 98989898
[2026-06-11 15:43:37] Rol: Admin
[2026-06-11 15:43:37] Conexión a BD exitosa
[2026-06-11 15:43:37] Action: get_materias_y_talleres_por_anio
[2026-06-11 15:43:37] === PROCESANDO get_materias_y_talleres_por_anio ===
[2026-06-11 15:43:37] Año: 2
[2026-06-11 15:43:37] Query materias: SELECT DISTINCT m.ID_materia, m.Nom_materia
                       FROM materia m
                       INNER JOIN curso c ON m.id_curso = c.ID_curso
                       WHERE c.curso = '2'
                       AND c.division = 'A'
                       AND m.Nom_materia NOT LIKE '%Taller%'
                       AND m.Nom_materia NOT LIKE '%Tutorias%'
                       AND m.Nom_materia NOT LIKE '%Tutoría%'
                       ORDER BY m.Nom_materia
[2026-06-11 15:43:37] Materias encontradas: 11
[2026-06-11 15:43:37] Query talleres: SELECT ID_taller, nombre 
                           FROM talleres 
                           WHERE anio_taller = 'II' 
                           AND activo = 1
                           ORDER BY nombre
[2026-06-11 15:43:37] Talleres encontrados: 6
[2026-06-11 15:43:37] Total items a enviar: 17
[2026-06-11 15:43:44] === INICIO DE PETICIÓN ===
[2026-06-11 15:43:44] POST data: Array
(
    [action] => guardar_previa
    [alumno_id] => 50731399
    [tipo_item] => materia
    [tipo_previa] => 2
    [id_materia] => 82
)

[2026-06-11 15:43:44] Sesión activa - DNI: 98989898
[2026-06-11 15:43:44] Rol: Admin
[2026-06-11 15:43:44] Conexión a BD exitosa
[2026-06-11 15:43:44] Action: guardar_previa
[2026-06-11 15:43:44] === PROCESANDO guardar_previa ===
[2026-06-11 15:43:44] alumno_id: 50731399
[2026-06-11 15:43:44] id_materia: 82
[2026-06-11 15:43:44] id_taller: NULL
[2026-06-11 15:43:44] tipo_item: materia
[2026-06-11 15:43:44] tipo_previa: 2
[2026-06-11 15:43:44] Query check: SELECT ID_previas FROM previas WHERE DNI_U = '50731399' AND ID_materia = '82' AND ID_taller IS NULL
[2026-06-11 15:43:44] Query insert: INSERT INTO previas (DNI_U, ID_materia, ID_taller, Aprobado, ID_tp) 
                  VALUES ('50731399', '82', NULL, 0, '2')
[2026-06-11 15:43:44] Previa guardada correctamente - filas afectadas: 1
[2026-06-11 15:43:49] === INICIO DE PETICIÓN ===
[2026-06-11 15:43:49] POST data: Array
(
    [action] => get_alumnos
    [curso_id] => 12
)

[2026-06-11 15:43:49] Sesión activa - DNI: 98989898
[2026-06-11 15:43:49] Rol: Admin
[2026-06-11 15:43:49] Conexión a BD exitosa
[2026-06-11 15:43:49] Action: get_alumnos
[2026-06-11 15:43:49] === PROCESANDO get_alumnos ===
[2026-06-11 15:43:49] Curso ID: 12
[2026-06-11 15:43:49] Query alumnos: SELECT u.DNI_U, u.Nombre, u.Apellido
              FROM usuario u
              WHERE u.id_curso = '12'
              AND u.ID_rol = 3
              AND u.ID_Estado = 1
              ORDER BY u.Apellido, u.Nombre
[2026-06-11 15:43:49] Alumnos encontrados: 30
[2026-06-11 15:44:00] === INICIO DE PETICIÓN ===
[2026-06-11 15:44:00] POST data: Array
(
    [action] => get_materias_y_talleres_por_anio
    [anio] => 1
)

[2026-06-11 15:44:00] Sesión activa - DNI: 98989898
[2026-06-11 15:44:00] Rol: Admin
[2026-06-11 15:44:00] Conexión a BD exitosa
[2026-06-11 15:44:00] Action: get_materias_y_talleres_por_anio
[2026-06-11 15:44:00] === PROCESANDO get_materias_y_talleres_por_anio ===
[2026-06-11 15:44:00] Año: 1
[2026-06-11 15:44:00] Query materias: SELECT DISTINCT m.ID_materia, m.Nom_materia
                       FROM materia m
                       INNER JOIN curso c ON m.id_curso = c.ID_curso
                       WHERE c.curso = '1'
                       AND c.division = 'A'
                       AND m.Nom_materia NOT LIKE '%Taller%'
                       AND m.Nom_materia NOT LIKE '%Tutorias%'
                       AND m.Nom_materia NOT LIKE '%Tutoría%'
                       ORDER BY m.Nom_materia
[2026-06-11 15:44:00] Materias encontradas: 10
[2026-06-11 15:44:00] Query talleres: SELECT ID_taller, nombre 
                           FROM talleres 
                           WHERE anio_taller = 'I' 
                           AND activo = 1
                           ORDER BY nombre
[2026-06-11 15:44:00] Talleres encontrados: 6
[2026-06-11 15:44:00] Total items a enviar: 16
[2026-06-11 15:44:05] === INICIO DE PETICIÓN ===
[2026-06-11 15:44:05] POST data: Array
(
    [action] => guardar_previa
    [alumno_id] => 50943218
    [tipo_item] => materia
    [tipo_previa] => 2
    [id_materia] => 27
)

[2026-06-11 15:44:05] Sesión activa - DNI: 98989898
[2026-06-11 15:44:05] Rol: Admin
[2026-06-11 15:44:05] Conexión a BD exitosa
[2026-06-11 15:44:05] Action: guardar_previa
[2026-06-11 15:44:05] === PROCESANDO guardar_previa ===
[2026-06-11 15:44:05] alumno_id: 50943218
[2026-06-11 15:44:05] id_materia: 27
[2026-06-11 15:44:05] id_taller: NULL
[2026-06-11 15:44:05] tipo_item: materia
[2026-06-11 15:44:05] tipo_previa: 2
[2026-06-11 15:44:05] Query check: SELECT ID_previas FROM previas WHERE DNI_U = '50943218' AND ID_materia = '27' AND ID_taller IS NULL
[2026-06-11 15:44:05] Query insert: INSERT INTO previas (DNI_U, ID_materia, ID_taller, Aprobado, ID_tp) 
                  VALUES ('50943218', '27', NULL, 0, '2')
[2026-06-11 15:44:05] Previa guardada correctamente - filas afectadas: 1
[2026-06-11 15:44:09] === INICIO DE PETICIÓN ===
[2026-06-11 15:44:09] POST data: Array
(
    [action] => get_alumnos
    [curso_id] => 12
)

[2026-06-11 15:44:09] Sesión activa - DNI: 98989898
[2026-06-11 15:44:09] Rol: Admin
[2026-06-11 15:44:09] Conexión a BD exitosa
[2026-06-11 15:44:09] Action: get_alumnos
[2026-06-11 15:44:09] === PROCESANDO get_alumnos ===
[2026-06-11 15:44:09] Curso ID: 12
[2026-06-11 15:44:09] Query alumnos: SELECT u.DNI_U, u.Nombre, u.Apellido
              FROM usuario u
              WHERE u.id_curso = '12'
              AND u.ID_rol = 3
              AND u.ID_Estado = 1
              ORDER BY u.Apellido, u.Nombre
[2026-06-11 15:44:09] Alumnos encontrados: 30
[2026-06-11 15:44:16] === INICIO DE PETICIÓN ===
[2026-06-11 15:44:16] POST data: Array
(
    [action] => get_materias_y_talleres_por_anio
    [anio] => 2
)

[2026-06-11 15:44:16] Sesión activa - DNI: 98989898
[2026-06-11 15:44:16] Rol: Admin
[2026-06-11 15:44:16] Conexión a BD exitosa
[2026-06-11 15:44:16] Action: get_materias_y_talleres_por_anio
[2026-06-11 15:44:16] === PROCESANDO get_materias_y_talleres_por_anio ===
[2026-06-11 15:44:16] Año: 2
[2026-06-11 15:44:16] Query materias: SELECT DISTINCT m.ID_materia, m.Nom_materia
                       FROM materia m
                       INNER JOIN curso c ON m.id_curso = c.ID_curso
                       WHERE c.curso = '2'
                       AND c.division = 'A'
                       AND m.Nom_materia NOT LIKE '%Taller%'
                       AND m.Nom_materia NOT LIKE '%Tutorias%'
                       AND m.Nom_materia NOT LIKE '%Tutoría%'
                       ORDER BY m.Nom_materia
[2026-06-11 15:44:16] Materias encontradas: 11
[2026-06-11 15:44:16] Query talleres: SELECT ID_taller, nombre 
                           FROM talleres 
                           WHERE anio_taller = 'II' 
                           AND activo = 1
                           ORDER BY nombre
[2026-06-11 15:44:16] Talleres encontrados: 6
[2026-06-11 15:44:16] Total items a enviar: 17
[2026-06-11 15:44:23] === INICIO DE PETICIÓN ===
[2026-06-11 15:44:23] POST data: Array
(
    [action] => guardar_previa
    [alumno_id] => 50943218
    [tipo_item] => materia
    [tipo_previa] => 2
    [id_materia] => 84
)

[2026-06-11 15:44:23] Sesión activa - DNI: 98989898
[2026-06-11 15:44:23] Rol: Admin
[2026-06-11 15:44:23] Conexión a BD exitosa
[2026-06-11 15:44:23] Action: guardar_previa
[2026-06-11 15:44:23] === PROCESANDO guardar_previa ===
[2026-06-11 15:44:23] alumno_id: 50943218
[2026-06-11 15:44:23] id_materia: 84
[2026-06-11 15:44:23] id_taller: NULL
[2026-06-11 15:44:23] tipo_item: materia
[2026-06-11 15:44:23] tipo_previa: 2
[2026-06-11 15:44:23] Query check: SELECT ID_previas FROM previas WHERE DNI_U = '50943218' AND ID_materia = '84' AND ID_taller IS NULL
[2026-06-11 15:44:23] Query insert: INSERT INTO previas (DNI_U, ID_materia, ID_taller, Aprobado, ID_tp) 
                  VALUES ('50943218', '84', NULL, 0, '2')
[2026-06-11 15:44:23] Previa guardada correctamente - filas afectadas: 1
[2026-06-11 15:44:26] === INICIO DE PETICIÓN ===
[2026-06-11 15:44:26] POST data: Array
(
    [action] => get_alumnos
    [curso_id] => 12
)

[2026-06-11 15:44:26] Sesión activa - DNI: 98989898
[2026-06-11 15:44:26] Rol: Admin
[2026-06-11 15:44:26] Conexión a BD exitosa
[2026-06-11 15:44:26] Action: get_alumnos
[2026-06-11 15:44:26] === PROCESANDO get_alumnos ===
[2026-06-11 15:44:26] Curso ID: 12
[2026-06-11 15:44:26] Query alumnos: SELECT u.DNI_U, u.Nombre, u.Apellido
              FROM usuario u
              WHERE u.id_curso = '12'
              AND u.ID_rol = 3
              AND u.ID_Estado = 1
              ORDER BY u.Apellido, u.Nombre
[2026-06-11 15:44:26] Alumnos encontrados: 30
[2026-06-11 15:44:34] === INICIO DE PETICIÓN ===
[2026-06-11 15:44:34] POST data: Array
(
    [action] => get_materias_y_talleres_por_anio
    [anio] => 2
)

[2026-06-11 15:44:34] Sesión activa - DNI: 98989898
[2026-06-11 15:44:34] Rol: Admin
[2026-06-11 15:44:34] Conexión a BD exitosa
[2026-06-11 15:44:34] Action: get_materias_y_talleres_por_anio
[2026-06-11 15:44:34] === PROCESANDO get_materias_y_talleres_por_anio ===
[2026-06-11 15:44:34] Año: 2
[2026-06-11 15:44:34] Query materias: SELECT DISTINCT m.ID_materia, m.Nom_materia
                       FROM materia m
                       INNER JOIN curso c ON m.id_curso = c.ID_curso
                       WHERE c.curso = '2'
                       AND c.division = 'A'
                       AND m.Nom_materia NOT LIKE '%Taller%'
                       AND m.Nom_materia NOT LIKE '%Tutorias%'
                       AND m.Nom_materia NOT LIKE '%Tutoría%'
                       ORDER BY m.Nom_materia
[2026-06-11 15:44:34] Materias encontradas: 11
[2026-06-11 15:44:34] Query talleres: SELECT ID_taller, nombre 
                           FROM talleres 
                           WHERE anio_taller = 'II' 
                           AND activo = 1
                           ORDER BY nombre
[2026-06-11 15:44:34] Talleres encontrados: 6
[2026-06-11 15:44:34] Total items a enviar: 17
[2026-06-11 15:44:42] === INICIO DE PETICIÓN ===
[2026-06-11 15:44:42] POST data: Array
(
    [action] => guardar_previa
    [alumno_id] => 50943218
    [tipo_item] => materia
    [tipo_previa] => 2
    [id_materia] => 82
)

[2026-06-11 15:44:42] Sesión activa - DNI: 98989898
[2026-06-11 15:44:42] Rol: Admin
[2026-06-11 15:44:42] Conexión a BD exitosa
[2026-06-11 15:44:42] Action: guardar_previa
[2026-06-11 15:44:42] === PROCESANDO guardar_previa ===
[2026-06-11 15:44:42] alumno_id: 50943218
[2026-06-11 15:44:42] id_materia: 82
[2026-06-11 15:44:42] id_taller: NULL
[2026-06-11 15:44:42] tipo_item: materia
[2026-06-11 15:44:42] tipo_previa: 2
[2026-06-11 15:44:42] Query check: SELECT ID_previas FROM previas WHERE DNI_U = '50943218' AND ID_materia = '82' AND ID_taller IS NULL
[2026-06-11 15:44:42] Query insert: INSERT INTO previas (DNI_U, ID_materia, ID_taller, Aprobado, ID_tp) 
                  VALUES ('50943218', '82', NULL, 0, '2')
[2026-06-11 15:44:42] Previa guardada correctamente - filas afectadas: 1
[2026-06-11 15:44:46] === INICIO DE PETICIÓN ===
[2026-06-11 15:44:46] POST data: Array
(
    [action] => get_alumnos
    [curso_id] => 12
)

[2026-06-11 15:44:46] Sesión activa - DNI: 98989898
[2026-06-11 15:44:46] Rol: Admin
[2026-06-11 15:44:46] Conexión a BD exitosa
[2026-06-11 15:44:46] Action: get_alumnos
[2026-06-11 15:44:46] === PROCESANDO get_alumnos ===
[2026-06-11 15:44:46] Curso ID: 12
[2026-06-11 15:44:46] Query alumnos: SELECT u.DNI_U, u.Nombre, u.Apellido
              FROM usuario u
              WHERE u.id_curso = '12'
              AND u.ID_rol = 3
              AND u.ID_Estado = 1
              ORDER BY u.Apellido, u.Nombre
[2026-06-11 15:44:46] Alumnos encontrados: 30
[2026-06-11 15:44:58] === INICIO DE PETICIÓN ===
[2026-06-11 15:44:58] POST data: Array
(
    [action] => get_materias_y_talleres_por_anio
    [anio] => 2
)

[2026-06-11 15:44:58] Sesión activa - DNI: 98989898
[2026-06-11 15:44:58] Rol: Admin
[2026-06-11 15:44:58] Conexión a BD exitosa
[2026-06-11 15:44:58] Action: get_materias_y_talleres_por_anio
[2026-06-11 15:44:58] === PROCESANDO get_materias_y_talleres_por_anio ===
[2026-06-11 15:44:58] Año: 2
[2026-06-11 15:44:58] Query materias: SELECT DISTINCT m.ID_materia, m.Nom_materia
                       FROM materia m
                       INNER JOIN curso c ON m.id_curso = c.ID_curso
                       WHERE c.curso = '2'
                       AND c.division = 'A'
                       AND m.Nom_materia NOT LIKE '%Taller%'
                       AND m.Nom_materia NOT LIKE '%Tutorias%'
                       AND m.Nom_materia NOT LIKE '%Tutoría%'
                       ORDER BY m.Nom_materia
[2026-06-11 15:44:58] Materias encontradas: 11
[2026-06-11 15:44:58] Query talleres: SELECT ID_taller, nombre 
                           FROM talleres 
                           WHERE anio_taller = 'II' 
                           AND activo = 1
                           ORDER BY nombre
[2026-06-11 15:44:58] Talleres encontrados: 6
[2026-06-11 15:44:58] Total items a enviar: 17
[2026-06-11 15:45:05] === INICIO DE PETICIÓN ===
[2026-06-11 15:45:05] POST data: Array
(
    [action] => guardar_previa
    [alumno_id] => 50943218
    [tipo_item] => materia
    [tipo_previa] => 2
    [id_materia] => 89
)

[2026-06-11 15:45:05] Sesión activa - DNI: 98989898
[2026-06-11 15:45:05] Rol: Admin
[2026-06-11 15:45:05] Conexión a BD exitosa
[2026-06-11 15:45:05] Action: guardar_previa
[2026-06-11 15:45:05] === PROCESANDO guardar_previa ===
[2026-06-11 15:45:05] alumno_id: 50943218
[2026-06-11 15:45:05] id_materia: 89
[2026-06-11 15:45:05] id_taller: NULL
[2026-06-11 15:45:05] tipo_item: materia
[2026-06-11 15:45:05] tipo_previa: 2
[2026-06-11 15:45:05] Query check: SELECT ID_previas FROM previas WHERE DNI_U = '50943218' AND ID_materia = '89' AND ID_taller IS NULL
[2026-06-11 15:45:05] Query insert: INSERT INTO previas (DNI_U, ID_materia, ID_taller, Aprobado, ID_tp) 
                  VALUES ('50943218', '89', NULL, 0, '2')
[2026-06-11 15:45:05] Previa guardada correctamente - filas afectadas: 1
[2026-06-11 15:45:45] === INICIO DE PETICIÓN ===
[2026-06-11 15:45:45] POST data: Array
(
    [action] => get_alumnos
    [curso_id] => 12
)

[2026-06-11 15:45:45] Sesión activa - DNI: 98989898
[2026-06-11 15:45:45] Rol: Admin
[2026-06-11 15:45:45] Conexión a BD exitosa
[2026-06-11 15:45:45] Action: get_alumnos
[2026-06-11 15:45:45] === PROCESANDO get_alumnos ===
[2026-06-11 15:45:45] Curso ID: 12
[2026-06-11 15:45:45] Query alumnos: SELECT u.DNI_U, u.Nombre, u.Apellido
              FROM usuario u
              WHERE u.id_curso = '12'
              AND u.ID_rol = 3
              AND u.ID_Estado = 1
              ORDER BY u.Apellido, u.Nombre
[2026-06-11 15:45:45] Alumnos encontrados: 30
[2026-06-11 15:45:54] === INICIO DE PETICIÓN ===
[2026-06-11 15:45:54] POST data: Array
(
    [action] => get_materias_y_talleres_por_anio
    [anio] => 1
)

[2026-06-11 15:45:54] Sesión activa - DNI: 98989898
[2026-06-11 15:45:54] Rol: Admin
[2026-06-11 15:45:54] Conexión a BD exitosa
[2026-06-11 15:45:54] Action: get_materias_y_talleres_por_anio
[2026-06-11 15:45:54] === PROCESANDO get_materias_y_talleres_por_anio ===
[2026-06-11 15:45:54] Año: 1
[2026-06-11 15:45:54] Query materias: SELECT DISTINCT m.ID_materia, m.Nom_materia
                       FROM materia m
                       INNER JOIN curso c ON m.id_curso = c.ID_curso
                       WHERE c.curso = '1'
                       AND c.division = 'A'
                       AND m.Nom_materia NOT LIKE '%Taller%'
                       AND m.Nom_materia NOT LIKE '%Tutorias%'
                       AND m.Nom_materia NOT LIKE '%Tutoría%'
                       ORDER BY m.Nom_materia
[2026-06-11 15:45:54] Materias encontradas: 10
[2026-06-11 15:45:54] Query talleres: SELECT ID_taller, nombre 
                           FROM talleres 
                           WHERE anio_taller = 'I' 
                           AND activo = 1
                           ORDER BY nombre
[2026-06-11 15:45:54] Talleres encontrados: 6
[2026-06-11 15:45:54] Total items a enviar: 16
[2026-06-11 15:46:03] === INICIO DE PETICIÓN ===
[2026-06-11 15:46:03] POST data: Array
(
    [action] => guardar_previa
    [alumno_id] => 50729948
    [tipo_item] => materia
    [tipo_previa] => 2
    [id_materia] => 24
)

[2026-06-11 15:46:03] Sesión activa - DNI: 98989898
[2026-06-11 15:46:03] Rol: Admin
[2026-06-11 15:46:03] Conexión a BD exitosa
[2026-06-11 15:46:03] Action: guardar_previa
[2026-06-11 15:46:03] === PROCESANDO guardar_previa ===
[2026-06-11 15:46:03] alumno_id: 50729948
[2026-06-11 15:46:03] id_materia: 24
[2026-06-11 15:46:03] id_taller: NULL
[2026-06-11 15:46:03] tipo_item: materia
[2026-06-11 15:46:03] tipo_previa: 2
[2026-06-11 15:46:03] Query check: SELECT ID_previas FROM previas WHERE DNI_U = '50729948' AND ID_materia = '24' AND ID_taller IS NULL
[2026-06-11 15:46:03] Query insert: INSERT INTO previas (DNI_U, ID_materia, ID_taller, Aprobado, ID_tp) 
                  VALUES ('50729948', '24', NULL, 0, '2')
[2026-06-11 15:46:03] Previa guardada correctamente - filas afectadas: 1
[2026-06-11 15:46:06] === INICIO DE PETICIÓN ===
[2026-06-11 15:46:06] POST data: Array
(
    [action] => get_alumnos
    [curso_id] => 12
)

[2026-06-11 15:46:06] Sesión activa - DNI: 98989898
[2026-06-11 15:46:06] Rol: Admin
[2026-06-11 15:46:06] Conexión a BD exitosa
[2026-06-11 15:46:06] Action: get_alumnos
[2026-06-11 15:46:06] === PROCESANDO get_alumnos ===
[2026-06-11 15:46:06] Curso ID: 12
[2026-06-11 15:46:06] Query alumnos: SELECT u.DNI_U, u.Nombre, u.Apellido
              FROM usuario u
              WHERE u.id_curso = '12'
              AND u.ID_rol = 3
              AND u.ID_Estado = 1
              ORDER BY u.Apellido, u.Nombre
[2026-06-11 15:46:06] Alumnos encontrados: 30
[2026-06-11 15:47:15] === INICIO DE PETICIÓN ===
[2026-06-11 15:47:15] POST data: Array
(
    [action] => get_materias_y_talleres_por_anio
    [anio] => 1
)

[2026-06-11 15:47:15] Sesión activa - DNI: 98989898
[2026-06-11 15:47:15] Rol: Admin
[2026-06-11 15:47:15] Conexión a BD exitosa
[2026-06-11 15:47:15] Action: get_materias_y_talleres_por_anio
[2026-06-11 15:47:15] === PROCESANDO get_materias_y_talleres_por_anio ===
[2026-06-11 15:47:15] Año: 1
[2026-06-11 15:47:15] Query materias: SELECT DISTINCT m.ID_materia, m.Nom_materia
                       FROM materia m
                       INNER JOIN curso c ON m.id_curso = c.ID_curso
                       WHERE c.curso = '1'
                       AND c.division = 'A'
                       AND m.Nom_materia NOT LIKE '%Taller%'
                       AND m.Nom_materia NOT LIKE '%Tutorias%'
                       AND m.Nom_materia NOT LIKE '%Tutoría%'
                       ORDER BY m.Nom_materia
[2026-06-11 15:47:15] Materias encontradas: 10
[2026-06-11 15:47:15] Query talleres: SELECT ID_taller, nombre 
                           FROM talleres 
                           WHERE anio_taller = 'I' 
                           AND activo = 1
                           ORDER BY nombre
[2026-06-11 15:47:15] Talleres encontrados: 6
[2026-06-11 15:47:15] Total items a enviar: 16
[2026-06-11 15:48:01] === INICIO DE PETICIÓN ===
[2026-06-11 15:48:01] POST data: Array
(
    [action] => guardar_previa
    [alumno_id] => 50729948
    [tipo_item] => materia
    [tipo_previa] => 2
    [id_materia] => 27
)

[2026-06-11 15:48:01] Sesión activa - DNI: 98989898
[2026-06-11 15:48:01] Rol: Admin
[2026-06-11 15:48:01] Conexión a BD exitosa
[2026-06-11 15:48:01] Action: guardar_previa
[2026-06-11 15:48:01] === PROCESANDO guardar_previa ===
[2026-06-11 15:48:01] alumno_id: 50729948
[2026-06-11 15:48:01] id_materia: 27
[2026-06-11 15:48:01] id_taller: NULL
[2026-06-11 15:48:01] tipo_item: materia
[2026-06-11 15:48:01] tipo_previa: 2
[2026-06-11 15:48:01] Query check: SELECT ID_previas FROM previas WHERE DNI_U = '50729948' AND ID_materia = '27' AND ID_taller IS NULL
[2026-06-11 15:48:01] Query insert: INSERT INTO previas (DNI_U, ID_materia, ID_taller, Aprobado, ID_tp) 
                  VALUES ('50729948', '27', NULL, 0, '2')
[2026-06-11 15:48:01] Previa guardada correctamente - filas afectadas: 1
[2026-06-11 15:48:04] === INICIO DE PETICIÓN ===
[2026-06-11 15:48:04] POST data: Array
(
    [action] => get_alumnos
    [curso_id] => 12
)

[2026-06-11 15:48:04] Sesión activa - DNI: 98989898
[2026-06-11 15:48:04] Rol: Admin
[2026-06-11 15:48:04] Conexión a BD exitosa
[2026-06-11 15:48:04] Action: get_alumnos
[2026-06-11 15:48:04] === PROCESANDO get_alumnos ===
[2026-06-11 15:48:04] Curso ID: 12
[2026-06-11 15:48:04] Query alumnos: SELECT u.DNI_U, u.Nombre, u.Apellido
              FROM usuario u
              WHERE u.id_curso = '12'
              AND u.ID_rol = 3
              AND u.ID_Estado = 1
              ORDER BY u.Apellido, u.Nombre
[2026-06-11 15:48:04] Alumnos encontrados: 30
[2026-06-11 15:48:11] === INICIO DE PETICIÓN ===
[2026-06-11 15:48:11] POST data: Array
(
    [action] => get_materias_y_talleres_por_anio
    [anio] => 2
)

[2026-06-11 15:48:11] Sesión activa - DNI: 98989898
[2026-06-11 15:48:11] Rol: Admin
[2026-06-11 15:48:11] Conexión a BD exitosa
[2026-06-11 15:48:11] Action: get_materias_y_talleres_por_anio
[2026-06-11 15:48:11] === PROCESANDO get_materias_y_talleres_por_anio ===
[2026-06-11 15:48:11] Año: 2
[2026-06-11 15:48:11] Query materias: SELECT DISTINCT m.ID_materia, m.Nom_materia
                       FROM materia m
                       INNER JOIN curso c ON m.id_curso = c.ID_curso
                       WHERE c.curso = '2'
                       AND c.division = 'A'
                       AND m.Nom_materia NOT LIKE '%Taller%'
                       AND m.Nom_materia NOT LIKE '%Tutorias%'
                       AND m.Nom_materia NOT LIKE '%Tutoría%'
                       ORDER BY m.Nom_materia
[2026-06-11 15:48:11] Materias encontradas: 11
[2026-06-11 15:48:11] Query talleres: SELECT ID_taller, nombre 
                           FROM talleres 
                           WHERE anio_taller = 'II' 
                           AND activo = 1
                           ORDER BY nombre
[2026-06-11 15:48:11] Talleres encontrados: 6
[2026-06-11 15:48:11] Total items a enviar: 17
[2026-06-11 15:48:16] === INICIO DE PETICIÓN ===
[2026-06-11 15:48:16] POST data: Array
(
    [action] => guardar_previa
    [alumno_id] => 50729948
    [tipo_item] => materia
    [tipo_previa] => 2
    [id_materia] => 91
)

[2026-06-11 15:48:16] Sesión activa - DNI: 98989898
[2026-06-11 15:48:16] Rol: Admin
[2026-06-11 15:48:16] Conexión a BD exitosa
[2026-06-11 15:48:16] Action: guardar_previa
[2026-06-11 15:48:16] === PROCESANDO guardar_previa ===
[2026-06-11 15:48:16] alumno_id: 50729948
[2026-06-11 15:48:16] id_materia: 91
[2026-06-11 15:48:16] id_taller: NULL
[2026-06-11 15:48:16] tipo_item: materia
[2026-06-11 15:48:16] tipo_previa: 2
[2026-06-11 15:48:16] Query check: SELECT ID_previas FROM previas WHERE DNI_U = '50729948' AND ID_materia = '91' AND ID_taller IS NULL
[2026-06-11 15:48:16] Query insert: INSERT INTO previas (DNI_U, ID_materia, ID_taller, Aprobado, ID_tp) 
                  VALUES ('50729948', '91', NULL, 0, '2')
[2026-06-11 15:48:16] Previa guardada correctamente - filas afectadas: 1
[2026-06-11 15:48:47] === INICIO DE PETICIÓN ===
[2026-06-11 15:48:47] POST data: Array
(
    [action] => get_alumnos
    [curso_id] => 12
)

[2026-06-11 15:48:47] Sesión activa - DNI: 98989898
[2026-06-11 15:48:47] Rol: Admin
[2026-06-11 15:48:47] Conexión a BD exitosa
[2026-06-11 15:48:47] Action: get_alumnos
[2026-06-11 15:48:47] === PROCESANDO get_alumnos ===
[2026-06-11 15:48:47] Curso ID: 12
[2026-06-11 15:48:47] Query alumnos: SELECT u.DNI_U, u.Nombre, u.Apellido
              FROM usuario u
              WHERE u.id_curso = '12'
              AND u.ID_rol = 3
              AND u.ID_Estado = 1
              ORDER BY u.Apellido, u.Nombre
[2026-06-11 15:48:47] Alumnos encontrados: 30
[2026-06-11 15:48:57] === INICIO DE PETICIÓN ===
[2026-06-11 15:48:57] POST data: Array
(
    [action] => get_materias_y_talleres_por_anio
    [anio] => 2
)

[2026-06-11 15:48:57] Sesión activa - DNI: 98989898
[2026-06-11 15:48:57] Rol: Admin
[2026-06-11 15:48:57] Conexión a BD exitosa
[2026-06-11 15:48:57] Action: get_materias_y_talleres_por_anio
[2026-06-11 15:48:57] === PROCESANDO get_materias_y_talleres_por_anio ===
[2026-06-11 15:48:57] Año: 2
[2026-06-11 15:48:57] Query materias: SELECT DISTINCT m.ID_materia, m.Nom_materia
                       FROM materia m
                       INNER JOIN curso c ON m.id_curso = c.ID_curso
                       WHERE c.curso = '2'
                       AND c.division = 'A'
                       AND m.Nom_materia NOT LIKE '%Taller%'
                       AND m.Nom_materia NOT LIKE '%Tutorias%'
                       AND m.Nom_materia NOT LIKE '%Tutoría%'
                       ORDER BY m.Nom_materia
[2026-06-11 15:48:57] Materias encontradas: 11
[2026-06-11 15:48:57] Query talleres: SELECT ID_taller, nombre 
                           FROM talleres 
                           WHERE anio_taller = 'II' 
                           AND activo = 1
                           ORDER BY nombre
[2026-06-11 15:48:57] Talleres encontrados: 6
[2026-06-11 15:48:57] Total items a enviar: 17
[2026-06-11 15:49:02] === INICIO DE PETICIÓN ===
[2026-06-11 15:49:02] POST data: Array
(
    [action] => guardar_previa
    [alumno_id] => 50663435
    [tipo_item] => materia
    [tipo_previa] => 2
    [id_materia] => 87
)

[2026-06-11 15:49:02] Sesión activa - DNI: 98989898
[2026-06-11 15:49:02] Rol: Admin
[2026-06-11 15:49:02] Conexión a BD exitosa
[2026-06-11 15:49:02] Action: guardar_previa
[2026-06-11 15:49:02] === PROCESANDO guardar_previa ===
[2026-06-11 15:49:02] alumno_id: 50663435
[2026-06-11 15:49:02] id_materia: 87
[2026-06-11 15:49:02] id_taller: NULL
[2026-06-11 15:49:02] tipo_item: materia
[2026-06-11 15:49:02] tipo_previa: 2
[2026-06-11 15:49:02] Query check: SELECT ID_previas FROM previas WHERE DNI_U = '50663435' AND ID_materia = '87' AND ID_taller IS NULL
[2026-06-11 15:49:02] Query insert: INSERT INTO previas (DNI_U, ID_materia, ID_taller, Aprobado, ID_tp) 
                  VALUES ('50663435', '87', NULL, 0, '2')
[2026-06-11 15:49:02] Previa guardada correctamente - filas afectadas: 1
[2026-06-11 15:49:10] === INICIO DE PETICIÓN ===
[2026-06-11 15:49:10] POST data: Array
(
    [action] => get_alumnos
    [curso_id] => 11
)

[2026-06-11 15:49:10] Sesión activa - DNI: 98989898
[2026-06-11 15:49:10] Rol: Admin
[2026-06-11 15:49:10] Conexión a BD exitosa
[2026-06-11 15:49:10] Action: get_alumnos
[2026-06-11 15:49:10] === PROCESANDO get_alumnos ===
[2026-06-11 15:49:10] Curso ID: 11
[2026-06-11 15:49:10] Query alumnos: SELECT u.DNI_U, u.Nombre, u.Apellido
              FROM usuario u
              WHERE u.id_curso = '11'
              AND u.ID_rol = 3
              AND u.ID_Estado = 1
              ORDER BY u.Apellido, u.Nombre
[2026-06-11 15:49:10] Alumnos encontrados: 24
[2026-06-11 15:49:12] === INICIO DE PETICIÓN ===
[2026-06-11 15:49:12] POST data: Array
(
    [action] => get_alumnos
    [curso_id] => 12
)

[2026-06-11 15:49:12] Sesión activa - DNI: 98989898
[2026-06-11 15:49:12] Rol: Admin
[2026-06-11 15:49:12] Conexión a BD exitosa
[2026-06-11 15:49:12] Action: get_alumnos
[2026-06-11 15:49:12] === PROCESANDO get_alumnos ===
[2026-06-11 15:49:12] Curso ID: 12
[2026-06-11 15:49:12] Query alumnos: SELECT u.DNI_U, u.Nombre, u.Apellido
              FROM usuario u
              WHERE u.id_curso = '12'
              AND u.ID_rol = 3
              AND u.ID_Estado = 1
              ORDER BY u.Apellido, u.Nombre
[2026-06-11 15:49:12] Alumnos encontrados: 30
[2026-06-11 15:49:17] === INICIO DE PETICIÓN ===
[2026-06-11 15:49:17] POST data: Array
(
    [action] => get_materias_y_talleres_por_anio
    [anio] => 2
)

[2026-06-11 15:49:17] Sesión activa - DNI: 98989898
[2026-06-11 15:49:17] Rol: Admin
[2026-06-11 15:49:17] Conexión a BD exitosa
[2026-06-11 15:49:17] Action: get_materias_y_talleres_por_anio
[2026-06-11 15:49:17] === PROCESANDO get_materias_y_talleres_por_anio ===
[2026-06-11 15:49:17] Año: 2
[2026-06-11 15:49:17] Query materias: SELECT DISTINCT m.ID_materia, m.Nom_materia
                       FROM materia m
                       INNER JOIN curso c ON m.id_curso = c.ID_curso
                       WHERE c.curso = '2'
                       AND c.division = 'A'
                       AND m.Nom_materia NOT LIKE '%Taller%'
                       AND m.Nom_materia NOT LIKE '%Tutorias%'
                       AND m.Nom_materia NOT LIKE '%Tutoría%'
                       ORDER BY m.Nom_materia
[2026-06-11 15:49:17] Materias encontradas: 11
[2026-06-11 15:49:17] Query talleres: SELECT ID_taller, nombre 
                           FROM talleres 
                           WHERE anio_taller = 'II' 
                           AND activo = 1
                           ORDER BY nombre
[2026-06-11 15:49:17] Talleres encontrados: 6
[2026-06-11 15:49:17] Total items a enviar: 17
[2026-06-11 15:49:26] === INICIO DE PETICIÓN ===
[2026-06-11 15:49:26] POST data: Array
(
    [action] => guardar_previa
    [alumno_id] => 50663435
    [tipo_item] => materia
    [tipo_previa] => 2
    [id_materia] => 81
)

[2026-06-11 15:49:26] Sesión activa - DNI: 98989898
[2026-06-11 15:49:26] Rol: Admin
[2026-06-11 15:49:26] Conexión a BD exitosa
[2026-06-11 15:49:26] Action: guardar_previa
[2026-06-11 15:49:26] === PROCESANDO guardar_previa ===
[2026-06-11 15:49:26] alumno_id: 50663435
[2026-06-11 15:49:26] id_materia: 81
[2026-06-11 15:49:26] id_taller: NULL
[2026-06-11 15:49:26] tipo_item: materia
[2026-06-11 15:49:26] tipo_previa: 2
[2026-06-11 15:49:26] Query check: SELECT ID_previas FROM previas WHERE DNI_U = '50663435' AND ID_materia = '81' AND ID_taller IS NULL
[2026-06-11 15:49:26] Query insert: INSERT INTO previas (DNI_U, ID_materia, ID_taller, Aprobado, ID_tp) 
                  VALUES ('50663435', '81', NULL, 0, '2')
[2026-06-11 15:49:26] Previa guardada correctamente - filas afectadas: 1
[2026-06-11 15:49:39] === INICIO DE PETICIÓN ===
[2026-06-11 15:49:39] POST data: Array
(
    [action] => get_alumnos
    [curso_id] => 12
)

[2026-06-11 15:49:39] Sesión activa - DNI: 98989898
[2026-06-11 15:49:39] Rol: Admin
[2026-06-11 15:49:39] Conexión a BD exitosa
[2026-06-11 15:49:39] Action: get_alumnos
[2026-06-11 15:49:39] === PROCESANDO get_alumnos ===
[2026-06-11 15:49:39] Curso ID: 12
[2026-06-11 15:49:39] Query alumnos: SELECT u.DNI_U, u.Nombre, u.Apellido
              FROM usuario u
              WHERE u.id_curso = '12'
              AND u.ID_rol = 3
              AND u.ID_Estado = 1
              ORDER BY u.Apellido, u.Nombre
[2026-06-11 15:49:39] Alumnos encontrados: 30
[2026-06-11 15:49:52] === INICIO DE PETICIÓN ===
[2026-06-11 15:49:52] POST data: Array
(
    [action] => get_materias_y_talleres_por_anio
    [anio] => 1
)

[2026-06-11 15:49:52] Sesión activa - DNI: 98989898
[2026-06-11 15:49:52] Rol: Admin
[2026-06-11 15:49:52] Conexión a BD exitosa
[2026-06-11 15:49:52] Action: get_materias_y_talleres_por_anio
[2026-06-11 15:49:52] === PROCESANDO get_materias_y_talleres_por_anio ===
[2026-06-11 15:49:52] Año: 1
[2026-06-11 15:49:52] Query materias: SELECT DISTINCT m.ID_materia, m.Nom_materia
                       FROM materia m
                       INNER JOIN curso c ON m.id_curso = c.ID_curso
                       WHERE c.curso = '1'
                       AND c.division = 'A'
                       AND m.Nom_materia NOT LIKE '%Taller%'
                       AND m.Nom_materia NOT LIKE '%Tutorias%'
                       AND m.Nom_materia NOT LIKE '%Tutoría%'
                       ORDER BY m.Nom_materia
[2026-06-11 15:49:52] Materias encontradas: 10
[2026-06-11 15:49:52] Query talleres: SELECT ID_taller, nombre 
                           FROM talleres 
                           WHERE anio_taller = 'I' 
                           AND activo = 1
                           ORDER BY nombre
[2026-06-11 15:49:52] Talleres encontrados: 6
[2026-06-11 15:49:52] Total items a enviar: 16
[2026-06-11 15:49:56] === INICIO DE PETICIÓN ===
[2026-06-11 15:49:56] POST data: Array
(
    [action] => guardar_previa
    [alumno_id] => 50165656
    [tipo_item] => materia
    [tipo_previa] => 2
    [id_materia] => 27
)

[2026-06-11 15:49:56] Sesión activa - DNI: 98989898
[2026-06-11 15:49:56] Rol: Admin
[2026-06-11 15:49:56] Conexión a BD exitosa
[2026-06-11 15:49:56] Action: guardar_previa
[2026-06-11 15:49:56] === PROCESANDO guardar_previa ===
[2026-06-11 15:49:56] alumno_id: 50165656
[2026-06-11 15:49:56] id_materia: 27
[2026-06-11 15:49:56] id_taller: NULL
[2026-06-11 15:49:56] tipo_item: materia
[2026-06-11 15:49:56] tipo_previa: 2
[2026-06-11 15:49:56] Query check: SELECT ID_previas FROM previas WHERE DNI_U = '50165656' AND ID_materia = '27' AND ID_taller IS NULL
[2026-06-11 15:49:56] Query insert: INSERT INTO previas (DNI_U, ID_materia, ID_taller, Aprobado, ID_tp) 
                  VALUES ('50165656', '27', NULL, 0, '2')
[2026-06-11 15:49:56] Previa guardada correctamente - filas afectadas: 1
[2026-06-11 15:49:59] === INICIO DE PETICIÓN ===
[2026-06-11 15:49:59] POST data: Array
(
    [action] => get_alumnos
    [curso_id] => 12
)

[2026-06-11 15:49:59] Sesión activa - DNI: 98989898
[2026-06-11 15:49:59] Rol: Admin
[2026-06-11 15:49:59] Conexión a BD exitosa
[2026-06-11 15:49:59] Action: get_alumnos
[2026-06-11 15:49:59] === PROCESANDO get_alumnos ===
[2026-06-11 15:49:59] Curso ID: 12
[2026-06-11 15:49:59] Query alumnos: SELECT u.DNI_U, u.Nombre, u.Apellido
              FROM usuario u
              WHERE u.id_curso = '12'
              AND u.ID_rol = 3
              AND u.ID_Estado = 1
              ORDER BY u.Apellido, u.Nombre
[2026-06-11 15:49:59] Alumnos encontrados: 30
[2026-06-11 15:50:08] === INICIO DE PETICIÓN ===
[2026-06-11 15:50:08] POST data: Array
(
    [action] => get_materias_y_talleres_por_anio
    [anio] => 2
)

[2026-06-11 15:50:08] Sesión activa - DNI: 98989898
[2026-06-11 15:50:08] Rol: Admin
[2026-06-11 15:50:08] Conexión a BD exitosa
[2026-06-11 15:50:08] Action: get_materias_y_talleres_por_anio
[2026-06-11 15:50:08] === PROCESANDO get_materias_y_talleres_por_anio ===
[2026-06-11 15:50:08] Año: 2
[2026-06-11 15:50:08] Query materias: SELECT DISTINCT m.ID_materia, m.Nom_materia
                       FROM materia m
                       INNER JOIN curso c ON m.id_curso = c.ID_curso
                       WHERE c.curso = '2'
                       AND c.division = 'A'
                       AND m.Nom_materia NOT LIKE '%Taller%'
                       AND m.Nom_materia NOT LIKE '%Tutorias%'
                       AND m.Nom_materia NOT LIKE '%Tutoría%'
                       ORDER BY m.Nom_materia
[2026-06-11 15:50:08] Materias encontradas: 11
[2026-06-11 15:50:08] Query talleres: SELECT ID_taller, nombre 
                           FROM talleres 
                           WHERE anio_taller = 'II' 
                           AND activo = 1
                           ORDER BY nombre
[2026-06-11 15:50:08] Talleres encontrados: 6
[2026-06-11 15:50:08] Total items a enviar: 17
[2026-06-11 15:50:12] === INICIO DE PETICIÓN ===
[2026-06-11 15:50:12] POST data: Array
(
    [action] => guardar_previa
    [alumno_id] => 50165656
    [tipo_item] => materia
    [tipo_previa] => 2
    [id_materia] => 87
)

[2026-06-11 15:50:12] Sesión activa - DNI: 98989898
[2026-06-11 15:50:12] Rol: Admin
[2026-06-11 15:50:12] Conexión a BD exitosa
[2026-06-11 15:50:12] Action: guardar_previa
[2026-06-11 15:50:12] === PROCESANDO guardar_previa ===
[2026-06-11 15:50:12] alumno_id: 50165656
[2026-06-11 15:50:12] id_materia: 87
[2026-06-11 15:50:12] id_taller: NULL
[2026-06-11 15:50:12] tipo_item: materia
[2026-06-11 15:50:12] tipo_previa: 2
[2026-06-11 15:50:12] Query check: SELECT ID_previas FROM previas WHERE DNI_U = '50165656' AND ID_materia = '87' AND ID_taller IS NULL
[2026-06-11 15:50:12] Query insert: INSERT INTO previas (DNI_U, ID_materia, ID_taller, Aprobado, ID_tp) 
                  VALUES ('50165656', '87', NULL, 0, '2')
[2026-06-11 15:50:12] Previa guardada correctamente - filas afectadas: 1
[2026-06-11 15:50:16] === INICIO DE PETICIÓN ===
[2026-06-11 15:50:16] POST data: Array
(
    [action] => get_alumnos
    [curso_id] => 12
)

[2026-06-11 15:50:16] Sesión activa - DNI: 98989898
[2026-06-11 15:50:16] Rol: Admin
[2026-06-11 15:50:16] Conexión a BD exitosa
[2026-06-11 15:50:16] Action: get_alumnos
[2026-06-11 15:50:16] === PROCESANDO get_alumnos ===
[2026-06-11 15:50:16] Curso ID: 12
[2026-06-11 15:50:16] Query alumnos: SELECT u.DNI_U, u.Nombre, u.Apellido
              FROM usuario u
              WHERE u.id_curso = '12'
              AND u.ID_rol = 3
              AND u.ID_Estado = 1
              ORDER BY u.Apellido, u.Nombre
[2026-06-11 15:50:16] Alumnos encontrados: 30
[2026-06-11 15:50:24] === INICIO DE PETICIÓN ===
[2026-06-11 15:50:24] POST data: Array
(
    [action] => get_materias_y_talleres_por_anio
    [anio] => 2
)

[2026-06-11 15:50:24] Sesión activa - DNI: 98989898
[2026-06-11 15:50:24] Rol: Admin
[2026-06-11 15:50:24] Conexión a BD exitosa
[2026-06-11 15:50:24] Action: get_materias_y_talleres_por_anio
[2026-06-11 15:50:24] === PROCESANDO get_materias_y_talleres_por_anio ===
[2026-06-11 15:50:24] Año: 2
[2026-06-11 15:50:24] Query materias: SELECT DISTINCT m.ID_materia, m.Nom_materia
                       FROM materia m
                       INNER JOIN curso c ON m.id_curso = c.ID_curso
                       WHERE c.curso = '2'
                       AND c.division = 'A'
                       AND m.Nom_materia NOT LIKE '%Taller%'
                       AND m.Nom_materia NOT LIKE '%Tutorias%'
                       AND m.Nom_materia NOT LIKE '%Tutoría%'
                       ORDER BY m.Nom_materia
[2026-06-11 15:50:24] Materias encontradas: 11
[2026-06-11 15:50:24] Query talleres: SELECT ID_taller, nombre 
                           FROM talleres 
                           WHERE anio_taller = 'II' 
                           AND activo = 1
                           ORDER BY nombre
[2026-06-11 15:50:24] Talleres encontrados: 6
[2026-06-11 15:50:24] Total items a enviar: 17
[2026-06-11 15:50:28] === INICIO DE PETICIÓN ===
[2026-06-11 15:50:28] POST data: Array
(
    [action] => guardar_previa
    [alumno_id] => 50165656
    [tipo_item] => materia
    [tipo_previa] => 2
    [id_materia] => 84
)

[2026-06-11 15:50:28] Sesión activa - DNI: 98989898
[2026-06-11 15:50:28] Rol: Admin
[2026-06-11 15:50:28] Conexión a BD exitosa
[2026-06-11 15:50:28] Action: guardar_previa
[2026-06-11 15:50:28] === PROCESANDO guardar_previa ===
[2026-06-11 15:50:28] alumno_id: 50165656
[2026-06-11 15:50:28] id_materia: 84
[2026-06-11 15:50:28] id_taller: NULL
[2026-06-11 15:50:28] tipo_item: materia
[2026-06-11 15:50:28] tipo_previa: 2
[2026-06-11 15:50:28] Query check: SELECT ID_previas FROM previas WHERE DNI_U = '50165656' AND ID_materia = '84' AND ID_taller IS NULL
[2026-06-11 15:50:28] Query insert: INSERT INTO previas (DNI_U, ID_materia, ID_taller, Aprobado, ID_tp) 
                  VALUES ('50165656', '84', NULL, 0, '2')
[2026-06-11 15:50:28] Previa guardada correctamente - filas afectadas: 1
[2026-06-11 15:50:37] === INICIO DE PETICIÓN ===
[2026-06-11 15:50:37] POST data: Array
(
    [action] => get_alumnos
    [curso_id] => 12
)

[2026-06-11 15:50:37] Sesión activa - DNI: 98989898
[2026-06-11 15:50:37] Rol: Admin
[2026-06-11 15:50:37] Conexión a BD exitosa
[2026-06-11 15:50:37] Action: get_alumnos
[2026-06-11 15:50:37] === PROCESANDO get_alumnos ===
[2026-06-11 15:50:37] Curso ID: 12
[2026-06-11 15:50:37] Query alumnos: SELECT u.DNI_U, u.Nombre, u.Apellido
              FROM usuario u
              WHERE u.id_curso = '12'
              AND u.ID_rol = 3
              AND u.ID_Estado = 1
              ORDER BY u.Apellido, u.Nombre
[2026-06-11 15:50:37] Alumnos encontrados: 30
[2026-06-11 15:50:54] === INICIO DE PETICIÓN ===
[2026-06-11 15:50:54] POST data: Array
(
    [action] => get_materias_y_talleres_por_anio
    [anio] => 2
)

[2026-06-11 15:50:54] Sesión activa - DNI: 98989898
[2026-06-11 15:50:54] Rol: Admin
[2026-06-11 15:50:54] Conexión a BD exitosa
[2026-06-11 15:50:54] Action: get_materias_y_talleres_por_anio
[2026-06-11 15:50:54] === PROCESANDO get_materias_y_talleres_por_anio ===
[2026-06-11 15:50:54] Año: 2
[2026-06-11 15:50:54] Query materias: SELECT DISTINCT m.ID_materia, m.Nom_materia
                       FROM materia m
                       INNER JOIN curso c ON m.id_curso = c.ID_curso
                       WHERE c.curso = '2'
                       AND c.division = 'A'
                       AND m.Nom_materia NOT LIKE '%Taller%'
                       AND m.Nom_materia NOT LIKE '%Tutorias%'
                       AND m.Nom_materia NOT LIKE '%Tutoría%'
                       ORDER BY m.Nom_materia
[2026-06-11 15:50:54] Materias encontradas: 11
[2026-06-11 15:50:54] Query talleres: SELECT ID_taller, nombre 
                           FROM talleres 
                           WHERE anio_taller = 'II' 
                           AND activo = 1
                           ORDER BY nombre
[2026-06-11 15:50:54] Talleres encontrados: 6
[2026-06-11 15:50:54] Total items a enviar: 17
[2026-06-11 15:51:01] === INICIO DE PETICIÓN ===
[2026-06-11 15:51:01] POST data: Array
(
    [action] => guardar_previa
    [alumno_id] => 50165940
    [tipo_item] => materia
    [tipo_previa] => 2
    [id_materia] => 87
)

[2026-06-11 15:51:01] Sesión activa - DNI: 98989898
[2026-06-11 15:51:01] Rol: Admin
[2026-06-11 15:51:01] Conexión a BD exitosa
[2026-06-11 15:51:01] Action: guardar_previa
[2026-06-11 15:51:01] === PROCESANDO guardar_previa ===
[2026-06-11 15:51:01] alumno_id: 50165940
[2026-06-11 15:51:01] id_materia: 87
[2026-06-11 15:51:01] id_taller: NULL
[2026-06-11 15:51:01] tipo_item: materia
[2026-06-11 15:51:01] tipo_previa: 2
[2026-06-11 15:51:01] Query check: SELECT ID_previas FROM previas WHERE DNI_U = '50165940' AND ID_materia = '87' AND ID_taller IS NULL
[2026-06-11 15:51:01] Query insert: INSERT INTO previas (DNI_U, ID_materia, ID_taller, Aprobado, ID_tp) 
                  VALUES ('50165940', '87', NULL, 0, '2')
[2026-06-11 15:51:01] Previa guardada correctamente - filas afectadas: 1
[2026-06-11 15:51:04] === INICIO DE PETICIÓN ===
[2026-06-11 15:51:04] POST data: Array
(
    [action] => get_alumnos
    [curso_id] => 12
)

[2026-06-11 15:51:04] Sesión activa - DNI: 98989898
[2026-06-11 15:51:04] Rol: Admin
[2026-06-11 15:51:04] Conexión a BD exitosa
[2026-06-11 15:51:04] Action: get_alumnos
[2026-06-11 15:51:04] === PROCESANDO get_alumnos ===
[2026-06-11 15:51:04] Curso ID: 12
[2026-06-11 15:51:04] Query alumnos: SELECT u.DNI_U, u.Nombre, u.Apellido
              FROM usuario u
              WHERE u.id_curso = '12'
              AND u.ID_rol = 3
              AND u.ID_Estado = 1
              ORDER BY u.Apellido, u.Nombre
[2026-06-11 15:51:04] Alumnos encontrados: 30
[2026-06-11 15:51:18] === INICIO DE PETICIÓN ===
[2026-06-11 15:51:18] POST data: Array
(
    [action] => get_materias_y_talleres_por_anio
    [anio] => 2
)

[2026-06-11 15:51:18] Sesión activa - DNI: 98989898
[2026-06-11 15:51:18] Rol: Admin
[2026-06-11 15:51:18] Conexión a BD exitosa
[2026-06-11 15:51:18] Action: get_materias_y_talleres_por_anio
[2026-06-11 15:51:18] === PROCESANDO get_materias_y_talleres_por_anio ===
[2026-06-11 15:51:18] Año: 2
[2026-06-11 15:51:18] Query materias: SELECT DISTINCT m.ID_materia, m.Nom_materia
                       FROM materia m
                       INNER JOIN curso c ON m.id_curso = c.ID_curso
                       WHERE c.curso = '2'
                       AND c.division = 'A'
                       AND m.Nom_materia NOT LIKE '%Taller%'
                       AND m.Nom_materia NOT LIKE '%Tutorias%'
                       AND m.Nom_materia NOT LIKE '%Tutoría%'
                       ORDER BY m.Nom_materia
[2026-06-11 15:51:18] Materias encontradas: 11
[2026-06-11 15:51:18] Query talleres: SELECT ID_taller, nombre 
                           FROM talleres 
                           WHERE anio_taller = 'II' 
                           AND activo = 1
                           ORDER BY nombre
[2026-06-11 15:51:18] Talleres encontrados: 6
[2026-06-11 15:51:18] Total items a enviar: 17
[2026-06-11 15:51:22] === INICIO DE PETICIÓN ===
[2026-06-11 15:51:22] POST data: Array
(
    [action] => guardar_previa
    [alumno_id] => 50165940
    [tipo_item] => materia
    [tipo_previa] => 2
    [id_materia] => 84
)

[2026-06-11 15:51:22] Sesión activa - DNI: 98989898
[2026-06-11 15:51:22] Rol: Admin
[2026-06-11 15:51:22] Conexión a BD exitosa
[2026-06-11 15:51:22] Action: guardar_previa
[2026-06-11 15:51:22] === PROCESANDO guardar_previa ===
[2026-06-11 15:51:22] alumno_id: 50165940
[2026-06-11 15:51:22] id_materia: 84
[2026-06-11 15:51:22] id_taller: NULL
[2026-06-11 15:51:22] tipo_item: materia
[2026-06-11 15:51:22] tipo_previa: 2
[2026-06-11 15:51:22] Query check: SELECT ID_previas FROM previas WHERE DNI_U = '50165940' AND ID_materia = '84' AND ID_taller IS NULL
[2026-06-11 15:51:22] Query insert: INSERT INTO previas (DNI_U, ID_materia, ID_taller, Aprobado, ID_tp) 
                  VALUES ('50165940', '84', NULL, 0, '2')
[2026-06-11 15:51:22] Previa guardada correctamente - filas afectadas: 1
[2026-06-11 15:51:25] === INICIO DE PETICIÓN ===
[2026-06-11 15:51:25] POST data: Array
(
    [action] => get_alumnos
    [curso_id] => 12
)

[2026-06-11 15:51:25] Sesión activa - DNI: 98989898
[2026-06-11 15:51:25] Rol: Admin
[2026-06-11 15:51:25] Conexión a BD exitosa
[2026-06-11 15:51:25] Action: get_alumnos
[2026-06-11 15:51:25] === PROCESANDO get_alumnos ===
[2026-06-11 15:51:25] Curso ID: 12
[2026-06-11 15:51:25] Query alumnos: SELECT u.DNI_U, u.Nombre, u.Apellido
              FROM usuario u
              WHERE u.id_curso = '12'
              AND u.ID_rol = 3
              AND u.ID_Estado = 1
              ORDER BY u.Apellido, u.Nombre
[2026-06-11 15:51:25] Alumnos encontrados: 30
[2026-06-11 15:51:31] === INICIO DE PETICIÓN ===
[2026-06-11 15:51:31] POST data: Array
(
    [action] => get_materias_y_talleres_por_anio
    [anio] => 2
)

[2026-06-11 15:51:31] Sesión activa - DNI: 98989898
[2026-06-11 15:51:31] Rol: Admin
[2026-06-11 15:51:32] Conexión a BD exitosa
[2026-06-11 15:51:32] Action: get_materias_y_talleres_por_anio
[2026-06-11 15:51:32] === PROCESANDO get_materias_y_talleres_por_anio ===
[2026-06-11 15:51:32] Año: 2
[2026-06-11 15:51:32] Query materias: SELECT DISTINCT m.ID_materia, m.Nom_materia
                       FROM materia m
                       INNER JOIN curso c ON m.id_curso = c.ID_curso
                       WHERE c.curso = '2'
                       AND c.division = 'A'
                       AND m.Nom_materia NOT LIKE '%Taller%'
                       AND m.Nom_materia NOT LIKE '%Tutorias%'
                       AND m.Nom_materia NOT LIKE '%Tutoría%'
                       ORDER BY m.Nom_materia
[2026-06-11 15:51:32] Materias encontradas: 11
[2026-06-11 15:51:32] Query talleres: SELECT ID_taller, nombre 
                           FROM talleres 
                           WHERE anio_taller = 'II' 
                           AND activo = 1
                           ORDER BY nombre
[2026-06-11 15:51:32] Talleres encontrados: 6
[2026-06-11 15:51:32] Total items a enviar: 17
[2026-06-11 15:51:37] === INICIO DE PETICIÓN ===
[2026-06-11 15:51:37] POST data: Array
(
    [action] => guardar_previa
    [alumno_id] => 50165940
    [tipo_item] => materia
    [tipo_previa] => 2
    [id_materia] => 83
)

[2026-06-11 15:51:37] Sesión activa - DNI: 98989898
[2026-06-11 15:51:37] Rol: Admin
[2026-06-11 15:51:37] Conexión a BD exitosa
[2026-06-11 15:51:37] Action: guardar_previa
[2026-06-11 15:51:37] === PROCESANDO guardar_previa ===
[2026-06-11 15:51:37] alumno_id: 50165940
[2026-06-11 15:51:37] id_materia: 83
[2026-06-11 15:51:37] id_taller: NULL
[2026-06-11 15:51:37] tipo_item: materia
[2026-06-11 15:51:37] tipo_previa: 2
[2026-06-11 15:51:37] Query check: SELECT ID_previas FROM previas WHERE DNI_U = '50165940' AND ID_materia = '83' AND ID_taller IS NULL
[2026-06-11 15:51:37] Query insert: INSERT INTO previas (DNI_U, ID_materia, ID_taller, Aprobado, ID_tp) 
                  VALUES ('50165940', '83', NULL, 0, '2')
[2026-06-11 15:51:37] Previa guardada correctamente - filas afectadas: 1
[2026-06-11 15:51:46] === INICIO DE PETICIÓN ===
[2026-06-11 15:51:46] POST data: Array
(
    [action] => get_alumnos
    [curso_id] => 12
)

[2026-06-11 15:51:46] Sesión activa - DNI: 98989898
[2026-06-11 15:51:46] Rol: Admin
[2026-06-11 15:51:46] Conexión a BD exitosa
[2026-06-11 15:51:46] Action: get_alumnos
[2026-06-11 15:51:46] === PROCESANDO get_alumnos ===
[2026-06-11 15:51:46] Curso ID: 12
[2026-06-11 15:51:46] Query alumnos: SELECT u.DNI_U, u.Nombre, u.Apellido
              FROM usuario u
              WHERE u.id_curso = '12'
              AND u.ID_rol = 3
              AND u.ID_Estado = 1
              ORDER BY u.Apellido, u.Nombre
[2026-06-11 15:51:46] Alumnos encontrados: 30
[2026-06-11 15:51:54] === INICIO DE PETICIÓN ===
[2026-06-11 15:51:54] POST data: Array
(
    [action] => get_materias_y_talleres_por_anio
    [anio] => 1
)

[2026-06-11 15:51:54] Sesión activa - DNI: 98989898
[2026-06-11 15:51:54] Rol: Admin
[2026-06-11 15:51:54] Conexión a BD exitosa
[2026-06-11 15:51:54] Action: get_materias_y_talleres_por_anio
[2026-06-11 15:51:54] === PROCESANDO get_materias_y_talleres_por_anio ===
[2026-06-11 15:51:54] Año: 1
[2026-06-11 15:51:54] Query materias: SELECT DISTINCT m.ID_materia, m.Nom_materia
                       FROM materia m
                       INNER JOIN curso c ON m.id_curso = c.ID_curso
                       WHERE c.curso = '1'
                       AND c.division = 'A'
                       AND m.Nom_materia NOT LIKE '%Taller%'
                       AND m.Nom_materia NOT LIKE '%Tutorias%'
                       AND m.Nom_materia NOT LIKE '%Tutoría%'
                       ORDER BY m.Nom_materia
[2026-06-11 15:51:54] Materias encontradas: 10
[2026-06-11 15:51:54] Query talleres: SELECT ID_taller, nombre 
                           FROM talleres 
                           WHERE anio_taller = 'I' 
                           AND activo = 1
                           ORDER BY nombre
[2026-06-11 15:51:54] Talleres encontrados: 6
[2026-06-11 15:51:54] Total items a enviar: 16
[2026-06-11 15:52:14] === INICIO DE PETICIÓN ===
[2026-06-11 15:52:14] POST data: Array
(
    [action] => guardar_previa
    [alumno_id] => 49660256
    [tipo_item] => materia
    [tipo_previa] => 2
    [id_materia] => 21
)

[2026-06-11 15:52:14] Sesión activa - DNI: 98989898
[2026-06-11 15:52:14] Rol: Admin
[2026-06-11 15:52:14] Conexión a BD exitosa
[2026-06-11 15:52:14] Action: guardar_previa
[2026-06-11 15:52:14] === PROCESANDO guardar_previa ===
[2026-06-11 15:52:14] alumno_id: 49660256
[2026-06-11 15:52:14] id_materia: 21
[2026-06-11 15:52:14] id_taller: NULL
[2026-06-11 15:52:14] tipo_item: materia
[2026-06-11 15:52:14] tipo_previa: 2
[2026-06-11 15:52:14] Query check: SELECT ID_previas FROM previas WHERE DNI_U = '49660256' AND ID_materia = '21' AND ID_taller IS NULL
[2026-06-11 15:52:14] Query insert: INSERT INTO previas (DNI_U, ID_materia, ID_taller, Aprobado, ID_tp) 
                  VALUES ('49660256', '21', NULL, 0, '2')
[2026-06-11 15:52:14] Previa guardada correctamente - filas afectadas: 1
[2026-06-11 15:52:18] === INICIO DE PETICIÓN ===
[2026-06-11 15:52:18] POST data: Array
(
    [action] => get_alumnos
    [curso_id] => 12
)

[2026-06-11 15:52:18] Sesión activa - DNI: 98989898
[2026-06-11 15:52:18] Rol: Admin
[2026-06-11 15:52:18] Conexión a BD exitosa
[2026-06-11 15:52:18] Action: get_alumnos
[2026-06-11 15:52:18] === PROCESANDO get_alumnos ===
[2026-06-11 15:52:18] Curso ID: 12
[2026-06-11 15:52:18] Query alumnos: SELECT u.DNI_U, u.Nombre, u.Apellido
              FROM usuario u
              WHERE u.id_curso = '12'
              AND u.ID_rol = 3
              AND u.ID_Estado = 1
              ORDER BY u.Apellido, u.Nombre
[2026-06-11 15:52:18] Alumnos encontrados: 30
[2026-06-11 15:52:23] === INICIO DE PETICIÓN ===
[2026-06-11 15:52:23] POST data: Array
(
    [action] => get_materias_y_talleres_por_anio
    [anio] => 2
)

[2026-06-11 15:52:23] Sesión activa - DNI: 98989898
[2026-06-11 15:52:23] Rol: Admin
[2026-06-11 15:52:23] Conexión a BD exitosa
[2026-06-11 15:52:23] Action: get_materias_y_talleres_por_anio
[2026-06-11 15:52:23] === PROCESANDO get_materias_y_talleres_por_anio ===
[2026-06-11 15:52:23] Año: 2
[2026-06-11 15:52:23] Query materias: SELECT DISTINCT m.ID_materia, m.Nom_materia
                       FROM materia m
                       INNER JOIN curso c ON m.id_curso = c.ID_curso
                       WHERE c.curso = '2'
                       AND c.division = 'A'
                       AND m.Nom_materia NOT LIKE '%Taller%'
                       AND m.Nom_materia NOT LIKE '%Tutorias%'
                       AND m.Nom_materia NOT LIKE '%Tutoría%'
                       ORDER BY m.Nom_materia
[2026-06-11 15:52:23] Materias encontradas: 11
[2026-06-11 15:52:23] Query talleres: SELECT ID_taller, nombre 
                           FROM talleres 
                           WHERE anio_taller = 'II' 
                           AND activo = 1
                           ORDER BY nombre
[2026-06-11 15:52:23] Talleres encontrados: 6
[2026-06-11 15:52:23] Total items a enviar: 17
[2026-06-11 15:52:27] === INICIO DE PETICIÓN ===
[2026-06-11 15:52:27] POST data: Array
(
    [action] => guardar_previa
    [alumno_id] => 49660256
    [tipo_item] => materia
    [tipo_previa] => 2
    [id_materia] => 82
)

[2026-06-11 15:52:27] Sesión activa - DNI: 98989898
[2026-06-11 15:52:27] Rol: Admin
[2026-06-11 15:52:27] Conexión a BD exitosa
[2026-06-11 15:52:27] Action: guardar_previa
[2026-06-11 15:52:27] === PROCESANDO guardar_previa ===
[2026-06-11 15:52:27] alumno_id: 49660256
[2026-06-11 15:52:27] id_materia: 82
[2026-06-11 15:52:27] id_taller: NULL
[2026-06-11 15:52:27] tipo_item: materia
[2026-06-11 15:52:27] tipo_previa: 2
[2026-06-11 15:52:27] Query check: SELECT ID_previas FROM previas WHERE DNI_U = '49660256' AND ID_materia = '82' AND ID_taller IS NULL
[2026-06-11 15:52:27] Query insert: INSERT INTO previas (DNI_U, ID_materia, ID_taller, Aprobado, ID_tp) 
                  VALUES ('49660256', '82', NULL, 0, '2')
[2026-06-11 15:52:27] Previa guardada correctamente - filas afectadas: 1
[2026-06-11 15:52:30] === INICIO DE PETICIÓN ===
[2026-06-11 15:52:30] POST data: Array
(
    [action] => get_alumnos
    [curso_id] => 12
)

[2026-06-11 15:52:30] Sesión activa - DNI: 98989898
[2026-06-11 15:52:30] Rol: Admin
[2026-06-11 15:52:31] Conexión a BD exitosa
[2026-06-11 15:52:31] Action: get_alumnos
[2026-06-11 15:52:31] === PROCESANDO get_alumnos ===
[2026-06-11 15:52:31] Curso ID: 12
[2026-06-11 15:52:31] Query alumnos: SELECT u.DNI_U, u.Nombre, u.Apellido
              FROM usuario u
              WHERE u.id_curso = '12'
              AND u.ID_rol = 3
              AND u.ID_Estado = 1
              ORDER BY u.Apellido, u.Nombre
[2026-06-11 15:52:31] Alumnos encontrados: 30
[2026-06-11 15:52:51] === INICIO DE PETICIÓN ===
[2026-06-11 15:52:51] POST data: Array
(
    [action] => get_materias_y_talleres_por_anio
    [anio] => 2
)

[2026-06-11 15:52:51] Sesión activa - DNI: 98989898
[2026-06-11 15:52:51] Rol: Admin
[2026-06-11 15:52:51] Conexión a BD exitosa
[2026-06-11 15:52:51] Action: get_materias_y_talleres_por_anio
[2026-06-11 15:52:51] === PROCESANDO get_materias_y_talleres_por_anio ===
[2026-06-11 15:52:51] Año: 2
[2026-06-11 15:52:51] Query materias: SELECT DISTINCT m.ID_materia, m.Nom_materia
                       FROM materia m
                       INNER JOIN curso c ON m.id_curso = c.ID_curso
                       WHERE c.curso = '2'
                       AND c.division = 'A'
                       AND m.Nom_materia NOT LIKE '%Taller%'
                       AND m.Nom_materia NOT LIKE '%Tutorias%'
                       AND m.Nom_materia NOT LIKE '%Tutoría%'
                       ORDER BY m.Nom_materia
[2026-06-11 15:52:51] Materias encontradas: 11
[2026-06-11 15:52:51] Query talleres: SELECT ID_taller, nombre 
                           FROM talleres 
                           WHERE anio_taller = 'II' 
                           AND activo = 1
                           ORDER BY nombre
[2026-06-11 15:52:51] Talleres encontrados: 6
[2026-06-11 15:52:51] Total items a enviar: 17
[2026-06-11 15:52:55] === INICIO DE PETICIÓN ===
[2026-06-11 15:52:55] POST data: Array
(
    [action] => guardar_previa
    [alumno_id] => 49660256
    [tipo_item] => materia
    [tipo_previa] => 2
    [id_materia] => 81
)

[2026-06-11 15:52:55] Sesión activa - DNI: 98989898
[2026-06-11 15:52:55] Rol: Admin
[2026-06-11 15:52:55] Conexión a BD exitosa
[2026-06-11 15:52:55] Action: guardar_previa
[2026-06-11 15:52:55] === PROCESANDO guardar_previa ===
[2026-06-11 15:52:55] alumno_id: 49660256
[2026-06-11 15:52:55] id_materia: 81
[2026-06-11 15:52:55] id_taller: NULL
[2026-06-11 15:52:55] tipo_item: materia
[2026-06-11 15:52:55] tipo_previa: 2
[2026-06-11 15:52:55] Query check: SELECT ID_previas FROM previas WHERE DNI_U = '49660256' AND ID_materia = '81' AND ID_taller IS NULL
[2026-06-11 15:52:55] Query insert: INSERT INTO previas (DNI_U, ID_materia, ID_taller, Aprobado, ID_tp) 
                  VALUES ('49660256', '81', NULL, 0, '2')
[2026-06-11 15:52:55] Previa guardada correctamente - filas afectadas: 1
[2026-06-11 15:53:04] === INICIO DE PETICIÓN ===
[2026-06-11 15:53:04] POST data: Array
(
    [action] => get_alumnos
    [curso_id] => 12
)

[2026-06-11 15:53:04] Sesión activa - DNI: 98989898
[2026-06-11 15:53:04] Rol: Admin
[2026-06-11 15:53:04] Conexión a BD exitosa
[2026-06-11 15:53:04] Action: get_alumnos
[2026-06-11 15:53:04] === PROCESANDO get_alumnos ===
[2026-06-11 15:53:04] Curso ID: 12
[2026-06-11 15:53:04] Query alumnos: SELECT u.DNI_U, u.Nombre, u.Apellido
              FROM usuario u
              WHERE u.id_curso = '12'
              AND u.ID_rol = 3
              AND u.ID_Estado = 1
              ORDER BY u.Apellido, u.Nombre
[2026-06-11 15:53:04] Alumnos encontrados: 30
[2026-06-11 15:53:44] === INICIO DE PETICIÓN ===
[2026-06-11 15:53:44] POST data: Array
(
    [action] => get_alumnos
    [curso_id] => 12
)

[2026-06-11 15:53:44] Sesión activa - DNI: 98989898
[2026-06-11 15:53:44] Rol: Admin
[2026-06-11 15:53:44] Conexión a BD exitosa
[2026-06-11 15:53:44] Action: get_alumnos
[2026-06-11 15:53:44] === PROCESANDO get_alumnos ===
[2026-06-11 15:53:44] Curso ID: 12
[2026-06-11 15:53:44] Query alumnos: SELECT u.DNI_U, u.Nombre, u.Apellido
              FROM usuario u
              WHERE u.id_curso = '12'
              AND u.ID_rol = 3
              AND u.ID_Estado = 1
              ORDER BY u.Apellido, u.Nombre
[2026-06-11 15:53:44] Alumnos encontrados: 30
[2026-06-11 15:54:01] === INICIO DE PETICIÓN ===
[2026-06-11 15:54:01] POST data: Array
(
    [action] => get_materias_y_talleres_por_anio
    [anio] => 2
)

[2026-06-11 15:54:01] Sesión activa - DNI: 98989898
[2026-06-11 15:54:01] Rol: Admin
[2026-06-11 15:54:02] Conexión a BD exitosa
[2026-06-11 15:54:02] Action: get_materias_y_talleres_por_anio
[2026-06-11 15:54:02] === PROCESANDO get_materias_y_talleres_por_anio ===
[2026-06-11 15:54:02] Año: 2
[2026-06-11 15:54:02] Query materias: SELECT DISTINCT m.ID_materia, m.Nom_materia
                       FROM materia m
                       INNER JOIN curso c ON m.id_curso = c.ID_curso
                       WHERE c.curso = '2'
                       AND c.division = 'A'
                       AND m.Nom_materia NOT LIKE '%Taller%'
                       AND m.Nom_materia NOT LIKE '%Tutorias%'
                       AND m.Nom_materia NOT LIKE '%Tutoría%'
                       ORDER BY m.Nom_materia
[2026-06-11 15:54:02] Materias encontradas: 11
[2026-06-11 15:54:02] Query talleres: SELECT ID_taller, nombre 
                           FROM talleres 
                           WHERE anio_taller = 'II' 
                           AND activo = 1
                           ORDER BY nombre
[2026-06-11 15:54:02] Talleres encontrados: 6
[2026-06-11 15:54:02] Total items a enviar: 17
[2026-06-11 15:54:11] === INICIO DE PETICIÓN ===
[2026-06-11 15:54:11] POST data: Array
(
    [action] => guardar_previa
    [alumno_id] => 51114353
    [tipo_item] => materia
    [tipo_previa] => 2
    [id_materia] => 87
)

[2026-06-11 15:54:11] Sesión activa - DNI: 98989898
[2026-06-11 15:54:11] Rol: Admin
[2026-06-11 15:54:11] Conexión a BD exitosa
[2026-06-11 15:54:11] Action: guardar_previa
[2026-06-11 15:54:11] === PROCESANDO guardar_previa ===
[2026-06-11 15:54:11] alumno_id: 51114353
[2026-06-11 15:54:11] id_materia: 87
[2026-06-11 15:54:11] id_taller: NULL
[2026-06-11 15:54:11] tipo_item: materia
[2026-06-11 15:54:11] tipo_previa: 2
[2026-06-11 15:54:11] Query check: SELECT ID_previas FROM previas WHERE DNI_U = '51114353' AND ID_materia = '87' AND ID_taller IS NULL
[2026-06-11 15:54:11] Query insert: INSERT INTO previas (DNI_U, ID_materia, ID_taller, Aprobado, ID_tp) 
                  VALUES ('51114353', '87', NULL, 0, '2')
[2026-06-11 15:54:11] Previa guardada correctamente - filas afectadas: 1
[2026-06-11 15:54:14] === INICIO DE PETICIÓN ===
[2026-06-11 15:54:14] POST data: Array
(
    [action] => get_alumnos
    [curso_id] => 12
)

[2026-06-11 15:54:14] Sesión activa - DNI: 98989898
[2026-06-11 15:54:14] Rol: Admin
[2026-06-11 15:54:14] Conexión a BD exitosa
[2026-06-11 15:54:14] Action: get_alumnos
[2026-06-11 15:54:14] === PROCESANDO get_alumnos ===
[2026-06-11 15:54:14] Curso ID: 12
[2026-06-11 15:54:14] Query alumnos: SELECT u.DNI_U, u.Nombre, u.Apellido
              FROM usuario u
              WHERE u.id_curso = '12'
              AND u.ID_rol = 3
              AND u.ID_Estado = 1
              ORDER BY u.Apellido, u.Nombre
[2026-06-11 15:54:14] Alumnos encontrados: 30
[2026-06-11 15:54:22] === INICIO DE PETICIÓN ===
[2026-06-11 15:54:22] POST data: Array
(
    [action] => get_materias_y_talleres_por_anio
    [anio] => 2
)

[2026-06-11 15:54:22] Sesión activa - DNI: 98989898
[2026-06-11 15:54:22] Rol: Admin
[2026-06-11 15:54:22] Conexión a BD exitosa
[2026-06-11 15:54:22] Action: get_materias_y_talleres_por_anio
[2026-06-11 15:54:22] === PROCESANDO get_materias_y_talleres_por_anio ===
[2026-06-11 15:54:22] Año: 2
[2026-06-11 15:54:22] Query materias: SELECT DISTINCT m.ID_materia, m.Nom_materia
                       FROM materia m
                       INNER JOIN curso c ON m.id_curso = c.ID_curso
                       WHERE c.curso = '2'
                       AND c.division = 'A'
                       AND m.Nom_materia NOT LIKE '%Taller%'
                       AND m.Nom_materia NOT LIKE '%Tutorias%'
                       AND m.Nom_materia NOT LIKE '%Tutoría%'
                       ORDER BY m.Nom_materia
[2026-06-11 15:54:22] Materias encontradas: 11
[2026-06-11 15:54:22] Query talleres: SELECT ID_taller, nombre 
                           FROM talleres 
                           WHERE anio_taller = 'II' 
                           AND activo = 1
                           ORDER BY nombre
[2026-06-11 15:54:22] Talleres encontrados: 6
[2026-06-11 15:54:22] Total items a enviar: 17
[2026-06-11 15:54:27] === INICIO DE PETICIÓN ===
[2026-06-11 15:54:27] POST data: Array
(
    [action] => guardar_previa
    [alumno_id] => 51114353
    [tipo_item] => materia
    [tipo_previa] => 2
    [id_materia] => 89
)

[2026-06-11 15:54:27] Sesión activa - DNI: 98989898
[2026-06-11 15:54:27] Rol: Admin
[2026-06-11 15:54:27] Conexión a BD exitosa
[2026-06-11 15:54:27] Action: guardar_previa
[2026-06-11 15:54:27] === PROCESANDO guardar_previa ===
[2026-06-11 15:54:27] alumno_id: 51114353
[2026-06-11 15:54:27] id_materia: 89
[2026-06-11 15:54:27] id_taller: NULL
[2026-06-11 15:54:27] tipo_item: materia
[2026-06-11 15:54:27] tipo_previa: 2
[2026-06-11 15:54:27] Query check: SELECT ID_previas FROM previas WHERE DNI_U = '51114353' AND ID_materia = '89' AND ID_taller IS NULL
[2026-06-11 15:54:27] Query insert: INSERT INTO previas (DNI_U, ID_materia, ID_taller, Aprobado, ID_tp) 
                  VALUES ('51114353', '89', NULL, 0, '2')
[2026-06-11 15:54:27] Previa guardada correctamente - filas afectadas: 1
[2026-06-11 15:54:32] === INICIO DE PETICIÓN ===
[2026-06-11 15:54:32] POST data: Array
(
    [action] => get_alumnos
    [curso_id] => 12
)

[2026-06-11 15:54:32] Sesión activa - DNI: 98989898
[2026-06-11 15:54:32] Rol: Admin
[2026-06-11 15:54:32] Conexión a BD exitosa
[2026-06-11 15:54:32] Action: get_alumnos
[2026-06-11 15:54:32] === PROCESANDO get_alumnos ===
[2026-06-11 15:54:32] Curso ID: 12
[2026-06-11 15:54:32] Query alumnos: SELECT u.DNI_U, u.Nombre, u.Apellido
              FROM usuario u
              WHERE u.id_curso = '12'
              AND u.ID_rol = 3
              AND u.ID_Estado = 1
              ORDER BY u.Apellido, u.Nombre
[2026-06-11 15:54:32] Alumnos encontrados: 30
[2026-06-11 15:54:43] === INICIO DE PETICIÓN ===
[2026-06-11 15:54:43] POST data: Array
(
    [action] => get_materias_y_talleres_por_anio
    [anio] => 2
)

[2026-06-11 15:54:43] Sesión activa - DNI: 98989898
[2026-06-11 15:54:43] Rol: Admin
[2026-06-11 15:54:43] Conexión a BD exitosa
[2026-06-11 15:54:43] Action: get_materias_y_talleres_por_anio
[2026-06-11 15:54:43] === PROCESANDO get_materias_y_talleres_por_anio ===
[2026-06-11 15:54:43] Año: 2
[2026-06-11 15:54:43] Query materias: SELECT DISTINCT m.ID_materia, m.Nom_materia
                       FROM materia m
                       INNER JOIN curso c ON m.id_curso = c.ID_curso
                       WHERE c.curso = '2'
                       AND c.division = 'A'
                       AND m.Nom_materia NOT LIKE '%Taller%'
                       AND m.Nom_materia NOT LIKE '%Tutorias%'
                       AND m.Nom_materia NOT LIKE '%Tutoría%'
                       ORDER BY m.Nom_materia
[2026-06-11 15:54:43] Materias encontradas: 11
[2026-06-11 15:54:43] Query talleres: SELECT ID_taller, nombre 
                           FROM talleres 
                           WHERE anio_taller = 'II' 
                           AND activo = 1
                           ORDER BY nombre
[2026-06-11 15:54:43] Talleres encontrados: 6
[2026-06-11 15:54:43] Total items a enviar: 17
[2026-06-11 15:54:47] === INICIO DE PETICIÓN ===
[2026-06-11 15:54:47] POST data: Array
(
    [action] => guardar_previa
    [alumno_id] => 51114353
    [tipo_item] => materia
    [tipo_previa] => 2
    [id_materia] => 88
)

[2026-06-11 15:54:47] Sesión activa - DNI: 98989898
[2026-06-11 15:54:47] Rol: Admin
[2026-06-11 15:54:47] Conexión a BD exitosa
[2026-06-11 15:54:47] Action: guardar_previa
[2026-06-11 15:54:47] === PROCESANDO guardar_previa ===
[2026-06-11 15:54:47] alumno_id: 51114353
[2026-06-11 15:54:47] id_materia: 88
[2026-06-11 15:54:47] id_taller: NULL
[2026-06-11 15:54:47] tipo_item: materia
[2026-06-11 15:54:47] tipo_previa: 2
[2026-06-11 15:54:47] Query check: SELECT ID_previas FROM previas WHERE DNI_U = '51114353' AND ID_materia = '88' AND ID_taller IS NULL
[2026-06-11 15:54:47] Query insert: INSERT INTO previas (DNI_U, ID_materia, ID_taller, Aprobado, ID_tp) 
                  VALUES ('51114353', '88', NULL, 0, '2')
[2026-06-11 15:54:47] Previa guardada correctamente - filas afectadas: 1
[2026-06-11 15:55:01] === INICIO DE PETICIÓN ===
[2026-06-11 15:55:01] POST data: Array
(
    [action] => get_alumnos
    [curso_id] => 12
)

[2026-06-11 15:55:01] Sesión activa - DNI: 98989898
[2026-06-11 15:55:01] Rol: Admin
[2026-06-11 15:55:01] Conexión a BD exitosa
[2026-06-11 15:55:01] Action: get_alumnos
[2026-06-11 15:55:01] === PROCESANDO get_alumnos ===
[2026-06-11 15:55:01] Curso ID: 12
[2026-06-11 15:55:01] Query alumnos: SELECT u.DNI_U, u.Nombre, u.Apellido
              FROM usuario u
              WHERE u.id_curso = '12'
              AND u.ID_rol = 3
              AND u.ID_Estado = 1
              ORDER BY u.Apellido, u.Nombre
[2026-06-11 15:55:01] Alumnos encontrados: 30
[2026-06-11 15:55:08] === INICIO DE PETICIÓN ===
[2026-06-11 15:55:08] POST data: Array
(
    [action] => get_materias_y_talleres_por_anio
    [anio] => 1
)

[2026-06-11 15:55:08] Sesión activa - DNI: 98989898
[2026-06-11 15:55:08] Rol: Admin
[2026-06-11 15:55:08] Conexión a BD exitosa
[2026-06-11 15:55:08] Action: get_materias_y_talleres_por_anio
[2026-06-11 15:55:08] === PROCESANDO get_materias_y_talleres_por_anio ===
[2026-06-11 15:55:08] Año: 1
[2026-06-11 15:55:08] Query materias: SELECT DISTINCT m.ID_materia, m.Nom_materia
                       FROM materia m
                       INNER JOIN curso c ON m.id_curso = c.ID_curso
                       WHERE c.curso = '1'
                       AND c.division = 'A'
                       AND m.Nom_materia NOT LIKE '%Taller%'
                       AND m.Nom_materia NOT LIKE '%Tutorias%'
                       AND m.Nom_materia NOT LIKE '%Tutoría%'
                       ORDER BY m.Nom_materia
[2026-06-11 15:55:08] Materias encontradas: 10
[2026-06-11 15:55:08] Query talleres: SELECT ID_taller, nombre 
                           FROM talleres 
                           WHERE anio_taller = 'I' 
                           AND activo = 1
                           ORDER BY nombre
[2026-06-11 15:55:08] Talleres encontrados: 6
[2026-06-11 15:55:08] Total items a enviar: 16
[2026-06-11 15:55:16] === INICIO DE PETICIÓN ===
[2026-06-11 15:55:16] POST data: Array
(
    [action] => guardar_previa
    [alumno_id] => 50569764
    [tipo_item] => materia
    [tipo_previa] => 2
    [id_materia] => 23
)

[2026-06-11 15:55:16] Sesión activa - DNI: 98989898
[2026-06-11 15:55:16] Rol: Admin
[2026-06-11 15:55:16] Conexión a BD exitosa
[2026-06-11 15:55:16] Action: guardar_previa
[2026-06-11 15:55:16] === PROCESANDO guardar_previa ===
[2026-06-11 15:55:16] alumno_id: 50569764
[2026-06-11 15:55:16] id_materia: 23
[2026-06-11 15:55:16] id_taller: NULL
[2026-06-11 15:55:16] tipo_item: materia
[2026-06-11 15:55:16] tipo_previa: 2
[2026-06-11 15:55:16] Query check: SELECT ID_previas FROM previas WHERE DNI_U = '50569764' AND ID_materia = '23' AND ID_taller IS NULL
[2026-06-11 15:55:16] Query insert: INSERT INTO previas (DNI_U, ID_materia, ID_taller, Aprobado, ID_tp) 
                  VALUES ('50569764', '23', NULL, 0, '2')
[2026-06-11 15:55:16] Previa guardada correctamente - filas afectadas: 1
[2026-06-11 15:55:18] === INICIO DE PETICIÓN ===
[2026-06-11 15:55:18] POST data: Array
(
    [action] => get_alumnos
    [curso_id] => 12
)

[2026-06-11 15:55:18] Sesión activa - DNI: 98989898
[2026-06-11 15:55:18] Rol: Admin
[2026-06-11 15:55:18] Conexión a BD exitosa
[2026-06-11 15:55:18] Action: get_alumnos
[2026-06-11 15:55:18] === PROCESANDO get_alumnos ===
[2026-06-11 15:55:18] Curso ID: 12
[2026-06-11 15:55:18] Query alumnos: SELECT u.DNI_U, u.Nombre, u.Apellido
              FROM usuario u
              WHERE u.id_curso = '12'
              AND u.ID_rol = 3
              AND u.ID_Estado = 1
              ORDER BY u.Apellido, u.Nombre
[2026-06-11 15:55:18] Alumnos encontrados: 30
[2026-06-11 15:55:46] === INICIO DE PETICIÓN ===
[2026-06-11 15:55:46] POST data: Array
(
    [action] => get_materias_y_talleres_por_anio
    [anio] => 2
)

[2026-06-11 15:55:46] Sesión activa - DNI: 98989898
[2026-06-11 15:55:46] Rol: Admin
[2026-06-11 15:55:46] Conexión a BD exitosa
[2026-06-11 15:55:46] Action: get_materias_y_talleres_por_anio
[2026-06-11 15:55:46] === PROCESANDO get_materias_y_talleres_por_anio ===
[2026-06-11 15:55:46] Año: 2
[2026-06-11 15:55:46] Query materias: SELECT DISTINCT m.ID_materia, m.Nom_materia
                       FROM materia m
                       INNER JOIN curso c ON m.id_curso = c.ID_curso
                       WHERE c.curso = '2'
                       AND c.division = 'A'
                       AND m.Nom_materia NOT LIKE '%Taller%'
                       AND m.Nom_materia NOT LIKE '%Tutorias%'
                       AND m.Nom_materia NOT LIKE '%Tutoría%'
                       ORDER BY m.Nom_materia
[2026-06-11 15:55:46] Materias encontradas: 11
[2026-06-11 15:55:46] Query talleres: SELECT ID_taller, nombre 
                           FROM talleres 
                           WHERE anio_taller = 'II' 
                           AND activo = 1
                           ORDER BY nombre
[2026-06-11 15:55:46] Talleres encontrados: 6
[2026-06-11 15:55:46] Total items a enviar: 17
[2026-06-11 15:55:50] === INICIO DE PETICIÓN ===
[2026-06-11 15:55:50] POST data: Array
(
    [action] => guardar_previa
    [alumno_id] => 50569764
    [tipo_item] => materia
    [tipo_previa] => 2
    [id_materia] => 83
)

[2026-06-11 15:55:50] Sesión activa - DNI: 98989898
[2026-06-11 15:55:50] Rol: Admin
[2026-06-11 15:55:50] Conexión a BD exitosa
[2026-06-11 15:55:50] Action: guardar_previa
[2026-06-11 15:55:50] === PROCESANDO guardar_previa ===
[2026-06-11 15:55:50] alumno_id: 50569764
[2026-06-11 15:55:50] id_materia: 83
[2026-06-11 15:55:50] id_taller: NULL
[2026-06-11 15:55:50] tipo_item: materia
[2026-06-11 15:55:50] tipo_previa: 2
[2026-06-11 15:55:50] Query check: SELECT ID_previas FROM previas WHERE DNI_U = '50569764' AND ID_materia = '83' AND ID_taller IS NULL
[2026-06-11 15:55:50] Query insert: INSERT INTO previas (DNI_U, ID_materia, ID_taller, Aprobado, ID_tp) 
                  VALUES ('50569764', '83', NULL, 0, '2')
[2026-06-11 15:55:50] Previa guardada correctamente - filas afectadas: 1
[2026-06-11 15:56:05] === INICIO DE PETICIÓN ===
[2026-06-11 15:56:05] POST data: Array
(
    [action] => get_alumnos
    [curso_id] => 18
)

[2026-06-11 15:56:05] Sesión activa - DNI: 98989898
[2026-06-11 15:56:05] Rol: Admin
[2026-06-11 15:56:05] Conexión a BD exitosa
[2026-06-11 15:56:05] Action: get_alumnos
[2026-06-11 15:56:05] === PROCESANDO get_alumnos ===
[2026-06-11 15:56:05] Curso ID: 18
[2026-06-11 15:56:05] Query alumnos: SELECT u.DNI_U, u.Nombre, u.Apellido
              FROM usuario u
              WHERE u.id_curso = '18'
              AND u.ID_rol = 3
              AND u.ID_Estado = 1
              ORDER BY u.Apellido, u.Nombre
[2026-06-11 15:56:05] Alumnos encontrados: 27
[2026-06-11 15:56:12] === INICIO DE PETICIÓN ===
[2026-06-11 15:56:12] POST data: Array
(
    [action] => get_materias_y_talleres_por_anio
    [anio] => 3
)

[2026-06-11 15:56:12] Sesión activa - DNI: 98989898
[2026-06-11 15:56:12] Rol: Admin
[2026-06-11 15:56:12] Conexión a BD exitosa
[2026-06-11 15:56:12] Action: get_materias_y_talleres_por_anio
[2026-06-11 15:56:12] === PROCESANDO get_materias_y_talleres_por_anio ===
[2026-06-11 15:56:12] Año: 3
[2026-06-11 15:56:12] Query materias: SELECT DISTINCT m.ID_materia, m.Nom_materia
                       FROM materia m
                       INNER JOIN curso c ON m.id_curso = c.ID_curso
                       WHERE c.curso = '3'
                       AND c.division = 'A'
                       AND m.Nom_materia NOT LIKE '%Taller%'
                       AND m.Nom_materia NOT LIKE '%Tutorias%'
                       AND m.Nom_materia NOT LIKE '%Tutoría%'
                       ORDER BY m.Nom_materia
[2026-06-11 15:56:12] Materias encontradas: 14
[2026-06-11 15:56:12] Total items a enviar: 14
[2026-06-11 15:56:42] === INICIO DE PETICIÓN ===
[2026-06-11 15:56:42] POST data: Array
(
    [action] => get_alumnos
    [curso_id] => 17
)

[2026-06-11 15:56:42] Sesión activa - DNI: 98989898
[2026-06-11 15:56:42] Rol: Admin
[2026-06-11 15:56:42] Conexión a BD exitosa
[2026-06-11 15:56:42] Action: get_alumnos
[2026-06-11 15:56:42] === PROCESANDO get_alumnos ===
[2026-06-11 15:56:42] Curso ID: 17
[2026-06-11 15:56:42] Query alumnos: SELECT u.DNI_U, u.Nombre, u.Apellido
              FROM usuario u
              WHERE u.id_curso = '17'
              AND u.ID_rol = 3
              AND u.ID_Estado = 1
              ORDER BY u.Apellido, u.Nombre
[2026-06-11 15:56:42] Alumnos encontrados: 27
[2026-06-12 17:30:25] === INICIO DE PETICIÓN ===
[2026-06-12 17:30:25] POST data: Array
(
    [action] => get_alumnos
    [curso_id] => 17
)

[2026-06-12 17:30:25] Sesión activa - DNI: 26623512
[2026-06-12 17:30:25] Rol: Admin
[2026-06-12 17:30:25] Conexión a BD exitosa
[2026-06-12 17:30:25] Action: get_alumnos
[2026-06-12 17:30:25] === PROCESANDO get_alumnos ===
[2026-06-12 17:30:25] Curso ID: 17
[2026-06-12 17:30:25] Query alumnos: SELECT u.DNI_U, u.Nombre, u.Apellido
              FROM usuario u
              WHERE u.id_curso = '17'
              AND u.ID_rol = 3
              AND u.ID_Estado = 1
              ORDER BY u.Apellido, u.Nombre
[2026-06-12 17:30:25] Alumnos encontrados: 27
[2026-06-12 17:30:41] === INICIO DE PETICIÓN ===
[2026-06-12 17:30:41] POST data: Array
(
    [action] => get_materias_y_talleres_por_anio
    [anio] => 5
)

[2026-06-12 17:30:41] Sesión activa - DNI: 26623512
[2026-06-12 17:30:41] Rol: Admin
[2026-06-12 17:30:41] Conexión a BD exitosa
[2026-06-12 17:30:41] Action: get_materias_y_talleres_por_anio
[2026-06-12 17:30:41] === PROCESANDO get_materias_y_talleres_por_anio ===
[2026-06-12 17:30:41] Año: 5
[2026-06-12 17:30:41] Query materias: SELECT DISTINCT m.ID_materia, m.Nom_materia
                       FROM materia m
                       INNER JOIN curso c ON m.id_curso = c.ID_curso
                       WHERE c.curso = '5'
                       AND c.division = 'A'
                       AND m.Nom_materia NOT LIKE '%Taller%'
                       AND m.Nom_materia NOT LIKE '%Tutorias%'
                       AND m.Nom_materia NOT LIKE '%Tutoría%'
                       ORDER BY m.Nom_materia
[2026-06-12 17:30:41] Materias encontradas: 15
[2026-06-12 17:30:41] Total items a enviar: 15
[2026-06-12 18:39:51] === INICIO DE PETICIÓN ===
[2026-06-12 18:39:51] POST data: Array
(
    [action] => get_materias_y_talleres_por_anio
    [anio] => 6
)

[2026-06-12 18:39:51] Sesión activa - DNI: 26623512
[2026-06-12 18:39:51] Rol: Admin
[2026-06-12 18:39:51] Conexión a BD exitosa
[2026-06-12 18:39:51] Action: get_materias_y_talleres_por_anio
[2026-06-12 18:39:51] === PROCESANDO get_materias_y_talleres_por_anio ===
[2026-06-12 18:39:51] Año: 6
[2026-06-12 18:39:51] Query materias: SELECT DISTINCT m.ID_materia, m.Nom_materia
                       FROM materia m
                       INNER JOIN curso c ON m.id_curso = c.ID_curso
                       WHERE c.curso = '6'
                       AND c.division = 'A'
                       AND m.Nom_materia NOT LIKE '%Taller%'
                       AND m.Nom_materia NOT LIKE '%Tutorias%'
                       AND m.Nom_materia NOT LIKE '%Tutoría%'
                       ORDER BY m.Nom_materia
[2026-06-12 18:39:51] Materias encontradas: 14
[2026-06-12 18:39:51] Total items a enviar: 14
[2026-06-17 14:46:14] === INICIO DE PETICIÓN ===
[2026-06-17 14:46:14] POST data: Array
(
    [action] => editar_previa
    [previa_id] => 344
    [tipo_previa] => 2
    [aprobado] => 1
)

[2026-06-17 14:46:14] Sesión activa - DNI: 37325413
[2026-06-17 14:46:14] Rol: Preceptor
[2026-06-17 14:46:14] Conexión a BD exitosa
[2026-06-17 14:46:14] Action: editar_previa
[2026-06-17 14:46:14] === editar_previa ===
[2026-06-17 14:46:14] previa_id: 344, tipo_previa: 2, aprobado: 1
[2026-06-17 14:46:14] Query: UPDATE previas SET ID_tp = '2', Aprobado = '1' WHERE ID_previas = '344'
[2026-06-17 14:48:38] === INICIO DE PETICIÓN ===
[2026-06-17 14:48:38] POST data: Array
(
    [action] => editar_previa
    [previa_id] => 332
    [tipo_previa] => 2
    [aprobado] => 1
)

[2026-06-17 14:48:38] Sesión activa - DNI: 37325413
[2026-06-17 14:48:38] Rol: Preceptor
[2026-06-17 14:48:38] Conexión a BD exitosa
[2026-06-17 14:48:38] Action: editar_previa
[2026-06-17 14:48:38] === editar_previa ===
[2026-06-17 14:48:38] previa_id: 332, tipo_previa: 2, aprobado: 1
[2026-06-17 14:48:38] Query: UPDATE previas SET ID_tp = '2', Aprobado = '1' WHERE ID_previas = '332'
[2026-06-17 14:53:03] === INICIO DE PETICIÓN ===
[2026-06-17 14:53:03] POST data: Array
(
    [action] => editar_previa
    [previa_id] => 224
    [tipo_previa] => 2
    [aprobado] => 0
)

[2026-06-17 14:53:03] Sesión activa - DNI: 32736064
[2026-06-17 14:53:03] Rol: Preceptor
[2026-06-17 14:53:03] Conexión a BD exitosa
[2026-06-17 14:53:03] Action: editar_previa
[2026-06-17 14:53:03] === editar_previa ===
[2026-06-17 14:53:03] previa_id: 224, tipo_previa: 2, aprobado: 0
[2026-06-17 14:53:03] Query: UPDATE previas SET ID_tp = '2', Aprobado = '0' WHERE ID_previas = '224'
[2026-06-17 14:54:09] === INICIO DE PETICIÓN ===
[2026-06-17 14:54:09] POST data: Array
(
    [action] => editar_previa
    [previa_id] => 224
    [tipo_previa] => 2
    [aprobado] => 1
)

[2026-06-17 14:54:09] Sesión activa - DNI: 32736064
[2026-06-17 14:54:09] Rol: Preceptor
[2026-06-17 14:54:09] Conexión a BD exitosa
[2026-06-17 14:54:09] Action: editar_previa
[2026-06-17 14:54:09] === editar_previa ===
[2026-06-17 14:54:09] previa_id: 224, tipo_previa: 2, aprobado: 1
[2026-06-17 14:54:09] Query: UPDATE previas SET ID_tp = '2', Aprobado = '1' WHERE ID_previas = '224'
[2026-06-19 15:07:33] === INICIO DE PETICIÓN ===
[2026-06-19 15:07:33] POST data: Array
(
    [action] => editar_previa
    [previa_id] => 818
    [tipo_previa] => 2
    [aprobado] => 1
)

[2026-06-19 15:07:33] Sesión activa - DNI: 31262891
[2026-06-19 15:07:33] Rol: Preceptor
[2026-06-19 15:07:33] Conexión a BD exitosa
[2026-06-19 15:07:33] Action: editar_previa
[2026-06-19 15:07:33] === editar_previa ===
[2026-06-19 15:07:33] previa_id: 818, tipo_previa: 2, aprobado: 1
[2026-06-19 15:07:33] Query: UPDATE previas SET ID_tp = '2', Aprobado = '1' WHERE ID_previas = '818'
[2026-06-22 11:39:21] === INICIO DE PETICIÓN ===
[2026-06-22 11:39:21] POST data: Array
(
    [action] => editar_previa
    [previa_id] => 293
    [tipo_previa] => 2
    [aprobado] => 1
)

[2026-06-22 11:39:21] Sesión activa - DNI: 26623512
[2026-06-22 11:39:21] Rol: Admin
[2026-06-22 11:39:21] Conexión a BD exitosa
[2026-06-22 11:39:21] Action: editar_previa
[2026-06-22 11:39:21] === editar_previa ===
[2026-06-22 11:39:21] previa_id: 293, tipo_previa: 2, aprobado: 1
[2026-06-22 11:39:21] Query: UPDATE previas SET ID_tp = '2', Aprobado = '1' WHERE ID_previas = '293'
[2026-06-22 11:39:42] === INICIO DE PETICIÓN ===
[2026-06-22 11:39:42] POST data: Array
(
    [action] => editar_previa
    [previa_id] => 299
    [tipo_previa] => 2
    [aprobado] => 1
)

[2026-06-22 11:39:42] Sesión activa - DNI: 26623512
[2026-06-22 11:39:42] Rol: Admin
[2026-06-22 11:39:42] Conexión a BD exitosa
[2026-06-22 11:39:42] Action: editar_previa
[2026-06-22 11:39:42] === editar_previa ===
[2026-06-22 11:39:42] previa_id: 299, tipo_previa: 2, aprobado: 1
[2026-06-22 11:39:42] Query: UPDATE previas SET ID_tp = '2', Aprobado = '1' WHERE ID_previas = '299'
[2026-06-22 11:40:11] === INICIO DE PETICIÓN ===
[2026-06-22 11:40:11] POST data: Array
(
    [action] => editar_previa
    [previa_id] => 290
    [tipo_previa] => 2
    [aprobado] => 1
)

[2026-06-22 11:40:11] Sesión activa - DNI: 26623512
[2026-06-22 11:40:11] Rol: Admin
[2026-06-22 11:40:11] Conexión a BD exitosa
[2026-06-22 11:40:11] Action: editar_previa
[2026-06-22 11:40:11] === editar_previa ===
[2026-06-22 11:40:11] previa_id: 290, tipo_previa: 2, aprobado: 1
[2026-06-22 11:40:11] Query: UPDATE previas SET ID_tp = '2', Aprobado = '1' WHERE ID_previas = '290'
[2026-06-22 11:41:05] === INICIO DE PETICIÓN ===
[2026-06-22 11:41:05] POST data: Array
(
    [action] => editar_previa
    [previa_id] => 263
    [tipo_previa] => 2
    [aprobado] => 1
)

[2026-06-22 11:41:05] Sesión activa - DNI: 26623512
[2026-06-22 11:41:05] Rol: Admin
[2026-06-22 11:41:05] Conexión a BD exitosa
[2026-06-22 11:41:05] Action: editar_previa
[2026-06-22 11:41:05] === editar_previa ===
[2026-06-22 11:41:05] previa_id: 263, tipo_previa: 2, aprobado: 1
[2026-06-22 11:41:05] Query: UPDATE previas SET ID_tp = '2', Aprobado = '1' WHERE ID_previas = '263'
[2026-06-23 08:01:24] === INICIO DE PETICIÓN ===
[2026-06-23 08:01:24] POST data: Array
(
    [action] => editar_previa
    [previa_id] => 326
    [tipo_previa] => 2
    [aprobado] => 1
)

[2026-06-23 08:01:24] Sesión activa - DNI: 32297737
[2026-06-23 08:01:24] Rol: Preceptor
[2026-06-23 08:01:24] Conexión a BD exitosa
[2026-06-23 08:01:24] Action: editar_previa
[2026-06-23 08:01:24] === editar_previa ===
[2026-06-23 08:01:24] previa_id: 326, tipo_previa: 2, aprobado: 1
[2026-06-23 08:01:24] Query: UPDATE previas SET ID_tp = '2', Aprobado = '1' WHERE ID_previas = '326'
[2026-06-23 10:32:21] === INICIO DE PETICIÓN ===
[2026-06-23 10:32:21] POST data: Array
(
    [action] => get_alumnos
    [curso_id] => 14
)

[2026-06-23 10:32:21] Sesión activa - DNI: 98989898
[2026-06-23 10:32:21] Rol: Admin
[2026-06-23 10:32:21] Conexión a BD exitosa
[2026-06-23 10:32:21] Action: get_alumnos
[2026-06-23 10:32:21] === PROCESANDO get_alumnos ===
[2026-06-23 10:32:21] Curso ID: 14
[2026-06-23 10:32:21] Query alumnos: SELECT u.DNI_U, u.Nombre, u.Apellido
              FROM usuario u
              WHERE u.id_curso = '14'
              AND u.ID_rol = 3
              AND u.ID_Estado = 1
              ORDER BY u.Apellido, u.Nombre
[2026-06-23 10:32:21] Alumnos encontrados: 29
[2026-06-23 10:32:27] === INICIO DE PETICIÓN ===
[2026-06-23 10:32:27] POST data: Array
(
    [action] => get_materias_y_talleres_por_anio
    [anio] => 2
)

[2026-06-23 10:32:27] Sesión activa - DNI: 98989898
[2026-06-23 10:32:27] Rol: Admin
[2026-06-23 10:32:27] Conexión a BD exitosa
[2026-06-23 10:32:27] Action: get_materias_y_talleres_por_anio
[2026-06-23 10:32:27] === PROCESANDO get_materias_y_talleres_por_anio ===
[2026-06-23 10:32:27] Año: 2
[2026-06-23 10:32:27] Query materias: SELECT DISTINCT m.ID_materia, m.Nom_materia
                       FROM materia m
                       INNER JOIN curso c ON m.id_curso = c.ID_curso
                       WHERE c.curso = '2'
                       AND c.division = 'A'
                       AND m.Nom_materia NOT LIKE '%Taller%'
                       AND m.Nom_materia NOT LIKE '%Tutorias%'
                       AND m.Nom_materia NOT LIKE '%Tutoría%'
                       ORDER BY m.Nom_materia
[2026-06-23 10:32:27] Materias encontradas: 11
[2026-06-23 10:32:27] Query talleres: SELECT ID_taller, nombre 
                           FROM talleres 
                           WHERE anio_taller = 'II' 
                           AND activo = 1
                           ORDER BY nombre
[2026-06-23 10:32:27] Talleres encontrados: 6
[2026-06-23 10:32:27] Total items a enviar: 17
[2026-06-23 10:32:33] === INICIO DE PETICIÓN ===
[2026-06-23 10:32:33] POST data: Array
(
    [action] => guardar_previa
    [alumno_id] => 48089211
    [tipo_item] => materia
    [tipo_previa] => 2
    [id_materia] => 87
)

[2026-06-23 10:32:33] Sesión activa - DNI: 98989898
[2026-06-23 10:32:33] Rol: Admin
[2026-06-23 10:32:33] Conexión a BD exitosa
[2026-06-23 10:32:33] Action: guardar_previa
[2026-06-23 10:32:33] === PROCESANDO guardar_previa ===
[2026-06-23 10:32:33] alumno_id: 48089211
[2026-06-23 10:32:33] id_materia: 87
[2026-06-23 10:32:33] id_taller: NULL
[2026-06-23 10:32:33] tipo_item: materia
[2026-06-23 10:32:33] tipo_previa: 2
[2026-06-23 10:32:33] Query check: SELECT ID_previas FROM previas WHERE DNI_U = '48089211' AND ID_materia = '87' AND ID_taller IS NULL
[2026-06-23 10:32:33] Query insert: INSERT INTO previas (DNI_U, ID_materia, ID_taller, Aprobado, ID_tp) 
                  VALUES ('48089211', '87', NULL, 0, '2')
[2026-06-23 10:32:33] Previa guardada correctamente - filas afectadas: 1
[2026-06-23 10:32:37] === INICIO DE PETICIÓN ===
[2026-06-23 10:32:37] POST data: Array
(
    [action] => get_alumnos
    [curso_id] => 14
)

[2026-06-23 10:32:37] Sesión activa - DNI: 98989898
[2026-06-23 10:32:37] Rol: Admin
[2026-06-23 10:32:37] Conexión a BD exitosa
[2026-06-23 10:32:37] Action: get_alumnos
[2026-06-23 10:32:37] === PROCESANDO get_alumnos ===
[2026-06-23 10:32:37] Curso ID: 14
[2026-06-23 10:32:37] Query alumnos: SELECT u.DNI_U, u.Nombre, u.Apellido
              FROM usuario u
              WHERE u.id_curso = '14'
              AND u.ID_rol = 3
              AND u.ID_Estado = 1
              ORDER BY u.Apellido, u.Nombre
[2026-06-23 10:32:37] Alumnos encontrados: 29
[2026-06-23 10:32:42] === INICIO DE PETICIÓN ===
[2026-06-23 10:32:42] POST data: Array
(
    [action] => get_materias_y_talleres_por_anio
    [anio] => 2
)

[2026-06-23 10:32:42] Sesión activa - DNI: 98989898
[2026-06-23 10:32:42] Rol: Admin
[2026-06-23 10:32:42] Conexión a BD exitosa
[2026-06-23 10:32:42] Action: get_materias_y_talleres_por_anio
[2026-06-23 10:32:42] === PROCESANDO get_materias_y_talleres_por_anio ===
[2026-06-23 10:32:42] Año: 2
[2026-06-23 10:32:42] Query materias: SELECT DISTINCT m.ID_materia, m.Nom_materia
                       FROM materia m
                       INNER JOIN curso c ON m.id_curso = c.ID_curso
                       WHERE c.curso = '2'
                       AND c.division = 'A'
                       AND m.Nom_materia NOT LIKE '%Taller%'
                       AND m.Nom_materia NOT LIKE '%Tutorias%'
                       AND m.Nom_materia NOT LIKE '%Tutoría%'
                       ORDER BY m.Nom_materia
[2026-06-23 10:32:42] Materias encontradas: 11
[2026-06-23 10:32:42] Query talleres: SELECT ID_taller, nombre 
                           FROM talleres 
                           WHERE anio_taller = 'II' 
                           AND activo = 1
                           ORDER BY nombre
[2026-06-23 10:32:42] Talleres encontrados: 6
[2026-06-23 10:32:42] Total items a enviar: 17
[2026-06-23 10:32:47] === INICIO DE PETICIÓN ===
[2026-06-23 10:32:47] POST data: Array
(
    [action] => guardar_previa
    [alumno_id] => 48089211
    [tipo_item] => materia
    [tipo_previa] => 2
    [id_materia] => 82
)

[2026-06-23 10:32:47] Sesión activa - DNI: 98989898
[2026-06-23 10:32:47] Rol: Admin
[2026-06-23 10:32:47] Conexión a BD exitosa
[2026-06-23 10:32:47] Action: guardar_previa
[2026-06-23 10:32:47] === PROCESANDO guardar_previa ===
[2026-06-23 10:32:47] alumno_id: 48089211
[2026-06-23 10:32:47] id_materia: 82
[2026-06-23 10:32:47] id_taller: NULL
[2026-06-23 10:32:47] tipo_item: materia
[2026-06-23 10:32:47] tipo_previa: 2
[2026-06-23 10:32:47] Query check: SELECT ID_previas FROM previas WHERE DNI_U = '48089211' AND ID_materia = '82' AND ID_taller IS NULL
[2026-06-23 10:32:47] Query insert: INSERT INTO previas (DNI_U, ID_materia, ID_taller, Aprobado, ID_tp) 
                  VALUES ('48089211', '82', NULL, 0, '2')
[2026-06-23 10:32:47] Previa guardada correctamente - filas afectadas: 1
[2026-06-23 10:32:50] === INICIO DE PETICIÓN ===
[2026-06-23 10:32:50] POST data: Array
(
    [action] => get_alumnos
    [curso_id] => 14
)

[2026-06-23 10:32:50] Sesión activa - DNI: 98989898
[2026-06-23 10:32:50] Rol: Admin
[2026-06-23 10:32:50] Conexión a BD exitosa
[2026-06-23 10:32:50] Action: get_alumnos
[2026-06-23 10:32:50] === PROCESANDO get_alumnos ===
[2026-06-23 10:32:50] Curso ID: 14
[2026-06-23 10:32:50] Query alumnos: SELECT u.DNI_U, u.Nombre, u.Apellido
              FROM usuario u
              WHERE u.id_curso = '14'
              AND u.ID_rol = 3
              AND u.ID_Estado = 1
              ORDER BY u.Apellido, u.Nombre
[2026-06-23 10:32:50] Alumnos encontrados: 29
[2026-06-23 10:32:57] === INICIO DE PETICIÓN ===
[2026-06-23 10:32:57] POST data: Array
(
    [action] => get_materias_y_talleres_por_anio
    [anio] => 3
)

[2026-06-23 10:32:57] Sesión activa - DNI: 98989898
[2026-06-23 10:32:57] Rol: Admin
[2026-06-23 10:32:57] Conexión a BD exitosa
[2026-06-23 10:32:57] Action: get_materias_y_talleres_por_anio
[2026-06-23 10:32:57] === PROCESANDO get_materias_y_talleres_por_anio ===
[2026-06-23 10:32:57] Año: 3
[2026-06-23 10:32:57] Query materias: SELECT DISTINCT m.ID_materia, m.Nom_materia
                       FROM materia m
                       INNER JOIN curso c ON m.id_curso = c.ID_curso
                       WHERE c.curso = '3'
                       AND c.division = 'A'
                       AND m.Nom_materia NOT LIKE '%Taller%'
                       AND m.Nom_materia NOT LIKE '%Tutorias%'
                       AND m.Nom_materia NOT LIKE '%Tutoría%'
                       ORDER BY m.Nom_materia
[2026-06-23 10:32:57] Materias encontradas: 14
[2026-06-23 10:32:57] Total items a enviar: 14
[2026-06-23 10:33:03] === INICIO DE PETICIÓN ===
[2026-06-23 10:33:03] POST data: Array
(
    [action] => guardar_previa
    [alumno_id] => 48089211
    [tipo_item] => materia
    [tipo_previa] => 2
    [id_materia] => 146
)

[2026-06-23 10:33:03] Sesión activa - DNI: 98989898
[2026-06-23 10:33:03] Rol: Admin
[2026-06-23 10:33:03] Conexión a BD exitosa
[2026-06-23 10:33:03] Action: guardar_previa
[2026-06-23 10:33:03] === PROCESANDO guardar_previa ===
[2026-06-23 10:33:03] alumno_id: 48089211
[2026-06-23 10:33:03] id_materia: 146
[2026-06-23 10:33:03] id_taller: NULL
[2026-06-23 10:33:03] tipo_item: materia
[2026-06-23 10:33:03] tipo_previa: 2
[2026-06-23 10:33:03] Query check: SELECT ID_previas FROM previas WHERE DNI_U = '48089211' AND ID_materia = '146' AND ID_taller IS NULL
[2026-06-23 10:33:03] Query insert: INSERT INTO previas (DNI_U, ID_materia, ID_taller, Aprobado, ID_tp) 
                  VALUES ('48089211', '146', NULL, 0, '2')
[2026-06-23 10:33:03] Previa guardada correctamente - filas afectadas: 1
[2026-06-23 10:33:07] === INICIO DE PETICIÓN ===
[2026-06-23 10:33:07] POST data: Array
(
    [action] => get_alumnos
    [curso_id] => 14
)

[2026-06-23 10:33:07] Sesión activa - DNI: 98989898
[2026-06-23 10:33:07] Rol: Admin
[2026-06-23 10:33:07] Conexión a BD exitosa
[2026-06-23 10:33:07] Action: get_alumnos
[2026-06-23 10:33:07] === PROCESANDO get_alumnos ===
[2026-06-23 10:33:07] Curso ID: 14
[2026-06-23 10:33:07] Query alumnos: SELECT u.DNI_U, u.Nombre, u.Apellido
              FROM usuario u
              WHERE u.id_curso = '14'
              AND u.ID_rol = 3
              AND u.ID_Estado = 1
              ORDER BY u.Apellido, u.Nombre
[2026-06-23 10:33:07] Alumnos encontrados: 29
[2026-06-23 10:33:23] === INICIO DE PETICIÓN ===
[2026-06-23 10:33:23] POST data: Array
(
    [action] => get_materias_y_talleres_por_anio
    [anio] => 3
)

[2026-06-23 10:33:23] Sesión activa - DNI: 98989898
[2026-06-23 10:33:23] Rol: Admin
[2026-06-23 10:33:23] Conexión a BD exitosa
[2026-06-23 10:33:23] Action: get_materias_y_talleres_por_anio
[2026-06-23 10:33:23] === PROCESANDO get_materias_y_talleres_por_anio ===
[2026-06-23 10:33:23] Año: 3
[2026-06-23 10:33:23] Query materias: SELECT DISTINCT m.ID_materia, m.Nom_materia
                       FROM materia m
                       INNER JOIN curso c ON m.id_curso = c.ID_curso
                       WHERE c.curso = '3'
                       AND c.division = 'A'
                       AND m.Nom_materia NOT LIKE '%Taller%'
                       AND m.Nom_materia NOT LIKE '%Tutorias%'
                       AND m.Nom_materia NOT LIKE '%Tutoría%'
                       ORDER BY m.Nom_materia
[2026-06-23 10:33:23] Materias encontradas: 14
[2026-06-23 10:33:23] Total items a enviar: 14
[2026-06-23 10:41:38] === INICIO DE PETICIÓN ===
[2026-06-23 10:41:38] POST data: Array
(
    [action] => guardar_previa
    [alumno_id] => 49554640
    [tipo_item] => materia
    [tipo_previa] => 2
    [id_materia] => 146
)

[2026-06-23 10:41:38] Sesión activa - DNI: 98989898
[2026-06-23 10:41:38] Rol: Admin
[2026-06-23 10:41:38] Conexión a BD exitosa
[2026-06-23 10:41:38] Action: guardar_previa
[2026-06-23 10:41:38] === PROCESANDO guardar_previa ===
[2026-06-23 10:41:38] alumno_id: 49554640
[2026-06-23 10:41:38] id_materia: 146
[2026-06-23 10:41:38] id_taller: NULL
[2026-06-23 10:41:38] tipo_item: materia
[2026-06-23 10:41:38] tipo_previa: 2
[2026-06-23 10:41:38] Query check: SELECT ID_previas FROM previas WHERE DNI_U = '49554640' AND ID_materia = '146' AND ID_taller IS NULL
[2026-06-23 10:41:38] Query insert: INSERT INTO previas (DNI_U, ID_materia, ID_taller, Aprobado, ID_tp) 
                  VALUES ('49554640', '146', NULL, 0, '2')
[2026-06-23 10:41:38] Previa guardada correctamente - filas afectadas: 1
[2026-06-23 10:41:42] === INICIO DE PETICIÓN ===
[2026-06-23 10:41:42] POST data: Array
(
    [action] => get_alumnos
    [curso_id] => 14
)

[2026-06-23 10:41:42] Sesión activa - DNI: 98989898
[2026-06-23 10:41:42] Rol: Admin
[2026-06-23 10:41:42] Conexión a BD exitosa
[2026-06-23 10:41:42] Action: get_alumnos
[2026-06-23 10:41:42] === PROCESANDO get_alumnos ===
[2026-06-23 10:41:42] Curso ID: 14
[2026-06-23 10:41:42] Query alumnos: SELECT u.DNI_U, u.Nombre, u.Apellido
              FROM usuario u
              WHERE u.id_curso = '14'
              AND u.ID_rol = 3
              AND u.ID_Estado = 1
              ORDER BY u.Apellido, u.Nombre
[2026-06-23 10:41:42] Alumnos encontrados: 29
[2026-06-23 10:41:49] === INICIO DE PETICIÓN ===
[2026-06-23 10:41:49] POST data: Array
(
    [action] => get_materias_y_talleres_por_anio
    [anio] => 3
)

[2026-06-23 10:41:49] Sesión activa - DNI: 98989898
[2026-06-23 10:41:49] Rol: Admin
[2026-06-23 10:41:49] Conexión a BD exitosa
[2026-06-23 10:41:49] Action: get_materias_y_talleres_por_anio
[2026-06-23 10:41:49] === PROCESANDO get_materias_y_talleres_por_anio ===
[2026-06-23 10:41:49] Año: 3
[2026-06-23 10:41:49] Query materias: SELECT DISTINCT m.ID_materia, m.Nom_materia
                       FROM materia m
                       INNER JOIN curso c ON m.id_curso = c.ID_curso
                       WHERE c.curso = '3'
                       AND c.division = 'A'
                       AND m.Nom_materia NOT LIKE '%Taller%'
                       AND m.Nom_materia NOT LIKE '%Tutorias%'
                       AND m.Nom_materia NOT LIKE '%Tutoría%'
                       ORDER BY m.Nom_materia
[2026-06-23 10:41:49] Materias encontradas: 14
[2026-06-23 10:41:49] Total items a enviar: 14
[2026-06-23 10:41:58] === INICIO DE PETICIÓN ===
[2026-06-23 10:41:58] POST data: Array
(
    [action] => guardar_previa
    [alumno_id] => 49554640
    [tipo_item] => materia
    [tipo_previa] => 2
    [id_materia] => 142
)

[2026-06-23 10:41:58] Sesión activa - DNI: 98989898
[2026-06-23 10:41:58] Rol: Admin
[2026-06-23 10:41:58] Conexión a BD exitosa
[2026-06-23 10:41:58] Action: guardar_previa
[2026-06-23 10:41:58] === PROCESANDO guardar_previa ===
[2026-06-23 10:41:58] alumno_id: 49554640
[2026-06-23 10:41:58] id_materia: 142
[2026-06-23 10:41:58] id_taller: NULL
[2026-06-23 10:41:58] tipo_item: materia
[2026-06-23 10:41:58] tipo_previa: 2
[2026-06-23 10:41:58] Query check: SELECT ID_previas FROM previas WHERE DNI_U = '49554640' AND ID_materia = '142' AND ID_taller IS NULL
[2026-06-23 10:41:58] Query insert: INSERT INTO previas (DNI_U, ID_materia, ID_taller, Aprobado, ID_tp) 
                  VALUES ('49554640', '142', NULL, 0, '2')
[2026-06-23 10:41:58] Previa guardada correctamente - filas afectadas: 1
[2026-06-23 10:42:02] === INICIO DE PETICIÓN ===
[2026-06-23 10:42:02] POST data: Array
(
    [action] => get_alumnos
    [curso_id] => 14
)

[2026-06-23 10:42:02] Sesión activa - DNI: 98989898
[2026-06-23 10:42:02] Rol: Admin
[2026-06-23 10:42:02] Conexión a BD exitosa
[2026-06-23 10:42:02] Action: get_alumnos
[2026-06-23 10:42:02] === PROCESANDO get_alumnos ===
[2026-06-23 10:42:02] Curso ID: 14
[2026-06-23 10:42:02] Query alumnos: SELECT u.DNI_U, u.Nombre, u.Apellido
              FROM usuario u
              WHERE u.id_curso = '14'
              AND u.ID_rol = 3
              AND u.ID_Estado = 1
              ORDER BY u.Apellido, u.Nombre
[2026-06-23 10:42:02] Alumnos encontrados: 29
[2026-06-23 10:42:07] === INICIO DE PETICIÓN ===
[2026-06-23 10:42:07] POST data: Array
(
    [action] => get_materias_y_talleres_por_anio
    [anio] => 3
)

[2026-06-23 10:42:07] Sesión activa - DNI: 98989898
[2026-06-23 10:42:07] Rol: Admin
[2026-06-23 10:42:07] Conexión a BD exitosa
[2026-06-23 10:42:07] Action: get_materias_y_talleres_por_anio
[2026-06-23 10:42:07] === PROCESANDO get_materias_y_talleres_por_anio ===
[2026-06-23 10:42:07] Año: 3
[2026-06-23 10:42:07] Query materias: SELECT DISTINCT m.ID_materia, m.Nom_materia
                       FROM materia m
                       INNER JOIN curso c ON m.id_curso = c.ID_curso
                       WHERE c.curso = '3'
                       AND c.division = 'A'
                       AND m.Nom_materia NOT LIKE '%Taller%'
                       AND m.Nom_materia NOT LIKE '%Tutorias%'
                       AND m.Nom_materia NOT LIKE '%Tutoría%'
                       ORDER BY m.Nom_materia
[2026-06-23 10:42:07] Materias encontradas: 14
[2026-06-23 10:42:07] Total items a enviar: 14
[2026-06-23 10:42:12] === INICIO DE PETICIÓN ===
[2026-06-23 10:42:12] POST data: Array
(
    [action] => guardar_previa
    [alumno_id] => 49554640
    [tipo_item] => materia
    [tipo_previa] => 2
    [id_materia] => 148
)

[2026-06-23 10:42:12] Sesión activa - DNI: 98989898
[2026-06-23 10:42:12] Rol: Admin
[2026-06-23 10:42:12] Conexión a BD exitosa
[2026-06-23 10:42:12] Action: guardar_previa
[2026-06-23 10:42:12] === PROCESANDO guardar_previa ===
[2026-06-23 10:42:12] alumno_id: 49554640
[2026-06-23 10:42:12] id_materia: 148
[2026-06-23 10:42:12] id_taller: NULL
[2026-06-23 10:42:12] tipo_item: materia
[2026-06-23 10:42:12] tipo_previa: 2
[2026-06-23 10:42:12] Query check: SELECT ID_previas FROM previas WHERE DNI_U = '49554640' AND ID_materia = '148' AND ID_taller IS NULL
[2026-06-23 10:42:12] Query insert: INSERT INTO previas (DNI_U, ID_materia, ID_taller, Aprobado, ID_tp) 
                  VALUES ('49554640', '148', NULL, 0, '2')
[2026-06-23 10:42:12] Previa guardada correctamente - filas afectadas: 1
[2026-06-23 12:33:06] === INICIO DE PETICIÓN ===
[2026-06-23 12:33:06] POST data: Array
(
    [action] => get_alumnos
    [curso_id] => 17
)

[2026-06-23 12:33:06] Sesión activa - DNI: 98989898
[2026-06-23 12:33:06] Rol: Admin
[2026-06-23 12:33:06] Conexión a BD exitosa
[2026-06-23 12:33:06] Action: get_alumnos
[2026-06-23 12:33:06] === PROCESANDO get_alumnos ===
[2026-06-23 12:33:06] Curso ID: 17
[2026-06-23 12:33:06] Query alumnos: SELECT u.DNI_U, u.Nombre, u.Apellido
              FROM usuario u
              WHERE u.id_curso = '17'
              AND u.ID_rol = 3
              AND u.ID_Estado = 1
              ORDER BY u.Apellido, u.Nombre
[2026-06-23 12:33:06] Alumnos encontrados: 27
[2026-06-23 12:34:21] === INICIO DE PETICIÓN ===
[2026-06-23 12:34:21] POST data: Array
(
    [action] => get_alumnos
    [curso_id] => 18
)

[2026-06-23 12:34:21] Sesión activa - DNI: 98989898
[2026-06-23 12:34:21] Rol: Admin
[2026-06-23 12:34:21] Conexión a BD exitosa
[2026-06-23 12:34:21] Action: get_alumnos
[2026-06-23 12:34:21] === PROCESANDO get_alumnos ===
[2026-06-23 12:34:21] Curso ID: 18
[2026-06-23 12:34:21] Query alumnos: SELECT u.DNI_U, u.Nombre, u.Apellido
              FROM usuario u
              WHERE u.id_curso = '18'
              AND u.ID_rol = 3
              AND u.ID_Estado = 1
              ORDER BY u.Apellido, u.Nombre
[2026-06-23 12:34:21] Alumnos encontrados: 27
[2026-06-23 12:34:23] === INICIO DE PETICIÓN ===
[2026-06-23 12:34:23] POST data: Array
(
    [action] => get_alumnos
    [curso_id] => 17
)

[2026-06-23 12:34:23] Sesión activa - DNI: 98989898
[2026-06-23 12:34:23] Rol: Admin
[2026-06-23 12:34:23] Conexión a BD exitosa
[2026-06-23 12:34:23] Action: get_alumnos
[2026-06-23 12:34:23] === PROCESANDO get_alumnos ===
[2026-06-23 12:34:23] Curso ID: 17
[2026-06-23 12:34:23] Query alumnos: SELECT u.DNI_U, u.Nombre, u.Apellido
              FROM usuario u
              WHERE u.id_curso = '17'
              AND u.ID_rol = 3
              AND u.ID_Estado = 1
              ORDER BY u.Apellido, u.Nombre
[2026-06-23 12:34:23] Alumnos encontrados: 27
[2026-06-23 12:34:28] === INICIO DE PETICIÓN ===
[2026-06-23 12:34:28] POST data: Array
(
    [action] => get_materias_y_talleres_por_anio
    [anio] => 1
)

[2026-06-23 12:34:28] Sesión activa - DNI: 98989898
[2026-06-23 12:34:28] Rol: Admin
[2026-06-23 12:34:28] Conexión a BD exitosa
[2026-06-23 12:34:28] Action: get_materias_y_talleres_por_anio
[2026-06-23 12:34:28] === PROCESANDO get_materias_y_talleres_por_anio ===
[2026-06-23 12:34:28] Año: 1
[2026-06-23 12:34:28] Query materias: SELECT DISTINCT m.ID_materia, m.Nom_materia
                       FROM materia m
                       INNER JOIN curso c ON m.id_curso = c.ID_curso
                       WHERE c.curso = '1'
                       AND c.division = 'A'
                       AND m.Nom_materia NOT LIKE '%Taller%'
                       AND m.Nom_materia NOT LIKE '%Tutorias%'
                       AND m.Nom_materia NOT LIKE '%Tutoría%'
                       ORDER BY m.Nom_materia
[2026-06-23 12:34:28] Materias encontradas: 10
[2026-06-23 12:34:28] Query talleres: SELECT ID_taller, nombre 
                           FROM talleres 
                           WHERE anio_taller = 'I' 
                           AND activo = 1
                           ORDER BY nombre
[2026-06-23 12:34:28] Talleres encontrados: 6
[2026-06-23 12:34:28] Total items a enviar: 16
[2026-06-23 12:34:41] === INICIO DE PETICIÓN ===
[2026-06-23 12:34:41] POST data: Array
(
    [action] => guardar_previa
    [alumno_id] => 48475267
    [tipo_item] => materia
    [tipo_previa] => 1
    [id_materia] => 23
)

[2026-06-23 12:34:41] Sesión activa - DNI: 98989898
[2026-06-23 12:34:41] Rol: Admin
[2026-06-23 12:34:41] Conexión a BD exitosa
[2026-06-23 12:34:41] Action: guardar_previa
[2026-06-23 12:34:41] === PROCESANDO guardar_previa ===
[2026-06-23 12:34:41] alumno_id: 48475267
[2026-06-23 12:34:41] id_materia: 23
[2026-06-23 12:34:41] id_taller: NULL
[2026-06-23 12:34:41] tipo_item: materia
[2026-06-23 12:34:41] tipo_previa: 1
[2026-06-23 12:34:41] Query check: SELECT ID_previas FROM previas WHERE DNI_U = '48475267' AND ID_materia = '23' AND ID_taller IS NULL
[2026-06-23 12:34:41] Query insert: INSERT INTO previas (DNI_U, ID_materia, ID_taller, Aprobado, ID_tp) 
                  VALUES ('48475267', '23', NULL, 0, '1')
[2026-06-23 12:34:41] Previa guardada correctamente - filas afectadas: 1
[2026-06-23 12:34:43] === INICIO DE PETICIÓN ===
[2026-06-23 12:34:43] POST data: Array
(
    [action] => get_alumnos
    [curso_id] => 17
)

[2026-06-23 12:34:43] Sesión activa - DNI: 98989898
[2026-06-23 12:34:43] Rol: Admin
[2026-06-23 12:34:43] Conexión a BD exitosa
[2026-06-23 12:34:43] Action: get_alumnos
[2026-06-23 12:34:43] === PROCESANDO get_alumnos ===
[2026-06-23 12:34:43] Curso ID: 17
[2026-06-23 12:34:43] Query alumnos: SELECT u.DNI_U, u.Nombre, u.Apellido
              FROM usuario u
              WHERE u.id_curso = '17'
              AND u.ID_rol = 3
              AND u.ID_Estado = 1
              ORDER BY u.Apellido, u.Nombre
[2026-06-23 12:34:43] Alumnos encontrados: 27
[2026-06-23 12:34:49] === INICIO DE PETICIÓN ===
[2026-06-23 12:34:49] POST data: Array
(
    [action] => get_materias_y_talleres_por_anio
    [anio] => 2
)

[2026-06-23 12:34:49] Sesión activa - DNI: 98989898
[2026-06-23 12:34:49] Rol: Admin
[2026-06-23 12:34:49] Conexión a BD exitosa
[2026-06-23 12:34:49] Action: get_materias_y_talleres_por_anio
[2026-06-23 12:34:49] === PROCESANDO get_materias_y_talleres_por_anio ===
[2026-06-23 12:34:49] Año: 2
[2026-06-23 12:34:49] Query materias: SELECT DISTINCT m.ID_materia, m.Nom_materia
                       FROM materia m
                       INNER JOIN curso c ON m.id_curso = c.ID_curso
                       WHERE c.curso = '2'
                       AND c.division = 'A'
                       AND m.Nom_materia NOT LIKE '%Taller%'
                       AND m.Nom_materia NOT LIKE '%Tutorias%'
                       AND m.Nom_materia NOT LIKE '%Tutoría%'
                       ORDER BY m.Nom_materia
[2026-06-23 12:34:49] Materias encontradas: 11
[2026-06-23 12:34:49] Query talleres: SELECT ID_taller, nombre 
                           FROM talleres 
                           WHERE anio_taller = 'II' 
                           AND activo = 1
                           ORDER BY nombre
[2026-06-23 12:34:49] Talleres encontrados: 6
[2026-06-23 12:34:49] Total items a enviar: 17
[2026-06-23 12:34:53] === INICIO DE PETICIÓN ===
[2026-06-23 12:34:53] POST data: Array
(
    [action] => guardar_previa
    [alumno_id] => 48475267
    [tipo_item] => materia
    [tipo_previa] => 1
    [id_materia] => 82
)

[2026-06-23 12:34:53] Sesión activa - DNI: 98989898
[2026-06-23 12:34:53] Rol: Admin
[2026-06-23 12:34:53] Conexión a BD exitosa
[2026-06-23 12:34:53] Action: guardar_previa
[2026-06-23 12:34:53] === PROCESANDO guardar_previa ===
[2026-06-23 12:34:53] alumno_id: 48475267
[2026-06-23 12:34:53] id_materia: 82
[2026-06-23 12:34:53] id_taller: NULL
[2026-06-23 12:34:53] tipo_item: materia
[2026-06-23 12:34:53] tipo_previa: 1
[2026-06-23 12:34:53] Query check: SELECT ID_previas FROM previas WHERE DNI_U = '48475267' AND ID_materia = '82' AND ID_taller IS NULL
[2026-06-23 12:34:53] Query insert: INSERT INTO previas (DNI_U, ID_materia, ID_taller, Aprobado, ID_tp) 
                  VALUES ('48475267', '82', NULL, 0, '1')
[2026-06-23 12:34:53] Previa guardada correctamente - filas afectadas: 1
[2026-06-23 12:34:56] === INICIO DE PETICIÓN ===
[2026-06-23 12:34:56] POST data: Array
(
    [action] => get_alumnos
    [curso_id] => 17
)

[2026-06-23 12:34:56] Sesión activa - DNI: 98989898
[2026-06-23 12:34:56] Rol: Admin
[2026-06-23 12:34:57] Conexión a BD exitosa
[2026-06-23 12:34:57] Action: get_alumnos
[2026-06-23 12:34:57] === PROCESANDO get_alumnos ===
[2026-06-23 12:34:57] Curso ID: 17
[2026-06-23 12:34:57] Query alumnos: SELECT u.DNI_U, u.Nombre, u.Apellido
              FROM usuario u
              WHERE u.id_curso = '17'
              AND u.ID_rol = 3
              AND u.ID_Estado = 1
              ORDER BY u.Apellido, u.Nombre
[2026-06-23 12:34:57] Alumnos encontrados: 27
[2026-06-23 12:35:02] === INICIO DE PETICIÓN ===
[2026-06-23 12:35:02] POST data: Array
(
    [action] => get_materias_y_talleres_por_anio
    [anio] => 1
)

[2026-06-23 12:35:02] Sesión activa - DNI: 98989898
[2026-06-23 12:35:02] Rol: Admin
[2026-06-23 12:35:02] Conexión a BD exitosa
[2026-06-23 12:35:02] Action: get_materias_y_talleres_por_anio
[2026-06-23 12:35:02] === PROCESANDO get_materias_y_talleres_por_anio ===
[2026-06-23 12:35:02] Año: 1
[2026-06-23 12:35:02] Query materias: SELECT DISTINCT m.ID_materia, m.Nom_materia
                       FROM materia m
                       INNER JOIN curso c ON m.id_curso = c.ID_curso
                       WHERE c.curso = '1'
                       AND c.division = 'A'
                       AND m.Nom_materia NOT LIKE '%Taller%'
                       AND m.Nom_materia NOT LIKE '%Tutorias%'
                       AND m.Nom_materia NOT LIKE '%Tutoría%'
                       ORDER BY m.Nom_materia
[2026-06-23 12:35:02] Materias encontradas: 10
[2026-06-23 12:35:02] Query talleres: SELECT ID_taller, nombre 
                           FROM talleres 
                           WHERE anio_taller = 'I' 
                           AND activo = 1
                           ORDER BY nombre
[2026-06-23 12:35:02] Talleres encontrados: 6
[2026-06-23 12:35:02] Total items a enviar: 16
[2026-06-23 12:35:07] === INICIO DE PETICIÓN ===
[2026-06-23 12:35:07] POST data: Array
(
    [action] => guardar_previa
    [alumno_id] => 48475267
    [tipo_item] => materia
    [tipo_previa] => 1
    [id_materia] => 30
)

[2026-06-23 12:35:07] Sesión activa - DNI: 98989898
[2026-06-23 12:35:07] Rol: Admin
[2026-06-23 12:35:07] Conexión a BD exitosa
[2026-06-23 12:35:07] Action: guardar_previa
[2026-06-23 12:35:07] === PROCESANDO guardar_previa ===
[2026-06-23 12:35:07] alumno_id: 48475267
[2026-06-23 12:35:07] id_materia: 30
[2026-06-23 12:35:07] id_taller: NULL
[2026-06-23 12:35:07] tipo_item: materia
[2026-06-23 12:35:07] tipo_previa: 1
[2026-06-23 12:35:07] Query check: SELECT ID_previas FROM previas WHERE DNI_U = '48475267' AND ID_materia = '30' AND ID_taller IS NULL
[2026-06-23 12:35:07] Query insert: INSERT INTO previas (DNI_U, ID_materia, ID_taller, Aprobado, ID_tp) 
                  VALUES ('48475267', '30', NULL, 0, '1')
[2026-06-23 12:35:07] Previa guardada correctamente - filas afectadas: 1
[2026-06-23 12:35:09] === INICIO DE PETICIÓN ===
[2026-06-23 12:35:09] POST data: Array
(
    [action] => get_alumnos
    [curso_id] => 17
)

[2026-06-23 12:35:09] Sesión activa - DNI: 98989898
[2026-06-23 12:35:09] Rol: Admin
[2026-06-23 12:35:09] Conexión a BD exitosa
[2026-06-23 12:35:09] Action: get_alumnos
[2026-06-23 12:35:09] === PROCESANDO get_alumnos ===
[2026-06-23 12:35:09] Curso ID: 17
[2026-06-23 12:35:09] Query alumnos: SELECT u.DNI_U, u.Nombre, u.Apellido
              FROM usuario u
              WHERE u.id_curso = '17'
              AND u.ID_rol = 3
              AND u.ID_Estado = 1
              ORDER BY u.Apellido, u.Nombre
[2026-06-23 12:35:09] Alumnos encontrados: 27
[2026-06-23 12:35:13] === INICIO DE PETICIÓN ===
[2026-06-23 12:35:13] POST data: Array
(
    [action] => get_materias_y_talleres_por_anio
    [anio] => 2
)

[2026-06-23 12:35:13] Sesión activa - DNI: 98989898
[2026-06-23 12:35:13] Rol: Admin
[2026-06-23 12:35:13] Conexión a BD exitosa
[2026-06-23 12:35:13] Action: get_materias_y_talleres_por_anio
[2026-06-23 12:35:13] === PROCESANDO get_materias_y_talleres_por_anio ===
[2026-06-23 12:35:13] Año: 2
[2026-06-23 12:35:13] Query materias: SELECT DISTINCT m.ID_materia, m.Nom_materia
                       FROM materia m
                       INNER JOIN curso c ON m.id_curso = c.ID_curso
                       WHERE c.curso = '2'
                       AND c.division = 'A'
                       AND m.Nom_materia NOT LIKE '%Taller%'
                       AND m.Nom_materia NOT LIKE '%Tutorias%'
                       AND m.Nom_materia NOT LIKE '%Tutoría%'
                       ORDER BY m.Nom_materia
[2026-06-23 12:35:13] Materias encontradas: 11
[2026-06-23 12:35:13] Query talleres: SELECT ID_taller, nombre 
                           FROM talleres 
                           WHERE anio_taller = 'II' 
                           AND activo = 1
                           ORDER BY nombre
[2026-06-23 12:35:13] Talleres encontrados: 6
[2026-06-23 12:35:13] Total items a enviar: 17
[2026-06-23 12:35:19] === INICIO DE PETICIÓN ===
[2026-06-23 12:35:19] POST data: Array
(
    [action] => guardar_previa
    [alumno_id] => 48475267
    [tipo_item] => materia
    [tipo_previa] => 1
    [id_materia] => 81
)

[2026-06-23 12:35:19] Sesión activa - DNI: 98989898
[2026-06-23 12:35:19] Rol: Admin
[2026-06-23 12:35:19] Conexión a BD exitosa
[2026-06-23 12:35:19] Action: guardar_previa
[2026-06-23 12:35:19] === PROCESANDO guardar_previa ===
[2026-06-23 12:35:19] alumno_id: 48475267
[2026-06-23 12:35:19] id_materia: 81
[2026-06-23 12:35:19] id_taller: NULL
[2026-06-23 12:35:19] tipo_item: materia
[2026-06-23 12:35:19] tipo_previa: 1
[2026-06-23 12:35:19] Query check: SELECT ID_previas FROM previas WHERE DNI_U = '48475267' AND ID_materia = '81' AND ID_taller IS NULL
[2026-06-23 12:35:19] Query insert: INSERT INTO previas (DNI_U, ID_materia, ID_taller, Aprobado, ID_tp) 
                  VALUES ('48475267', '81', NULL, 0, '1')
[2026-06-23 12:35:19] Previa guardada correctamente - filas afectadas: 1
[2026-06-23 12:35:22] === INICIO DE PETICIÓN ===
[2026-06-23 12:35:22] POST data: Array
(
    [action] => get_alumnos
    [curso_id] => 17
)

[2026-06-23 12:35:22] Sesión activa - DNI: 98989898
[2026-06-23 12:35:22] Rol: Admin
[2026-06-23 12:35:22] Conexión a BD exitosa
[2026-06-23 12:35:22] Action: get_alumnos
[2026-06-23 12:35:22] === PROCESANDO get_alumnos ===
[2026-06-23 12:35:22] Curso ID: 17
[2026-06-23 12:35:22] Query alumnos: SELECT u.DNI_U, u.Nombre, u.Apellido
              FROM usuario u
              WHERE u.id_curso = '17'
              AND u.ID_rol = 3
              AND u.ID_Estado = 1
              ORDER BY u.Apellido, u.Nombre
[2026-06-23 12:35:22] Alumnos encontrados: 27
[2026-06-23 12:35:27] === INICIO DE PETICIÓN ===
[2026-06-23 12:35:27] POST data: Array
(
    [action] => get_materias_y_talleres_por_anio
    [anio] => 3
)

[2026-06-23 12:35:27] Sesión activa - DNI: 98989898
[2026-06-23 12:35:27] Rol: Admin
[2026-06-23 12:35:27] Conexión a BD exitosa
[2026-06-23 12:35:27] Action: get_materias_y_talleres_por_anio
[2026-06-23 12:35:27] === PROCESANDO get_materias_y_talleres_por_anio ===
[2026-06-23 12:35:27] Año: 3
[2026-06-23 12:35:27] Query materias: SELECT DISTINCT m.ID_materia, m.Nom_materia
                       FROM materia m
                       INNER JOIN curso c ON m.id_curso = c.ID_curso
                       WHERE c.curso = '3'
                       AND c.division = 'A'
                       AND m.Nom_materia NOT LIKE '%Taller%'
                       AND m.Nom_materia NOT LIKE '%Tutorias%'
                       AND m.Nom_materia NOT LIKE '%Tutoría%'
                       ORDER BY m.Nom_materia
[2026-06-23 12:35:27] Materias encontradas: 14
[2026-06-23 12:35:27] Total items a enviar: 14
[2026-06-23 12:35:30] === INICIO DE PETICIÓN ===
[2026-06-23 12:35:30] POST data: Array
(
    [action] => guardar_previa
    [alumno_id] => 48475267
    [tipo_item] => materia
    [tipo_previa] => 1
    [id_materia] => 144
)

[2026-06-23 12:35:30] Sesión activa - DNI: 98989898
[2026-06-23 12:35:30] Rol: Admin
[2026-06-23 12:35:30] Conexión a BD exitosa
[2026-06-23 12:35:30] Action: guardar_previa
[2026-06-23 12:35:30] === PROCESANDO guardar_previa ===
[2026-06-23 12:35:30] alumno_id: 48475267
[2026-06-23 12:35:30] id_materia: 144
[2026-06-23 12:35:30] id_taller: NULL
[2026-06-23 12:35:30] tipo_item: materia
[2026-06-23 12:35:30] tipo_previa: 1
[2026-06-23 12:35:30] Query check: SELECT ID_previas FROM previas WHERE DNI_U = '48475267' AND ID_materia = '144' AND ID_taller IS NULL
[2026-06-23 12:35:30] Query insert: INSERT INTO previas (DNI_U, ID_materia, ID_taller, Aprobado, ID_tp) 
                  VALUES ('48475267', '144', NULL, 0, '1')
[2026-06-23 12:35:30] Previa guardada correctamente - filas afectadas: 1
[2026-06-23 12:35:36] === INICIO DE PETICIÓN ===
[2026-06-23 12:35:36] POST data: Array
(
    [action] => get_alumnos
    [curso_id] => 17
)

[2026-06-23 12:35:36] Sesión activa - DNI: 98989898
[2026-06-23 12:35:36] Rol: Admin
[2026-06-23 12:35:36] Conexión a BD exitosa
[2026-06-23 12:35:36] Action: get_alumnos
[2026-06-23 12:35:36] === PROCESANDO get_alumnos ===
[2026-06-23 12:35:36] Curso ID: 17
[2026-06-23 12:35:36] Query alumnos: SELECT u.DNI_U, u.Nombre, u.Apellido
              FROM usuario u
              WHERE u.id_curso = '17'
              AND u.ID_rol = 3
              AND u.ID_Estado = 1
              ORDER BY u.Apellido, u.Nombre
[2026-06-23 12:35:36] Alumnos encontrados: 27
[2026-06-23 12:35:40] === INICIO DE PETICIÓN ===
[2026-06-23 12:35:40] POST data: Array
(
    [action] => get_materias_y_talleres_por_anio
    [anio] => 3
)

[2026-06-23 12:35:40] Sesión activa - DNI: 98989898
[2026-06-23 12:35:40] Rol: Admin
[2026-06-23 12:35:40] Conexión a BD exitosa
[2026-06-23 12:35:40] Action: get_materias_y_talleres_por_anio
[2026-06-23 12:35:40] === PROCESANDO get_materias_y_talleres_por_anio ===
[2026-06-23 12:35:40] Año: 3
[2026-06-23 12:35:40] Query materias: SELECT DISTINCT m.ID_materia, m.Nom_materia
                       FROM materia m
                       INNER JOIN curso c ON m.id_curso = c.ID_curso
                       WHERE c.curso = '3'
                       AND c.division = 'A'
                       AND m.Nom_materia NOT LIKE '%Taller%'
                       AND m.Nom_materia NOT LIKE '%Tutorias%'
                       AND m.Nom_materia NOT LIKE '%Tutoría%'
                       ORDER BY m.Nom_materia
[2026-06-23 12:35:40] Materias encontradas: 14
[2026-06-23 12:35:40] Total items a enviar: 14
[2026-06-23 12:35:45] === INICIO DE PETICIÓN ===
[2026-06-23 12:35:45] POST data: Array
(
    [action] => guardar_previa
    [alumno_id] => 48475267
    [tipo_item] => materia
    [tipo_previa] => 1
    [id_materia] => 139
)

[2026-06-23 12:35:45] Sesión activa - DNI: 98989898
[2026-06-23 12:35:45] Rol: Admin
[2026-06-23 12:35:45] Conexión a BD exitosa
[2026-06-23 12:35:45] Action: guardar_previa
[2026-06-23 12:35:45] === PROCESANDO guardar_previa ===
[2026-06-23 12:35:45] alumno_id: 48475267
[2026-06-23 12:35:45] id_materia: 139
[2026-06-23 12:35:45] id_taller: NULL
[2026-06-23 12:35:45] tipo_item: materia
[2026-06-23 12:35:45] tipo_previa: 1
[2026-06-23 12:35:45] Query check: SELECT ID_previas FROM previas WHERE DNI_U = '48475267' AND ID_materia = '139' AND ID_taller IS NULL
[2026-06-23 12:35:45] Query insert: INSERT INTO previas (DNI_U, ID_materia, ID_taller, Aprobado, ID_tp) 
                  VALUES ('48475267', '139', NULL, 0, '1')
[2026-06-23 12:35:45] Previa guardada correctamente - filas afectadas: 1
[2026-06-23 12:35:50] === INICIO DE PETICIÓN ===
[2026-06-23 12:35:50] POST data: Array
(
    [action] => get_alumnos
    [curso_id] => 17
)

[2026-06-23 12:35:50] Sesión activa - DNI: 98989898
[2026-06-23 12:35:50] Rol: Admin
[2026-06-23 12:35:50] Conexión a BD exitosa
[2026-06-23 12:35:50] Action: get_alumnos
[2026-06-23 12:35:50] === PROCESANDO get_alumnos ===
[2026-06-23 12:35:50] Curso ID: 17
[2026-06-23 12:35:50] Query alumnos: SELECT u.DNI_U, u.Nombre, u.Apellido
              FROM usuario u
              WHERE u.id_curso = '17'
              AND u.ID_rol = 3
              AND u.ID_Estado = 1
              ORDER BY u.Apellido, u.Nombre
[2026-06-23 12:35:50] Alumnos encontrados: 27
[2026-06-23 12:35:54] === INICIO DE PETICIÓN ===
[2026-06-23 12:35:54] POST data: Array
(
    [action] => get_materias_y_talleres_por_anio
    [anio] => 3
)

[2026-06-23 12:35:54] Sesión activa - DNI: 98989898
[2026-06-23 12:35:54] Rol: Admin
[2026-06-23 12:35:54] Conexión a BD exitosa
[2026-06-23 12:35:54] Action: get_materias_y_talleres_por_anio
[2026-06-23 12:35:54] === PROCESANDO get_materias_y_talleres_por_anio ===
[2026-06-23 12:35:54] Año: 3
[2026-06-23 12:35:54] Query materias: SELECT DISTINCT m.ID_materia, m.Nom_materia
                       FROM materia m
                       INNER JOIN curso c ON m.id_curso = c.ID_curso
                       WHERE c.curso = '3'
                       AND c.division = 'A'
                       AND m.Nom_materia NOT LIKE '%Taller%'
                       AND m.Nom_materia NOT LIKE '%Tutorias%'
                       AND m.Nom_materia NOT LIKE '%Tutoría%'
                       ORDER BY m.Nom_materia
[2026-06-23 12:35:54] Materias encontradas: 14
[2026-06-23 12:35:54] Total items a enviar: 14
[2026-06-23 12:36:01] === INICIO DE PETICIÓN ===
[2026-06-23 12:36:01] POST data: Array
(
    [action] => guardar_previa
    [alumno_id] => 48475267
    [tipo_item] => materia
    [tipo_previa] => 1
    [id_materia] => 138
)

[2026-06-23 12:36:01] Sesión activa - DNI: 98989898
[2026-06-23 12:36:01] Rol: Admin
[2026-06-23 12:36:01] Conexión a BD exitosa
[2026-06-23 12:36:01] Action: guardar_previa
[2026-06-23 12:36:01] === PROCESANDO guardar_previa ===
[2026-06-23 12:36:01] alumno_id: 48475267
[2026-06-23 12:36:01] id_materia: 138
[2026-06-23 12:36:01] id_taller: NULL
[2026-06-23 12:36:01] tipo_item: materia
[2026-06-23 12:36:01] tipo_previa: 1
[2026-06-23 12:36:01] Query check: SELECT ID_previas FROM previas WHERE DNI_U = '48475267' AND ID_materia = '138' AND ID_taller IS NULL
[2026-06-23 12:36:01] Query insert: INSERT INTO previas (DNI_U, ID_materia, ID_taller, Aprobado, ID_tp) 
                  VALUES ('48475267', '138', NULL, 0, '1')
[2026-06-23 12:36:01] Previa guardada correctamente - filas afectadas: 1
[2026-06-23 12:36:06] === INICIO DE PETICIÓN ===
[2026-06-23 12:36:06] POST data: Array
(
    [action] => get_alumnos
    [curso_id] => 17
)

[2026-06-23 12:36:06] Sesión activa - DNI: 98989898
[2026-06-23 12:36:06] Rol: Admin
[2026-06-23 12:36:06] Conexión a BD exitosa
[2026-06-23 12:36:06] Action: get_alumnos
[2026-06-23 12:36:06] === PROCESANDO get_alumnos ===
[2026-06-23 12:36:06] Curso ID: 17
[2026-06-23 12:36:06] Query alumnos: SELECT u.DNI_U, u.Nombre, u.Apellido
              FROM usuario u
              WHERE u.id_curso = '17'
              AND u.ID_rol = 3
              AND u.ID_Estado = 1
              ORDER BY u.Apellido, u.Nombre
[2026-06-23 12:36:06] Alumnos encontrados: 27
[2026-06-23 12:36:10] === INICIO DE PETICIÓN ===
[2026-06-23 12:36:10] POST data: Array
(
    [action] => get_materias_y_talleres_por_anio
    [anio] => 3
)

[2026-06-23 12:36:10] Sesión activa - DNI: 98989898
[2026-06-23 12:36:10] Rol: Admin
[2026-06-23 12:36:10] Conexión a BD exitosa
[2026-06-23 12:36:10] Action: get_materias_y_talleres_por_anio
[2026-06-23 12:36:10] === PROCESANDO get_materias_y_talleres_por_anio ===
[2026-06-23 12:36:10] Año: 3
[2026-06-23 12:36:10] Query materias: SELECT DISTINCT m.ID_materia, m.Nom_materia
                       FROM materia m
                       INNER JOIN curso c ON m.id_curso = c.ID_curso
                       WHERE c.curso = '3'
                       AND c.division = 'A'
                       AND m.Nom_materia NOT LIKE '%Taller%'
                       AND m.Nom_materia NOT LIKE '%Tutorias%'
                       AND m.Nom_materia NOT LIKE '%Tutoría%'
                       ORDER BY m.Nom_materia
[2026-06-23 12:36:10] Materias encontradas: 14
[2026-06-23 12:36:10] Total items a enviar: 14
[2026-06-23 12:36:17] === INICIO DE PETICIÓN ===
[2026-06-23 12:36:17] POST data: Array
(
    [action] => guardar_previa
    [alumno_id] => 48475267
    [tipo_item] => materia
    [tipo_previa] => 1
    [id_materia] => 136
)

[2026-06-23 12:36:17] Sesión activa - DNI: 98989898
[2026-06-23 12:36:17] Rol: Admin
[2026-06-23 12:36:17] Conexión a BD exitosa
[2026-06-23 12:36:17] Action: guardar_previa
[2026-06-23 12:36:17] === PROCESANDO guardar_previa ===
[2026-06-23 12:36:17] alumno_id: 48475267
[2026-06-23 12:36:17] id_materia: 136
[2026-06-23 12:36:17] id_taller: NULL
[2026-06-23 12:36:17] tipo_item: materia
[2026-06-23 12:36:17] tipo_previa: 1
[2026-06-23 12:36:17] Query check: SELECT ID_previas FROM previas WHERE DNI_U = '48475267' AND ID_materia = '136' AND ID_taller IS NULL
[2026-06-23 12:36:17] Query insert: INSERT INTO previas (DNI_U, ID_materia, ID_taller, Aprobado, ID_tp) 
                  VALUES ('48475267', '136', NULL, 0, '1')
[2026-06-23 12:36:17] Previa guardada correctamente - filas afectadas: 1
[2026-06-23 12:36:21] === INICIO DE PETICIÓN ===
[2026-06-23 12:36:21] POST data: Array
(
    [action] => get_alumnos
    [curso_id] => 17
)

[2026-06-23 12:36:21] Sesión activa - DNI: 98989898
[2026-06-23 12:36:21] Rol: Admin
[2026-06-23 12:36:21] Conexión a BD exitosa
[2026-06-23 12:36:21] Action: get_alumnos
[2026-06-23 12:36:21] === PROCESANDO get_alumnos ===
[2026-06-23 12:36:21] Curso ID: 17
[2026-06-23 12:36:21] Query alumnos: SELECT u.DNI_U, u.Nombre, u.Apellido
              FROM usuario u
              WHERE u.id_curso = '17'
              AND u.ID_rol = 3
              AND u.ID_Estado = 1
              ORDER BY u.Apellido, u.Nombre
[2026-06-23 12:36:21] Alumnos encontrados: 27
[2026-06-23 12:36:25] === INICIO DE PETICIÓN ===
[2026-06-23 12:36:25] POST data: Array
(
    [action] => get_materias_y_talleres_por_anio
    [anio] => 3
)

[2026-06-23 12:36:25] Sesión activa - DNI: 98989898
[2026-06-23 12:36:25] Rol: Admin
[2026-06-23 12:36:25] Conexión a BD exitosa
[2026-06-23 12:36:25] Action: get_materias_y_talleres_por_anio
[2026-06-23 12:36:25] === PROCESANDO get_materias_y_talleres_por_anio ===
[2026-06-23 12:36:25] Año: 3
[2026-06-23 12:36:25] Query materias: SELECT DISTINCT m.ID_materia, m.Nom_materia
                       FROM materia m
                       INNER JOIN curso c ON m.id_curso = c.ID_curso
                       WHERE c.curso = '3'
                       AND c.division = 'A'
                       AND m.Nom_materia NOT LIKE '%Taller%'
                       AND m.Nom_materia NOT LIKE '%Tutorias%'
                       AND m.Nom_materia NOT LIKE '%Tutoría%'
                       ORDER BY m.Nom_materia
[2026-06-23 12:36:25] Materias encontradas: 14
[2026-06-23 12:36:25] Total items a enviar: 14
[2026-06-23 12:36:35] === INICIO DE PETICIÓN ===
[2026-06-23 12:36:35] POST data: Array
(
    [action] => guardar_previa
    [alumno_id] => 48475267
    [tipo_item] => materia
    [tipo_previa] => 1
    [id_materia] => 141
)

[2026-06-23 12:36:35] Sesión activa - DNI: 98989898
[2026-06-23 12:36:35] Rol: Admin
[2026-06-23 12:36:35] Conexión a BD exitosa
[2026-06-23 12:36:35] Action: guardar_previa
[2026-06-23 12:36:35] === PROCESANDO guardar_previa ===
[2026-06-23 12:36:35] alumno_id: 48475267
[2026-06-23 12:36:35] id_materia: 141
[2026-06-23 12:36:35] id_taller: NULL
[2026-06-23 12:36:35] tipo_item: materia
[2026-06-23 12:36:35] tipo_previa: 1
[2026-06-23 12:36:35] Query check: SELECT ID_previas FROM previas WHERE DNI_U = '48475267' AND ID_materia = '141' AND ID_taller IS NULL
[2026-06-23 12:36:35] Query insert: INSERT INTO previas (DNI_U, ID_materia, ID_taller, Aprobado, ID_tp) 
                  VALUES ('48475267', '141', NULL, 0, '1')
[2026-06-23 12:36:35] Previa guardada correctamente - filas afectadas: 1
[2026-06-23 12:36:37] === INICIO DE PETICIÓN ===
[2026-06-23 12:36:37] POST data: Array
(
    [action] => get_alumnos
    [curso_id] => 17
)

[2026-06-23 12:36:37] Sesión activa - DNI: 98989898
[2026-06-23 12:36:37] Rol: Admin
[2026-06-23 12:36:37] Conexión a BD exitosa
[2026-06-23 12:36:37] Action: get_alumnos
[2026-06-23 12:36:37] === PROCESANDO get_alumnos ===
[2026-06-23 12:36:37] Curso ID: 17
[2026-06-23 12:36:37] Query alumnos: SELECT u.DNI_U, u.Nombre, u.Apellido
              FROM usuario u
              WHERE u.id_curso = '17'
              AND u.ID_rol = 3
              AND u.ID_Estado = 1
              ORDER BY u.Apellido, u.Nombre
[2026-06-23 12:36:37] Alumnos encontrados: 27
[2026-06-23 12:36:42] === INICIO DE PETICIÓN ===
[2026-06-23 12:36:42] POST data: Array
(
    [action] => get_materias_y_talleres_por_anio
    [anio] => 4
)

[2026-06-23 12:36:42] Sesión activa - DNI: 98989898
[2026-06-23 12:36:42] Rol: Admin
[2026-06-23 12:36:42] Conexión a BD exitosa
[2026-06-23 12:36:42] Action: get_materias_y_talleres_por_anio
[2026-06-23 12:36:42] === PROCESANDO get_materias_y_talleres_por_anio ===
[2026-06-23 12:36:42] Año: 4
[2026-06-23 12:36:42] Query materias: SELECT DISTINCT m.ID_materia, m.Nom_materia
                       FROM materia m
                       INNER JOIN curso c ON m.id_curso = c.ID_curso
                       WHERE c.curso = '4'
                       AND c.division = 'A'
                       AND m.Nom_materia NOT LIKE '%Taller%'
                       AND m.Nom_materia NOT LIKE '%Tutorias%'
                       AND m.Nom_materia NOT LIKE '%Tutoría%'
                       ORDER BY m.Nom_materia
[2026-06-23 12:36:42] Materias encontradas: 14
[2026-06-23 12:36:42] Total items a enviar: 14
[2026-06-23 12:36:48] === INICIO DE PETICIÓN ===
[2026-06-23 12:36:48] POST data: Array
(
    [action] => guardar_previa
    [alumno_id] => 48475267
    [tipo_item] => materia
    [tipo_previa] => 1
    [id_materia] => 191
)

[2026-06-23 12:36:48] Sesión activa - DNI: 98989898
[2026-06-23 12:36:48] Rol: Admin
[2026-06-23 12:36:48] Conexión a BD exitosa
[2026-06-23 12:36:48] Action: guardar_previa
[2026-06-23 12:36:48] === PROCESANDO guardar_previa ===
[2026-06-23 12:36:48] alumno_id: 48475267
[2026-06-23 12:36:48] id_materia: 191
[2026-06-23 12:36:48] id_taller: NULL
[2026-06-23 12:36:48] tipo_item: materia
[2026-06-23 12:36:48] tipo_previa: 1
[2026-06-23 12:36:48] Query check: SELECT ID_previas FROM previas WHERE DNI_U = '48475267' AND ID_materia = '191' AND ID_taller IS NULL
[2026-06-23 12:36:48] Query insert: INSERT INTO previas (DNI_U, ID_materia, ID_taller, Aprobado, ID_tp) 
                  VALUES ('48475267', '191', NULL, 0, '1')
[2026-06-23 12:36:48] Previa guardada correctamente - filas afectadas: 1
[2026-06-23 12:36:50] === INICIO DE PETICIÓN ===
[2026-06-23 12:36:50] POST data: Array
(
    [action] => get_alumnos
    [curso_id] => 17
)

[2026-06-23 12:36:50] Sesión activa - DNI: 98989898
[2026-06-23 12:36:50] Rol: Admin
[2026-06-23 12:36:50] Conexión a BD exitosa
[2026-06-23 12:36:50] Action: get_alumnos
[2026-06-23 12:36:50] === PROCESANDO get_alumnos ===
[2026-06-23 12:36:50] Curso ID: 17
[2026-06-23 12:36:50] Query alumnos: SELECT u.DNI_U, u.Nombre, u.Apellido
              FROM usuario u
              WHERE u.id_curso = '17'
              AND u.ID_rol = 3
              AND u.ID_Estado = 1
              ORDER BY u.Apellido, u.Nombre
[2026-06-23 12:36:50] Alumnos encontrados: 27
[2026-06-23 12:36:57] === INICIO DE PETICIÓN ===
[2026-06-23 12:36:57] POST data: Array
(
    [action] => get_materias_y_talleres_por_anio
    [anio] => 4
)

[2026-06-23 12:36:57] Sesión activa - DNI: 98989898
[2026-06-23 12:36:57] Rol: Admin
[2026-06-23 12:36:57] Conexión a BD exitosa
[2026-06-23 12:36:57] Action: get_materias_y_talleres_por_anio
[2026-06-23 12:36:57] === PROCESANDO get_materias_y_talleres_por_anio ===
[2026-06-23 12:36:57] Año: 4
[2026-06-23 12:36:57] Query materias: SELECT DISTINCT m.ID_materia, m.Nom_materia
                       FROM materia m
                       INNER JOIN curso c ON m.id_curso = c.ID_curso
                       WHERE c.curso = '4'
                       AND c.division = 'A'
                       AND m.Nom_materia NOT LIKE '%Taller%'
                       AND m.Nom_materia NOT LIKE '%Tutorias%'
                       AND m.Nom_materia NOT LIKE '%Tutoría%'
                       ORDER BY m.Nom_materia
[2026-06-23 12:36:57] Materias encontradas: 14
[2026-06-23 12:36:57] Total items a enviar: 14
[2026-06-23 12:37:01] === INICIO DE PETICIÓN ===
[2026-06-23 12:37:01] POST data: Array
(
    [action] => guardar_previa
    [alumno_id] => 48475267
    [tipo_item] => materia
    [tipo_previa] => 1
    [id_materia] => 181
)

[2026-06-23 12:37:01] Sesión activa - DNI: 98989898
[2026-06-23 12:37:01] Rol: Admin
[2026-06-23 12:37:01] Conexión a BD exitosa
[2026-06-23 12:37:01] Action: guardar_previa
[2026-06-23 12:37:01] === PROCESANDO guardar_previa ===
[2026-06-23 12:37:01] alumno_id: 48475267
[2026-06-23 12:37:01] id_materia: 181
[2026-06-23 12:37:01] id_taller: NULL
[2026-06-23 12:37:01] tipo_item: materia
[2026-06-23 12:37:01] tipo_previa: 1
[2026-06-23 12:37:01] Query check: SELECT ID_previas FROM previas WHERE DNI_U = '48475267' AND ID_materia = '181' AND ID_taller IS NULL
[2026-06-23 12:37:01] Query insert: INSERT INTO previas (DNI_U, ID_materia, ID_taller, Aprobado, ID_tp) 
                  VALUES ('48475267', '181', NULL, 0, '1')
[2026-06-23 12:37:01] Previa guardada correctamente - filas afectadas: 1
[2026-06-23 12:37:03] === INICIO DE PETICIÓN ===
[2026-06-23 12:37:03] POST data: Array
(
    [action] => get_alumnos
    [curso_id] => 18
)

[2026-06-23 12:37:03] Sesión activa - DNI: 98989898
[2026-06-23 12:37:03] Rol: Admin
[2026-06-23 12:37:03] Conexión a BD exitosa
[2026-06-23 12:37:03] Action: get_alumnos
[2026-06-23 12:37:03] === PROCESANDO get_alumnos ===
[2026-06-23 12:37:03] Curso ID: 18
[2026-06-23 12:37:03] Query alumnos: SELECT u.DNI_U, u.Nombre, u.Apellido
              FROM usuario u
              WHERE u.id_curso = '18'
              AND u.ID_rol = 3
              AND u.ID_Estado = 1
              ORDER BY u.Apellido, u.Nombre
[2026-06-23 12:37:03] Alumnos encontrados: 27
[2026-06-23 12:37:05] === INICIO DE PETICIÓN ===
[2026-06-23 12:37:05] POST data: Array
(
    [action] => get_alumnos
    [curso_id] => 17
)

[2026-06-23 12:37:05] Sesión activa - DNI: 98989898
[2026-06-23 12:37:05] Rol: Admin
[2026-06-23 12:37:05] Conexión a BD exitosa
[2026-06-23 12:37:05] Action: get_alumnos
[2026-06-23 12:37:05] === PROCESANDO get_alumnos ===
[2026-06-23 12:37:05] Curso ID: 17
[2026-06-23 12:37:05] Query alumnos: SELECT u.DNI_U, u.Nombre, u.Apellido
              FROM usuario u
              WHERE u.id_curso = '17'
              AND u.ID_rol = 3
              AND u.ID_Estado = 1
              ORDER BY u.Apellido, u.Nombre
[2026-06-23 12:37:05] Alumnos encontrados: 27
[2026-06-23 12:37:12] === INICIO DE PETICIÓN ===
[2026-06-23 12:37:12] POST data: Array
(
    [action] => get_materias_y_talleres_por_anio
    [anio] => 4
)

[2026-06-23 12:37:12] Sesión activa - DNI: 98989898
[2026-06-23 12:37:12] Rol: Admin
[2026-06-23 12:37:12] Conexión a BD exitosa
[2026-06-23 12:37:12] Action: get_materias_y_talleres_por_anio
[2026-06-23 12:37:12] === PROCESANDO get_materias_y_talleres_por_anio ===
[2026-06-23 12:37:12] Año: 4
[2026-06-23 12:37:12] Query materias: SELECT DISTINCT m.ID_materia, m.Nom_materia
                       FROM materia m
                       INNER JOIN curso c ON m.id_curso = c.ID_curso
                       WHERE c.curso = '4'
                       AND c.division = 'A'
                       AND m.Nom_materia NOT LIKE '%Taller%'
                       AND m.Nom_materia NOT LIKE '%Tutorias%'
                       AND m.Nom_materia NOT LIKE '%Tutoría%'
                       ORDER BY m.Nom_materia
[2026-06-23 12:37:12] Materias encontradas: 14
[2026-06-23 12:37:12] Total items a enviar: 14
[2026-06-23 12:37:18] === INICIO DE PETICIÓN ===
[2026-06-23 12:37:18] POST data: Array
(
    [action] => guardar_previa
    [alumno_id] => 48475267
    [tipo_item] => materia
    [tipo_previa] => 1
    [id_materia] => 186
)

[2026-06-23 12:37:18] Sesión activa - DNI: 98989898
[2026-06-23 12:37:18] Rol: Admin
[2026-06-23 12:37:18] Conexión a BD exitosa
[2026-06-23 12:37:18] Action: guardar_previa
[2026-06-23 12:37:18] === PROCESANDO guardar_previa ===
[2026-06-23 12:37:18] alumno_id: 48475267
[2026-06-23 12:37:18] id_materia: 186
[2026-06-23 12:37:18] id_taller: NULL
[2026-06-23 12:37:18] tipo_item: materia
[2026-06-23 12:37:18] tipo_previa: 1
[2026-06-23 12:37:18] Query check: SELECT ID_previas FROM previas WHERE DNI_U = '48475267' AND ID_materia = '186' AND ID_taller IS NULL
[2026-06-23 12:37:18] Query insert: INSERT INTO previas (DNI_U, ID_materia, ID_taller, Aprobado, ID_tp) 
                  VALUES ('48475267', '186', NULL, 0, '1')
[2026-06-23 12:37:18] Previa guardada correctamente - filas afectadas: 1
[2026-06-23 12:37:21] === INICIO DE PETICIÓN ===
[2026-06-23 12:37:21] POST data: Array
(
    [action] => get_alumnos
    [curso_id] => 17
)

[2026-06-23 12:37:21] Sesión activa - DNI: 98989898
[2026-06-23 12:37:21] Rol: Admin
[2026-06-23 12:37:21] Conexión a BD exitosa
[2026-06-23 12:37:21] Action: get_alumnos
[2026-06-23 12:37:21] === PROCESANDO get_alumnos ===
[2026-06-23 12:37:21] Curso ID: 17
[2026-06-23 12:37:21] Query alumnos: SELECT u.DNI_U, u.Nombre, u.Apellido
              FROM usuario u
              WHERE u.id_curso = '17'
              AND u.ID_rol = 3
              AND u.ID_Estado = 1
              ORDER BY u.Apellido, u.Nombre
[2026-06-23 12:37:21] Alumnos encontrados: 27
[2026-06-23 12:37:30] === INICIO DE PETICIÓN ===
[2026-06-23 12:37:30] POST data: Array
(
    [action] => get_materias_y_talleres_por_anio
    [anio] => 4
)

[2026-06-23 12:37:30] Sesión activa - DNI: 98989898
[2026-06-23 12:37:30] Rol: Admin
[2026-06-23 12:37:30] Conexión a BD exitosa
[2026-06-23 12:37:30] Action: get_materias_y_talleres_por_anio
[2026-06-23 12:37:30] === PROCESANDO get_materias_y_talleres_por_anio ===
[2026-06-23 12:37:30] Año: 4
[2026-06-23 12:37:30] Query materias: SELECT DISTINCT m.ID_materia, m.Nom_materia
                       FROM materia m
                       INNER JOIN curso c ON m.id_curso = c.ID_curso
                       WHERE c.curso = '4'
                       AND c.division = 'A'
                       AND m.Nom_materia NOT LIKE '%Taller%'
                       AND m.Nom_materia NOT LIKE '%Tutorias%'
                       AND m.Nom_materia NOT LIKE '%Tutoría%'
                       ORDER BY m.Nom_materia
[2026-06-23 12:37:30] Materias encontradas: 14
[2026-06-23 12:37:30] Total items a enviar: 14
[2026-06-23 12:37:37] === INICIO DE PETICIÓN ===
[2026-06-23 12:37:37] POST data: Array
(
    [action] => guardar_previa
    [alumno_id] => 48475267
    [tipo_item] => materia
    [tipo_previa] => 1
    [id_materia] => 186
)

[2026-06-23 12:37:37] Sesión activa - DNI: 98989898
[2026-06-23 12:37:37] Rol: Admin
[2026-06-23 12:37:37] Conexión a BD exitosa
[2026-06-23 12:37:37] Action: guardar_previa
[2026-06-23 12:37:37] === PROCESANDO guardar_previa ===
[2026-06-23 12:37:37] alumno_id: 48475267
[2026-06-23 12:37:37] id_materia: 186
[2026-06-23 12:37:37] id_taller: NULL
[2026-06-23 12:37:37] tipo_item: materia
[2026-06-23 12:37:37] tipo_previa: 1
[2026-06-23 12:37:37] Query check: SELECT ID_previas FROM previas WHERE DNI_U = '48475267' AND ID_materia = '186' AND ID_taller IS NULL
[2026-06-23 12:37:37] Ya existe previa para este alumno en este ítem
[2026-06-23 12:37:45] === INICIO DE PETICIÓN ===
[2026-06-23 12:37:45] POST data: Array
(
    [action] => guardar_previa
    [alumno_id] => 48475267
    [tipo_item] => materia
    [tipo_previa] => 1
    [id_materia] => 184
)

[2026-06-23 12:37:45] Sesión activa - DNI: 98989898
[2026-06-23 12:37:45] Rol: Admin
[2026-06-23 12:37:45] Conexión a BD exitosa
[2026-06-23 12:37:45] Action: guardar_previa
[2026-06-23 12:37:45] === PROCESANDO guardar_previa ===
[2026-06-23 12:37:45] alumno_id: 48475267
[2026-06-23 12:37:45] id_materia: 184
[2026-06-23 12:37:45] id_taller: NULL
[2026-06-23 12:37:45] tipo_item: materia
[2026-06-23 12:37:45] tipo_previa: 1
[2026-06-23 12:37:45] Query check: SELECT ID_previas FROM previas WHERE DNI_U = '48475267' AND ID_materia = '184' AND ID_taller IS NULL
[2026-06-23 12:37:45] Query insert: INSERT INTO previas (DNI_U, ID_materia, ID_taller, Aprobado, ID_tp) 
                  VALUES ('48475267', '184', NULL, 0, '1')
[2026-06-23 12:37:45] Previa guardada correctamente - filas afectadas: 1
[2026-06-23 12:37:47] === INICIO DE PETICIÓN ===
[2026-06-23 12:37:47] POST data: Array
(
    [action] => get_alumnos
    [curso_id] => 17
)

[2026-06-23 12:37:47] Sesión activa - DNI: 98989898
[2026-06-23 12:37:47] Rol: Admin
[2026-06-23 12:37:47] Conexión a BD exitosa
[2026-06-23 12:37:47] Action: get_alumnos
[2026-06-23 12:37:47] === PROCESANDO get_alumnos ===
[2026-06-23 12:37:47] Curso ID: 17
[2026-06-23 12:37:47] Query alumnos: SELECT u.DNI_U, u.Nombre, u.Apellido
              FROM usuario u
              WHERE u.id_curso = '17'
              AND u.ID_rol = 3
              AND u.ID_Estado = 1
              ORDER BY u.Apellido, u.Nombre
[2026-06-23 12:37:47] Alumnos encontrados: 27
[2026-06-23 12:37:51] === INICIO DE PETICIÓN ===
[2026-06-23 12:37:51] POST data: Array
(
    [action] => get_materias_y_talleres_por_anio
    [anio] => 4
)

[2026-06-23 12:37:51] Sesión activa - DNI: 98989898
[2026-06-23 12:37:51] Rol: Admin
[2026-06-23 12:37:51] Conexión a BD exitosa
[2026-06-23 12:37:51] Action: get_materias_y_talleres_por_anio
[2026-06-23 12:37:51] === PROCESANDO get_materias_y_talleres_por_anio ===
[2026-06-23 12:37:51] Año: 4
[2026-06-23 12:37:51] Query materias: SELECT DISTINCT m.ID_materia, m.Nom_materia
                       FROM materia m
                       INNER JOIN curso c ON m.id_curso = c.ID_curso
                       WHERE c.curso = '4'
                       AND c.division = 'A'
                       AND m.Nom_materia NOT LIKE '%Taller%'
                       AND m.Nom_materia NOT LIKE '%Tutorias%'
                       AND m.Nom_materia NOT LIKE '%Tutoría%'
                       ORDER BY m.Nom_materia
[2026-06-23 12:37:51] Materias encontradas: 14
[2026-06-23 12:37:51] Total items a enviar: 14
[2026-06-23 12:37:57] === INICIO DE PETICIÓN ===
[2026-06-23 12:37:57] POST data: Array
(
    [action] => guardar_previa
    [alumno_id] => 48475267
    [tipo_item] => materia
    [tipo_previa] => 1
    [id_materia] => 180
)

[2026-06-23 12:37:57] Sesión activa - DNI: 98989898
[2026-06-23 12:37:57] Rol: Admin
[2026-06-23 12:37:57] Conexión a BD exitosa
[2026-06-23 12:37:57] Action: guardar_previa
[2026-06-23 12:37:57] === PROCESANDO guardar_previa ===
[2026-06-23 12:37:57] alumno_id: 48475267
[2026-06-23 12:37:57] id_materia: 180
[2026-06-23 12:37:57] id_taller: NULL
[2026-06-23 12:37:57] tipo_item: materia
[2026-06-23 12:37:57] tipo_previa: 1
[2026-06-23 12:37:57] Query check: SELECT ID_previas FROM previas WHERE DNI_U = '48475267' AND ID_materia = '180' AND ID_taller IS NULL
[2026-06-23 12:37:57] Query insert: INSERT INTO previas (DNI_U, ID_materia, ID_taller, Aprobado, ID_tp) 
                  VALUES ('48475267', '180', NULL, 0, '1')
[2026-06-23 12:37:57] Previa guardada correctamente - filas afectadas: 1
[2026-06-23 12:37:59] === INICIO DE PETICIÓN ===
[2026-06-23 12:37:59] POST data: Array
(
    [action] => get_alumnos
    [curso_id] => 17
)

[2026-06-23 12:37:59] Sesión activa - DNI: 98989898
[2026-06-23 12:37:59] Rol: Admin
[2026-06-23 12:37:59] Conexión a BD exitosa
[2026-06-23 12:37:59] Action: get_alumnos
[2026-06-23 12:37:59] === PROCESANDO get_alumnos ===
[2026-06-23 12:37:59] Curso ID: 17
[2026-06-23 12:37:59] Query alumnos: SELECT u.DNI_U, u.Nombre, u.Apellido
              FROM usuario u
              WHERE u.id_curso = '17'
              AND u.ID_rol = 3
              AND u.ID_Estado = 1
              ORDER BY u.Apellido, u.Nombre
[2026-06-23 12:37:59] Alumnos encontrados: 27
[2026-06-23 12:38:03] === INICIO DE PETICIÓN ===
[2026-06-23 12:38:03] POST data: Array
(
    [action] => get_materias_y_talleres_por_anio
    [anio] => 4
)

[2026-06-23 12:38:03] Sesión activa - DNI: 98989898
[2026-06-23 12:38:03] Rol: Admin
[2026-06-23 12:38:03] Conexión a BD exitosa
[2026-06-23 12:38:03] Action: get_materias_y_talleres_por_anio
[2026-06-23 12:38:03] === PROCESANDO get_materias_y_talleres_por_anio ===
[2026-06-23 12:38:03] Año: 4
[2026-06-23 12:38:03] Query materias: SELECT DISTINCT m.ID_materia, m.Nom_materia
                       FROM materia m
                       INNER JOIN curso c ON m.id_curso = c.ID_curso
                       WHERE c.curso = '4'
                       AND c.division = 'A'
                       AND m.Nom_materia NOT LIKE '%Taller%'
                       AND m.Nom_materia NOT LIKE '%Tutorias%'
                       AND m.Nom_materia NOT LIKE '%Tutoría%'
                       ORDER BY m.Nom_materia
[2026-06-23 12:38:03] Materias encontradas: 14
[2026-06-23 12:38:03] Total items a enviar: 14
[2026-06-23 12:38:11] === INICIO DE PETICIÓN ===
[2026-06-23 12:38:11] POST data: Array
(
    [action] => guardar_previa
    [alumno_id] => 48475267
    [tipo_item] => materia
    [tipo_previa] => 1
    [id_materia] => 188
)

[2026-06-23 12:38:11] Sesión activa - DNI: 98989898
[2026-06-23 12:38:11] Rol: Admin
[2026-06-23 12:38:11] Conexión a BD exitosa
[2026-06-23 12:38:11] Action: guardar_previa
[2026-06-23 12:38:11] === PROCESANDO guardar_previa ===
[2026-06-23 12:38:11] alumno_id: 48475267
[2026-06-23 12:38:11] id_materia: 188
[2026-06-23 12:38:11] id_taller: NULL
[2026-06-23 12:38:11] tipo_item: materia
[2026-06-23 12:38:11] tipo_previa: 1
[2026-06-23 12:38:11] Query check: SELECT ID_previas FROM previas WHERE DNI_U = '48475267' AND ID_materia = '188' AND ID_taller IS NULL
[2026-06-23 12:38:11] Query insert: INSERT INTO previas (DNI_U, ID_materia, ID_taller, Aprobado, ID_tp) 
                  VALUES ('48475267', '188', NULL, 0, '1')
[2026-06-23 12:38:11] Previa guardada correctamente - filas afectadas: 1
[2026-06-23 12:39:13] === INICIO DE PETICIÓN ===
[2026-06-23 12:39:13] POST data: Array
(
    [action] => get_alumnos
    [curso_id] => 17
)

[2026-06-23 12:39:13] Sesión activa - DNI: 98989898
[2026-06-23 12:39:13] Rol: Admin
[2026-06-23 12:39:13] Conexión a BD exitosa
[2026-06-23 12:39:13] Action: get_alumnos
[2026-06-23 12:39:13] === PROCESANDO get_alumnos ===
[2026-06-23 12:39:13] Curso ID: 17
[2026-06-23 12:39:13] Query alumnos: SELECT u.DNI_U, u.Nombre, u.Apellido
              FROM usuario u
              WHERE u.id_curso = '17'
              AND u.ID_rol = 3
              AND u.ID_Estado = 1
              ORDER BY u.Apellido, u.Nombre
[2026-06-23 12:39:13] Alumnos encontrados: 27
[2026-06-23 12:39:16] === INICIO DE PETICIÓN ===
[2026-06-23 12:39:16] POST data: Array
(
    [action] => get_materias_y_talleres_por_anio
    [anio] => 3
)

[2026-06-23 12:39:16] Sesión activa - DNI: 98989898
[2026-06-23 12:39:16] Rol: Admin
[2026-06-23 12:39:16] Conexión a BD exitosa
[2026-06-23 12:39:16] Action: get_materias_y_talleres_por_anio
[2026-06-23 12:39:16] === PROCESANDO get_materias_y_talleres_por_anio ===
[2026-06-23 12:39:16] Año: 3
[2026-06-23 12:39:16] Query materias: SELECT DISTINCT m.ID_materia, m.Nom_materia
                       FROM materia m
                       INNER JOIN curso c ON m.id_curso = c.ID_curso
                       WHERE c.curso = '3'
                       AND c.division = 'A'
                       AND m.Nom_materia NOT LIKE '%Taller%'
                       AND m.Nom_materia NOT LIKE '%Tutorias%'
                       AND m.Nom_materia NOT LIKE '%Tutoría%'
                       ORDER BY m.Nom_materia
[2026-06-23 12:39:16] Materias encontradas: 14
[2026-06-23 12:39:16] Total items a enviar: 14
[2026-06-23 12:39:21] === INICIO DE PETICIÓN ===
[2026-06-23 12:39:21] POST data: Array
(
    [action] => guardar_previa
    [alumno_id] => 48475267
    [tipo_item] => materia
    [tipo_previa] => 1
    [id_materia] => 137
)

[2026-06-23 12:39:21] Sesión activa - DNI: 98989898
[2026-06-23 12:39:21] Rol: Admin
[2026-06-23 12:39:21] Conexión a BD exitosa
[2026-06-23 12:39:21] Action: guardar_previa
[2026-06-23 12:39:21] === PROCESANDO guardar_previa ===
[2026-06-23 12:39:21] alumno_id: 48475267
[2026-06-23 12:39:21] id_materia: 137
[2026-06-23 12:39:21] id_taller: NULL
[2026-06-23 12:39:21] tipo_item: materia
[2026-06-23 12:39:21] tipo_previa: 1
[2026-06-23 12:39:21] Query check: SELECT ID_previas FROM previas WHERE DNI_U = '48475267' AND ID_materia = '137' AND ID_taller IS NULL
[2026-06-23 12:39:21] Query insert: INSERT INTO previas (DNI_U, ID_materia, ID_taller, Aprobado, ID_tp) 
                  VALUES ('48475267', '137', NULL, 0, '1')
[2026-06-23 12:39:21] Previa guardada correctamente - filas afectadas: 1
[2026-07-07 09:56:32] === INICIO DE PETICIÓN ===
[2026-07-07 09:56:32] POST data: Array
(
    [action] => editar_previa
    [previa_id] => 626
    [tipo_previa] => 2
    [aprobado] => 1
)

[2026-07-07 09:56:32] Sesión activa - DNI: 31262891
[2026-07-07 09:56:32] Rol: Preceptor
[2026-07-07 09:56:32] Conexión a BD exitosa
[2026-07-07 09:56:32] Action: editar_previa
[2026-07-07 09:56:32] === editar_previa ===
[2026-07-07 09:56:32] previa_id: 626, tipo_previa: 2, aprobado: 1
[2026-07-07 09:56:32] Query: UPDATE previas SET ID_tp = '2', Aprobado = '1' WHERE ID_previas = '626'
[2026-07-08 10:03:39] === INICIO DE PETICIÓN ===
[2026-07-08 10:03:39] POST data: Array
(
    [action] => editar_previa
    [previa_id] => 620
    [tipo_previa] => 2
    [aprobado] => 1
)

[2026-07-08 10:03:39] Sesión activa - DNI: 31262891
[2026-07-08 10:03:39] Rol: Preceptor
[2026-07-08 10:03:39] Conexión a BD exitosa
[2026-07-08 10:03:39] Action: editar_previa
[2026-07-08 10:03:39] === editar_previa ===
[2026-07-08 10:03:39] previa_id: 620, tipo_previa: 2, aprobado: 1
[2026-07-08 10:03:39] Query: UPDATE previas SET ID_tp = '2', Aprobado = '1' WHERE ID_previas = '620'
[2026-08-04 10:09:58] === INICIO DE PETICIÓN ===
[2026-08-04 10:09:58] POST data: Array
(
    [action] => editar_previa
    [previa_id] => 302
    [tipo_previa] => 2
    [aprobado] => 1
)

[2026-08-04 10:09:58] Sesión activa - DNI: 32297737
[2026-08-04 10:09:58] Rol: Preceptor
[2026-08-04 10:09:58] Conexión a BD exitosa
[2026-08-04 10:09:58] Action: editar_previa
[2026-08-04 10:09:58] === editar_previa ===
[2026-08-04 10:09:58] previa_id: 302, tipo_previa: 2, aprobado: 1
[2026-08-04 10:09:58] Query: UPDATE previas SET ID_tp = '2', Aprobado = '1' WHERE ID_previas = '302'
